voltage_v,current_a,rpm,temp_c,ambient_temp_c
48.07,2.28,1437,30.0,28.0
47.98,2.53,1682,30.17,28.0
48.1,2.28,1534,30.3,28.0
48.23,1.53,1033,30.34,28.01
47.96,3.38,2267,30.64,28.01
47.96,2.46,1608,30.78,28.01
48.23,2.38,1552,30.9,28.01
48.11,3.52,2255,31.19,28.01
47.93,1.97,1349,31.27,28.02
48.08,1.88,1214,31.32,28.02
47.93,3.17,2048,31.54,28.02
47.93,1.97,1258,31.6,28.02
48.03,2.89,1912,31.78,28.02
47.71,1.95,1274,31.83,28.03
47.74,1.54,1008,31.84,28.03
47.91,2.55,1640,31.96,28.03
47.84,1.88,1214,32.0,28.03
48.04,2.99,1934,32.18,28.03
47.86,2.72,1842,32.33,28.04
47.78,3.38,2108,32.56,28.04
48.21,2.93,1927,32.72,28.04
47.96,1.94,1317,32.76,28.04
48.0,3.04,1885,32.92,28.04
47.78,2.99,1940,33.08,28.05
47.91,2.81,1873,33.22,28.05
48.01,3.12,1988,33.39,28.05
47.82,2.59,1698,33.49,28.05
48.05,2.38,1504,33.55,28.05
47.9,2.83,1844,33.67,28.06
47.95,2.09,1423,33.7,28.06
47.9,1.96,1361,33.72,28.06
48.27,2.78,1820,33.84,28.06
47.99,1.97,1217,33.84,28.06
47.83,1.7,1088,33.82,28.07
48.11,1.62,963,33.78,28.07
47.8,2.78,1794,33.89,28.07
48.02,2.25,1512,33.93,28.07
47.69,3.05,1912,34.07,28.07
47.79,2.14,1377,34.09,28.08
48.01,2.73,1733,34.19,28.08
48.1,2.37,1628,34.25,28.08
48.01,2.86,1881,34.36,28.08
47.97,4.69,3094,34.84,28.08
47.94,3.37,2208,35.02,28.09
47.76,4.48,2952,35.43,28.09
47.88,4.02,2668,35.74,28.09
47.91,4.47,2909,36.12,28.09
48.14,4.08,2628,36.4,28.09
48.03,3.52,2239,36.57,28.1
47.72,4.81,3200,37.03,28.1
48.03,3.73,2468,37.24,28.1
47.92,4.29,2680,37.52,28.1
47.88,4.58,2968,37.89,28.1
48.07,3.57,2340,38.04,28.11
48.13,4.23,2833,38.34,28.11
48.12,4.59,2931,38.68,28.11
47.85,4.83,3158,39.08,28.11
47.93,4.4,2839,39.37,28.11
48.03,3.91,2485,39.54,28.12
48.12,4.45,2963,39.85,28.12
47.91,4.38,2797,40.11,28.12
47.95,4.24,2803,40.35,28.12
47.81,4.52,2860,40.63,28.12
47.8,3.77,2426,40.75,28.13
48.1,3.47,2285,40.83,28.13
48.18,4.46,2938,41.11,28.13
47.96,4.57,2991,41.4,28.13
48.13,4.03,2668,41.57,28.13
48.03,4.71,3048,41.87,28.14
47.88,4.9,3200,42.22,28.14
48.03,4.68,3057,42.51,28.14
48.2,4.66,3067,42.8,28.14
47.97,4.57,2991,43.05,28.14
48.21,4.62,3026,43.31,28.15
47.58,4.35,2779,43.49,28.15
48.1,3.51,2234,43.5,28.15
47.98,3.64,2336,43.54,28.15
47.93,3.75,2461,43.6,28.15
47.98,3.61,2315,43.63,28.16
47.67,3.56,2301,43.65,28.16
47.94,4.63,3008,43.9,28.16
48.02,4.29,2860,44.08,28.16
48.19,3.92,2581,44.17,28.16
47.89,4.62,2931,44.38,28.17
47.85,3.22,2098,44.33,28.17
47.89,3.18,2053,44.27,28.17
48.11,3.44,2227,44.26,28.17
48.02,3.33,2162,44.23,28.17
47.89,3.82,2538,44.3,28.18
48.04,3.99,2555,44.38,28.18
47.98,3.67,2393,44.41,28.18
48.11,2.45,1604,44.25,28.18
47.86,4.06,2629,44.35,28.18
47.92,4.0,2567,44.44,28.19
47.91,3.59,2297,44.44,28.19
47.74,3.33,2145,44.41,28.19
48.01,2.76,1834,44.29,28.19
48.0,3.72,2401,44.33,28.19
47.96,4.09,2652,44.44,28.2
47.93,3.64,2311,44.45,28.2
47.75,3.54,2275,44.45,28.2
47.9,2.47,1616,44.28,28.2
47.91,2.99,1863,44.18,28.2
47.84,3.63,2409,44.22,28.21
47.94,2.19,1397,44.02,28.21
48.02,3.41,2307,44.03,28.21
48.24,3.72,2437,44.08,28.21
47.99,2.81,1733,43.95,28.21
48.0,2.37,1554,43.79,28.22
47.95,3.82,2468,43.86,28.22
47.67,2.51,1643,43.71,28.22
47.95,3.0,2029,43.65,28.22
47.97,3.59,2366,43.69,28.22
48.33,3.76,2433,43.75,28.23
47.93,3.72,2351,43.79,28.23
48.0,3.34,2213,43.78,28.23
47.95,3.16,2079,43.74,28.23
47.78,3.88,2579,43.84,28.23
48.13,3.44,2231,43.83,28.24
48.07,3.23,2113,43.8,28.24
48.07,2.7,1743,43.68,28.24
47.82,3.26,2122,43.65,28.24
48.16,2.36,1460,43.48,28.24
47.74,1.92,1261,43.27,28.25
48.04,3.35,2200,43.27,28.25
48.28,1.67,1063,43.04,28.25
47.8,1.68,1123,42.82,28.25
47.87,1.67,1130,42.6,28.25
47.97,3.1,2082,42.58,28.26
47.88,1.56,966,42.35,28.26
47.72,3.31,2182,42.37,28.26
47.96,2.3,1563,42.24,28.26
47.79,1.38,878,42.0,28.26
48.02,2.41,1638,41.89,28.27
47.81,2.07,1308,41.73,28.27
48.18,2.8,1822,41.67,28.27
47.83,2.92,1809,41.62,28.27
47.9,2.44,1494,41.5,28.27
48.07,1.6,962,41.29,28.28
47.76,2.85,1922,41.27,28.28
47.98,3.17,2019,41.27,28.28
48.14,3.08,1961,41.26,28.28
47.71,3.18,2086,41.28,28.28
47.97,1.93,1218,41.11,28.29
47.98,3.26,2180,41.16,28.29
48.06,2.14,1483,41.04,28.29
47.76,1.65,961,40.84,28.29
47.75,3.2,2107,40.87,28.29
48.02,3.4,2107,40.91,28.3
47.99,2.83,1771,40.87,28.3
47.98,1.93,1276,40.72,28.3
48.0,1.86,1164,40.56,28.3
47.84,2.59,1697,40.5,28.3
47.98,3.4,2213,40.57,28.31
47.99,1.92,1168,40.42,28.31
47.83,3.04,2012,40.44,28.31
48.22,2.23,1463,40.33,28.31
48.01,3.31,2156,40.39,28.31
47.76,3.45,2207,40.46,28.32
48.04,2.52,1657,40.4,28.32
47.79,2.31,1437,40.3,28.32
48.06,3.02,1912,40.3,28.32
48.11,3.98,2602,40.48,28.32
47.82,3.92,2602,40.66,28.33
48.08,4.62,2979,40.97,28.33
48.0,4.22,2763,41.19,28.33
48.06,4.25,2775,41.41,28.33
48.22,3.78,2475,41.53,28.33
47.9,3.97,2545,41.68,28.34
47.82,4.68,3033,41.98,28.34
47.8,4.28,2781,42.19,28.34
47.81,3.91,2614,42.33,28.34
47.92,3.62,2299,42.39,28.34
47.99,3.96,2505,42.5,28.35
47.98,4.21,2884,42.72,28.35
48.06,3.61,2359,42.78,28.35
47.94,4.26,2798,42.97,28.35
48.15,4.27,2808,43.16,28.35
47.89,4.56,3003,43.42,28.36
48.34,3.53,2340,43.45,28.36
48.03,4.44,2924,43.67,28.36
47.8,4.29,2844,43.86,28.36
47.77,4.04,2633,43.98,28.36
48.0,4.97,3200,44.29,28.37
47.9,3.76,2539,44.36,28.37
48.04,4.26,2782,44.52,28.37
48.0,3.77,2475,44.57,28.37
47.92,4.22,2712,44.7,28.37
47.8,4.19,2713,44.83,28.38
47.7,3.7,2422,44.86,28.38
47.86,4.39,2836,45.03,28.38
48.06,4.42,2880,45.2,28.38
47.96,4.71,3081,45.44,28.38
47.74,3.54,2376,45.44,28.39
47.95,3.98,2545,45.5,28.39
47.98,4.41,2890,45.66,28.39
47.79,3.88,2489,45.7,28.39
47.95,4.45,2932,45.88,28.39
47.93,3.64,2406,45.88,28.4
47.75,4.02,2697,45.97,28.4
47.98,4.69,3029,46.17,28.4
48.01,4.65,3031,46.38,28.4
48.09,4.26,2807,46.49,28.4
48.08,4.59,3018,46.68,28.41
47.72,3.97,2455,46.69,28.41
47.78,3.22,2059,46.59,28.41
48.0,3.72,2444,46.59,28.41
48.0,3.11,2013,46.47,28.41
48.0,2.92,1942,46.34,28.42
48.5,4.0,2655,46.41,28.42
48.01,3.98,2575,46.45,28.42
48.09,2.44,1614,46.25,28.42
48.06,3.22,2167,46.17,28.42
48.02,3.6,2388,46.17,28.43
47.87,2.48,1576,45.96,28.43
48.03,4.07,2638,46.04,28.43
47.8,3.23,2099,45.96,28.43
47.88,3.42,2177,45.9,28.43
47.85,2.59,1740,45.74,28.44
47.93,2.76,1762,45.58,28.44
48.26,2.37,1535,45.38,28.44
47.64,2.83,1894,45.26,28.44
48.02,3.36,2158,45.22,28.44
47.67,3.87,2500,45.27,28.45
47.85,3.3,2160,45.22,28.45
48.08,2.58,1656,45.05,28.45
47.92,2.36,1613,44.88,28.45
47.75,3.49,2223,44.86,28.45
47.81,3.01,1840,44.75,28.46
48.02,4.09,2703,44.87,28.46
47.8,3.94,2546,44.94,28.46
47.95,3.86,2465,44.99,28.46
47.92,2.13,1405,44.78,28.46
47.81,3.84,2518,44.84,28.46
48.23,2.61,1660,44.69,28.47
48.01,3.38,2255,44.67,28.47
47.61,3.19,2118,44.63,28.47
47.94,3.08,2102,44.57,28.47
47.81,2.29,1463,44.38,28.47
48.04,3.25,2121,44.34,28.48
47.79,2.96,1935,44.26,28.48
47.89,2.55,1641,44.11,28.48
47.98,3.27,2148,44.09,28.48
48.04,1.89,1250,43.87,28.48
47.73,2.74,1807,43.76,28.49
47.86,2.07,1327,43.57,28.49
47.84,2.77,1787,43.47,28.49
47.81,2.92,1866,43.39,28.49
48.17,2.99,1903,43.32,28.49
47.97,3.24,2104,43.3,28.5
47.72,3.3,2218,43.31,28.5
48.04,1.72,1218,43.1,28.5
48.22,2.21,1505,42.95,28.5
48.06,2.82,1807,42.87,28.5
47.68,2.39,1576,42.74,28.51
47.83,1.76,1043,42.52,28.51
48.09,2.64,1711,42.43,28.51
47.8,2.36,1518,42.3,28.51
47.97,2.39,1647,42.19,28.51
48.02,3.18,2077,42.19,28.52
47.76,2.42,1576,42.08,28.52
47.89,1.54,997,41.86,28.52
47.42,1.69,1086,41.67,28.52
47.75,3.11,2050,41.67,28.52
47.86,3.42,2187,41.72,28.53
47.71,2.69,1778,41.66,28.53
48.15,2.23,1522,41.54,28.53
47.69,3.5,2280,41.61,28.53
47.83,2.83,1825,41.56,28.53
47.92,3.26,2116,41.59,28.54
48.11,3.06,2048,41.59,28.54
47.68,2.2,1438,41.46,28.54
48.07,2.44,1555,41.36,28.54
47.9,1.99,1334,41.22,28.54
47.75,2.16,1366,41.09,28.55
47.97,2.99,1935,41.08,28.55
47.93,3.15,2058,41.1,28.55
47.81,2.97,1890,41.08,28.55
47.91,2.37,1453,40.98,28.55
47.84,1.66,1098,40.8,28.56
47.91,1.47,845,40.6,28.56
47.99,2.35,1483,40.51,28.56
48.13,3.62,2389,40.63,28.56
47.71,4.04,2647,40.83,28.56
48.21,3.95,2557,40.99,28.57
47.6,4.63,2963,41.29,28.57
47.87,3.79,2444,41.42,28.57
47.98,4.28,2809,41.65,28.57
47.93,3.65,2368,41.74,28.57
47.8,4.88,3109,42.08,28.58
47.86,4.1,2618,42.24,28.58
47.82,4.33,2794,42.46,28.58
47.8,3.99,2609,42.6,28.58
48.02,4.08,2656,42.76,28.58
47.94,3.76,2381,42.84,28.59
47.79,4.18,2785,43.03,28.59
48.02,4.72,3030,43.31,28.59
47.93,4.0,2624,43.44,28.59
48.01,4.93,3154,43.75,28.59
47.98,3.48,2388,43.8,28.6
47.76,4.6,3054,44.05,28.6
47.8,4.09,2617,44.17,28.6
48.0,3.84,2502,44.25,28.6
47.98,4.1,2615,44.36,28.6
47.88,4.39,2833,44.54,28.61
47.9,4.37,2863,44.73,28.61
48.08,4.11,2711,44.85,28.61
47.8,4.15,2634,44.96,28.61
47.97,3.64,2332,44.97,28.61
47.85,4.03,2666,45.08,28.62
47.85,3.99,2661,45.18,28.62
48.05,4.2,2693,45.3,28.62
48.01,4.25,2811,45.44,28.62
48.0,4.5,2865,45.62,28.62
48.08,4.53,2931,45.8,28.63
47.89,3.84,2441,45.83,28.63
47.98,4.65,3005,46.04,28.63
47.83,3.46,2347,46.02,28.63
47.93,4.55,2952,46.2,28.63
47.86,3.7,2393,46.21,28.64
47.89,4.39,2824,46.34,28.64
47.97,4.21,2721,46.44,28.64
47.76,4.1,2624,46.51,28.64
48.19,4.38,2856,46.65,28.64
47.73,3.56,2312,46.62,28.65
47.7,2.51,1610,46.42,28.65
48.05,3.25,2085,46.33,28.65
48.0,2.89,1887,46.19,28.65
47.97,2.62,1669,46.02,28.65
47.97,3.91,2527,46.06,28.66
47.87,3.07,1975,45.96,28.66
47.74,2.76,1681,45.79,28.66
47.89,4.28,2825,45.93,28.66
47.77,2.62,1609,45.75,28.66
48.02,3.8,2378,45.76,28.66
47.85,3.48,2310,45.75,28.67
47.75,3.97,2528,45.8,28.67
47.83,3.89,2425,45.83,28.67
47.94,3.74,2498,45.87,28.67
47.79,2.82,1801,45.73,28.67
47.75,3.24,2164,45.67,28.68
47.91,4.11,2629,45.76,28.68
47.91,2.24,1372,45.53,28.68
47.8,3.78,2444,45.57,28.68
47.8,2.6,1632,45.39,28.68
47.91,2.57,1690,45.24,28.69
47.65,2.73,1808,45.1,28.69
47.66,2.35,1573,44.93,28.69
47.76,4.2,2716,45.06,28.69
47.84,4.01,2677,45.16,28.69
47.92,3.26,2074,45.11,28.7
48.09,3.63,2367,45.12,28.7
48.0,3.39,2194,45.1,28.7
47.84,3.84,2593,45.17,28.7
47.86,3.87,2573,45.25,28.7
47.72,2.71,1765,45.11,28.71
47.86,3.12,2035,45.04,28.71
47.82,3.44,2314,45.04,28.71
47.91,4.17,2674,45.15,28.71
47.74,3.58,2227,45.14,28.71
47.94,1.65,1023,44.87,28.72
48.09,3.22,2072,44.82,28.72
47.85,3.18,2134,44.77,28.72
47.92,1.81,1225,44.54,28.72
47.97,2.13,1384,44.34,28.72
47.8,3.71,2436,44.39,28.73
47.9,2.61,1659,44.25,28.73
47.86,3.23,2205,44.24,28.73
47.88,2.01,1365,44.04,28.73
47.75,1.93,1255,43.83,28.73
47.86,3.05,1982,43.77,28.74
47.94,2.91,1929,43.7,28.74
48.08,2.7,1755,43.6,28.74
48.0,2.62,1614,43.47,28.74
48.18,2.59,1758,43.37,28.74
47.74,2.79,1869,43.29,28.75
47.99,2.15,1417,43.13,28.75
47.89,1.99,1276,42.94,28.75
48.19,3.46,2248,42.98,28.75
47.74,2.18,1284,42.8,28.75
47.73,2.46,1541,42.68,28.76
47.77,3.04,2064,42.66,28.76
47.54,3.42,2252,42.7,28.76
47.78,2.3,1398,42.55,28.76
47.74,2.18,1373,42.4,28.76
47.88,3.1,1918,42.37,28.77
47.91,3.04,1935,42.34,28.77
48.14,3.04,1970,42.31,28.77
48.0,2.54,1733,42.23,28.77
47.77,2.02,1355,42.08,28.77
47.72,2.74,1769,42.01,28.78
47.93,3.07,1982,42.0,28.78
47.65,3.29,2102,42.02,28.78
48.13,1.93,1311,41.86,28.78
48.03,2.18,1477,41.74,28.78
47.78,2.33,1446,41.62,28.78
47.59,3.53,2207,41.68,28.79
48.05,2.94,1895,41.66,28.79
47.83,2.22,1433,41.53,28.79
48.04,1.7,1118,41.36,28.79
47.61,2.55,1573,41.27,28.79
47.76,1.86,1173,41.11,28.8
47.85,4.63,3005,41.42,28.8
47.86,4.75,3047,41.75,28.8
47.78,4.02,2657,41.93,28.8
47.94,4.05,2728,42.12,28.8
47.69,4.55,2934,42.39,28.81
47.83,4.0,2643,42.55,28.81
47.87,3.65,2354,42.62,28.81
47.92,3.74,2388,42.71,28.81
47.95,4.0,2562,42.85,28.81
47.68,3.5,2314,42.9,28.82
47.62,4.06,2608,43.05,28.82
48.04,4.63,2986,43.31,28.82
47.89,4.23,2692,43.48,28.82
47.73,3.65,2405,43.54,28.82
48.08,4.18,2740,43.71,28.83
47.86,4.48,2987,43.95,28.83
48.02,3.76,2475,44.03,28.83
47.85,3.37,2210,44.03,28.83
48.15,3.88,2552,44.13,28.83
48.11,3.68,2381,44.18,28.84
47.8,4.58,2981,44.41,28.84
47.99,4.27,2820,44.59,28.84
47.94,3.89,2487,44.66,28.84
48.05,4.61,3084,44.91,28.84
47.7,4.08,2682,45.03,28.85
47.94,3.62,2455,45.07,28.85
48.0,3.86,2449,45.13,28.85
47.58,4.15,2641,45.24,28.85
47.66,3.58,2347,45.25,28.85
47.53,3.86,2517,45.31,28.86
47.8,3.68,2370,45.33,28.86
47.95,3.74,2368,45.36,28.86
48.06,4.32,2794,45.51,28.86
47.85,4.48,2923,45.69,28.86
48.08,4.5,2858,45.86,28.87
47.63,4.44,2867,46.03,28.87
47.58,4.74,3102,46.27,28.87
47.83,3.53,2335,46.25,28.87
47.89,3.65,2359,46.25,28.87
47.83,4.0,2559,46.31,28.87
47.52,3.96,2581,46.37,28.88
47.82,3.96,2561,46.42,28.88
47.64,2.41,1490,46.21,28.88
47.93,2.31,1476,45.99,28.88
47.89,3.68,2362,46.0,28.88
47.69,3.84,2494,46.04,28.89
47.75,3.72,2383,46.05,28.89
47.67,3.27,2095,45.98,28.89
47.82,2.83,1828,45.84,28.89
47.97,2.11,1401,45.62,28.89
47.68,3.25,2117,45.56,28.9
47.91,3.18,2203,45.52,28.9
47.75,2.82,1768,45.38,28.9
47.71,3.39,2250,45.37,28.9
47.81,3.5,2271,45.36,28.9
47.67,3.51,2211,45.34,28.91
47.75,2.79,1792,45.21,28.91
47.65,3.37,2117,45.17,28.91
48.12,2.51,1633,45.01,28.91
47.83,2.43,1561,44.84,28.91
47.72,3.83,2452,44.9,28.92
47.86,3.65,2317,44.91,28.92
47.81,3.82,2531,44.99,28.92
47.79,2.52,1628,44.83,28.92
47.92,3.99,2604,44.93,28.92
47.94,2.41,1576,44.76,28.93
47.74,3.83,2498,44.83,28.93
47.74,2.86,1846,44.73,28.93
47.78,2.35,1604,44.57,28.93
47.48,2.93,2019,44.5,28.93
47.6,2.46,1670,44.36,28.94
48.03,3.29,2136,44.34,28.94
48.07,4.07,2645,44.46,28.94
47.78,2.84,1897,44.38,28.94
47.91,3.46,2214,44.38,28.94
47.87,3.84,2583,44.47,28.94
48.28,3.38,2237,44.47,28.95
47.99,2.8,1806,44.37,28.95
47.8,1.5,990,44.11,28.95
47.68,2.92,1932,44.04,28.95
47.58,2.36,1509,43.88,28.95
47.85,2.92,1948,43.82,28.96
47.71,2.07,1406,43.64,28.96
47.6,1.61,1032,43.41,28.96
47.72,3.12,2001,43.38,28.96
47.66,1.81,1168,43.17,28.96
48.07,3.32,2101,43.17,28.97
47.95,1.55,924,42.94,28.97
47.82,2.46,1576,42.82,28.97
48.04,2.99,1894,42.77,28.97
47.83,2.17,1501,42.64,28.97
47.69,1.91,1219,42.46,28.98
48.04,3.01,1981,42.44,28.98
47.9,3.07,1966,42.42,28.98
47.66,3.33,2254,42.46,28.98
47.79,2.16,1393,42.32,28.98
47.68,2.55,1593,42.22,28.99
47.61,2.22,1478,42.09,28.99
47.95,2.01,1319,41.94,28.99
48.1,2.89,1941,41.92,28.99
47.6,2.24,1450,41.8,28.99
47.9,2.26,1475,41.69,29.0
47.71,2.47,1529,41.59,29.0
47.74,2.81,1867,41.56,29.0
47.72,3.41,2221,41.62,29.0
47.68,2.64,1712,41.56,29.0
47.82,2.22,1430,41.44,29.01
47.68,3.0,1938,41.44,29.01
47.85,2.56,1704,41.38,29.01
47.8,1.69,1055,41.2,29.01
47.77,1.69,1135,41.04,29.01
47.67,1.72,1035,40.87,29.01
47.72,2.4,1462,40.78,29.02
47.92,3.18,2135,40.83,29.02
47.88,2.1,1313,40.71,29.02
47.66,2.18,1423,40.61,29.02
47.82,3.28,2117,40.67,29.02
47.92,3.05,2002,40.7,29.03
47.55,2.87,1867,40.69,29.03
47.89,2.0,1354,40.58,29.03
47.7,4.57,2897,40.88,29.03
47.89,4.42,2907,41.16,29.03
47.69,4.29,2789,41.41,29.04
47.53,4.07,2566,41.58,29.04
47.56,3.94,2537,41.74,29.04
47.81,3.9,2458,41.87,29.04
47.84,4.53,2858,42.13,29.04
47.67,4.38,2823,42.37,29.05
47.9,4.2,2788,42.58,29.05
47.55,3.83,2506,42.7,29.05
47.79,3.48,2328,42.76,29.05
47.62,3.67,2392,42.85,29.05
47.7,4.23,2826,43.06,29.06
47.81,4.25,2832,43.27,29.06
47.67,4.02,2564,43.4,29.06
47.74,4.68,3043,43.68,29.06
47.95,4.25,2728,43.85,29.06
47.71,3.99,2587,43.98,29.06
47.92,3.61,2429,44.04,29.07
47.63,4.53,2911,44.26,29.07
47.88,4.25,2702,44.42,29.07
48.01,3.71,2355,44.46,29.07
47.43,4.38,2824,44.65,29.07
47.68,4.11,2856,44.82,29.08
47.88,4.59,3057,45.07,29.08
47.76,4.78,2963,45.3,29.08
47.85,4.26,2768,45.45,29.08
47.7,4.47,2872,45.63,29.08
47.81,3.58,2374,45.64,29.09
47.77,4.18,2661,45.75,29.09
47.97,4.58,2927,45.95,29.09
47.83,4.24,2731,46.07,29.09
47.84,4.39,2820,46.22,29.09
47.73,4.59,3018,46.43,29.1
47.72,3.79,2448,46.45,29.1
47.73,3.74,2479,46.48,29.1
47.85,4.55,2916,46.66,29.1
47.73,4.42,2916,46.82,29.1
47.83,4.61,2936,46.99,29.11
48.1,4.32,2836,47.12,29.11
47.92,4.74,3057,47.33,29.11
47.74,4.19,2768,47.43,29.11
47.97,3.47,2136,47.35,29.11
47.73,3.56,2275,47.31,29.12
47.48,4.12,2739,47.4,29.12
47.64,2.59,1675,47.2,29.12
47.51,2.88,1789,47.04,29.12
47.73,2.31,1466,46.81,29.12
47.79,3.27,2147,46.74,29.12
48.04,2.24,1413,46.51,29.13
47.83,2.6,1745,46.34,29.13
47.75,3.19,2125,46.27,29.13
47.91,4.03,2653,46.36,29.13
47.45,4.15,2752,46.47,29.13
47.82,3.87,2488,46.51,29.14
47.9,2.96,2000,46.4,29.14
47.56,4.09,2714,46.5,29.14
47.95,3.98,2583,46.57,29.14
47.83,4.12,2594,46.64,29.14
47.72,3.24,1991,46.54,29.15
47.88,2.67,1783,46.39,29.15
48.12,2.43,1499,46.18,29.15
47.81,3.99,2550,46.25,29.15
47.82,2.5,1649,46.07,29.15
47.71,2.74,1718,45.92,29.16
47.65,3.01,2080,45.84,29.16
47.9,2.32,1521,45.65,29.16
47.65,3.87,2590,45.73,29.16
47.79,2.78,1860,45.61,29.16
47.71,2.39,1427,45.41,29.16
47.85,4.24,2791,45.56,29.17
47.83,2.8,1818,45.43,29.17
47.93,3.92,2544,45.51,29.17
47.7,3.23,2100,45.46,29.17
47.74,3.4,2266,45.45,29.17
47.63,2.76,1876,45.33,29.18
47.71,3.43,2167,45.31,29.18
47.83,2.77,1804,45.19,29.18
47.89,3.28,2202,45.17,29.18
47.64,2.47,1598,45.0,29.18
47.9,3.33,2178,44.98,29.19
47.98,3.22,2103,44.94,29.19
47.84,2.66,1838,44.83,29.19
48.05,3.44,2271,44.84,29.19
47.66,2.31,1603,44.68,29.19
47.59,2.04,1410,44.49,29.2
47.51,1.35,864,44.22,29.2
48.0,2.84,1862,44.14,29.2
47.87,2.95,2020,44.09,29.2
47.76,3.06,1931,44.03,29.2
47.81,1.85,1240,43.83,29.2
47.6,2.37,1579,43.69,29.21
48.14,2.05,1319,43.51,29.21
47.79,2.87,1849,43.44,29.21
47.79,1.77,1139,43.24,29.21
47.88,3.27,2162,43.25,29.21
47.84,1.95,1339,43.08,29.22
47.8,2.01,1340,42.91,29.22
47.65,3.37,2128,42.93,29.22
47.84,2.43,1654,42.83,29.22
48.05,1.43,990,42.61,29.22
47.97,2.53,1632,42.52,29.23
48.0,1.81,1146,42.33,29.23
47.69,3.58,2279,42.4,29.23
47.62,2.6,1744,42.33,29.23
47.75,1.9,1142,42.16,29.23
47.77,2.77,1856,42.12,29.24
47.93,1.49,947,41.91,29.24
47.51,3.14,2053,41.93,29.24
47.99,3.29,1970,41.94,29.24
47.74,3.38,2108,41.98,29.24
47.7,2.08,1317,41.84,29.24
47.61,2.07,1301,41.7,29.25
47.51,1.63,1099,41.52,29.25
47.88,2.88,1889,41.51,29.25
47.77,2.71,1855,41.48,29.25
47.57,2.47,1629,41.41,29.25
47.57,3.35,2145,41.46,29.26
47.71,1.94,1323,41.33,29.26
48.01,1.38,875,41.13,29.26
47.72,3.63,2333,41.25,29.26
47.53,4.09,2661,41.45,29.26
47.72,3.53,2373,41.56,29.27
47.72,4.41,2920,41.84,29.27
47.35,4.86,3200,42.21,29.27
47.75,4.58,3074,42.52,29.27
47.72,3.89,2580,42.67,29.27
47.86,3.89,2470,42.79,29.28
48.03,3.6,2364,42.87,29.28
47.92,4.04,2708,43.05,29.28
47.72,3.78,2378,43.14,29.28
47.59,4.09,2658,43.3,29.28
48.14,4.53,2892,43.54,29.28
47.76,4.6,2996,43.81,29.29
47.76,3.64,2424,43.88,29.29
47.75,3.98,2655,44.02,29.29
47.78,3.91,2532,44.13,29.29
47.73,3.49,2300,44.16,29.29
47.67,3.81,2404,44.23,29.3
47.67,3.97,2491,44.33,29.3
47.75,4.21,2796,44.5,29.3
47.67,4.51,2780,44.69,29.3
47.64,3.88,2490,44.77,29.3
47.77,4.42,2909,44.98,29.31
47.71,3.73,2434,45.03,29.31
47.98,4.71,2919,45.26,29.31
47.35,3.78,2486,45.32,29.31
47.91,3.71,2369,45.35,29.31
47.94,3.65,2378,45.38,29.32
47.44,3.99,2560,45.47,29.32
47.7,4.26,2737,45.61,29.32
47.69,4.73,2982,45.84,29.32
47.54,4.56,2947,46.04,29.32
47.63,3.8,2529,46.09,29.32
47.58,4.25,2740,46.22,29.33
48.01,4.25,2743,46.35,29.33
47.89,4.72,3034,46.57,29.33
47.94,4.36,2769,46.7,29.33
47.85,4.25,2714,46.81,29.33
47.58,4.33,2824,46.95,29.34
47.67,4.41,2992,47.13,29.34
47.82,3.71,2461,47.14,29.34
47.56,3.41,2248,47.09,29.34
47.85,3.63,2456,47.1,29.34
47.71,2.98,1958,46.98,29.35
47.69,2.28,1535,46.76,29.35
47.85,2.71,1771,46.61,29.35
47.81,2.41,1591,46.41,29.35
47.69,3.56,2240,46.39,29.35
47.91,2.8,1803,46.25,29.35
47.58,3.13,2004,46.16,29.36
47.83,3.01,1924,46.06,29.36
47.83,2.49,1585,45.88,29.36
47.69,4.01,2680,45.98,29.36
47.79,4.06,2619,46.08,29.36
47.55,2.48,1608,45.9,29.37
47.88,3.81,2592,45.97,29.37
47.71,3.07,2033,45.9,29.37
47.66,3.81,2477,45.95,29.37
47.89,2.54,1701,45.79,29.37
47.63,2.39,1518,45.6,29.38
47.53,3.96,2552,45.68,29.38
47.5,3.98,2567,45.77,29.38
47.83,3.13,2049,45.7,29.38
47.54,4.0,2627,45.8,29.38
48.0,3.49,2224,45.78,29.38
47.42,2.64,1736,45.64,29.39
47.99,2.8,1853,45.52,29.39
47.77,2.64,1692,45.38,29.39
47.72,3.92,2538,45.46,29.39
47.65,4.08,2598,45.56,29.39
47.79,3.17,1985,45.49,29.4
47.73,3.61,2289,45.5,29.4
47.9,3.72,2453,45.55,29.4
47.75,2.7,1784,45.42,29.4
47.75,2.81,1921,45.32,29.4
47.68,3.01,1959,45.25,29.41
47.72,3.35,2183,45.23,29.41
47.78,3.05,1999,45.16,29.41
47.47,2.34,1470,44.98,29.41
47.53,2.57,1713,44.85,29.41
47.84,1.49,990,44.59,29.41
47.75,2.56,1616,44.46,29.42
47.7,3.07,2016,44.41,29.42
47.73,2.7,1792,44.31,29.42
47.78,2.09,1292,44.12,29.42
47.65,2.91,1945,44.06,29.42
47.61,2.07,1326,43.88,29.43
47.76,2.72,1612,43.76,29.43
47.58,2.41,1616,43.64,29.43
47.79,2.21,1500,43.5,29.43
47.47,2.96,1871,43.44,29.43
47.88,3.23,2019,43.43,29.44
47.8,1.55,1072,43.21,29.44
47.76,3.42,2193,43.25,29.44
47.87,2.45,1658,43.14,29.44
47.97,2.88,1784,43.08,29.44
47.88,3.2,2148,43.09,29.44
47.45,2.53,1698,43.0,29.45
47.53,3.12,2057,43.0,29.45
47.63,1.8,1073,42.8,29.45
47.73,1.72,1097,42.61,29.45
47.8,2.72,1821,42.56,29.45
47.61,3.11,1934,42.54,29.46
47.75,3.21,2063,42.55,29.46
47.61,2.95,1935,42.53,29.46
47.63,2.62,1645,42.45,29.46
47.51,2.29,1554,42.34,29.46
47.58,3.36,2242,42.4,29.47
47.52,1.94,1276,42.24,29.47
47.57,3.02,1985,42.24,29.47
47.88,2.75,1760,42.19,29.47
47.57,2.67,1764,42.13,29.47
48.11,2.3,1463,42.02,29.47
47.79,3.27,2117,42.06,29.48
47.74,2.65,1695,42.0,29.48
47.59,3.36,2258,42.07,29.48
47.82,1.31,909,41.86,29.48
47.63,2.54,1602,41.78,29.48
47.73,2.82,1902,41.77,29.49
48.1,3.39,2162,41.82,29.49
47.7,3.57,2413,41.94,29.49
47.89,4.52,3017,42.25,29.49
47.61,3.78,2565,42.39,29.49
47.71,4.47,2917,42.66,29.49
47.98,4.37,2828,42.9,29.5
47.62,3.98,2573,43.05,29.5
47.98,4.17,2727,43.24,29.5
47.82,4.18,2665,43.41,29.5
47.63,4.66,2908,43.67,29.5
47.81,3.96,2554,43.79,29.51
47.86,3.64,2370,43.86,29.51
47.8,4.15,2724,44.03,29.51
47.47,4.27,2793,44.22,29.51
47.6,4.44,2896,44.44,29.51
47.67,4.86,3200,44.76,29.52
47.7,4.53,2899,44.98,29.52
47.8,3.93,2524,45.07,29.52
47.73,3.99,2701,45.2,29.52
47.51,4.7,2899,45.42,29.52
47.76,4.5,2982,45.64,29.52
47.8,3.79,2489,45.7,29.53
47.79,3.97,2578,45.79,29.53
47.87,4.56,3009,46.01,29.53
47.83,4.02,2648,46.11,29.53
47.77,4.3,2725,46.24,29.53
47.69,4.79,3066,46.48,29.54
47.45,4.57,2944,46.68,29.54
47.77,3.82,2375,46.69,29.54
47.73,3.86,2510,46.74,29.54
47.74,4.0,2631,46.82,29.54
47.51,4.67,3091,47.04,29.54
47.54,4.82,3135,47.29,29.55
47.86,4.43,2843,47.43,29.55
47.7,4.01,2617,47.49,29.55
47.8,3.52,2281,47.45,29.55
47.7,4.41,2904,47.61,29.55
47.7,3.95,2563,47.65,29.56
47.84,4.25,2805,47.76,29.56
47.62,4.34,2811,47.88,29.56
47.71,4.17,2775,47.97,29.56
47.63,4.92,3200,48.22,29.56
47.63,3.34,2143,48.13,29.57
47.65,3.53,2276,48.08,29.57
47.73,3.52,2322,48.04,29.57
47.63,2.51,1567,47.82,29.57
47.89,2.14,1387,47.57,29.57
47.56,4.32,2860,47.7,29.57
47.67,2.87,1891,47.55,29.58
47.63,3.41,2162,47.49,29.58
47.91,3.98,2603,47.54,29.58
47.72,2.94,1844,47.39,29.58
47.85,3.28,2141,47.32,29.58
47.47,2.5,1695,47.14,29.59
47.73,4.09,2663,47.22,29.59
47.83,2.35,1474,47.0,29.59
47.71,3.38,2186,46.95,29.59
47.85,3.43,2241,46.91,29.59
47.61,3.77,2504,46.94,29.59
47.9,2.58,1734,46.78,29.6
48.04,2.89,1824,46.64,29.6
47.64,2.85,1836,46.51,29.6
47.62,2.88,1890,46.39,29.6
47.91,3.83,2458,46.43,29.6
47.93,2.16,1429,46.22,29.61
47.61,3.74,2361,46.24,29.61
47.63,3.91,2552,46.3,29.61
47.65,3.77,2502,46.35,29.61
47.49,3.42,2227,46.32,29.61
47.55,2.78,1814,46.19,29.61
47.54,3.12,2071,46.13,29.62
47.57,4.28,2758,46.26,29.62
47.68,3.9,2567,46.34,29.62
47.72,3.02,1960,46.24,29.62
47.92,4.1,2618,46.33,29.62
47.54,3.73,2470,46.37,29.63
47.83,3.98,2657,46.47,29.63
47.65,3.53,2354,46.47,29.63
47.68,2.09,1402,46.25,29.63
47.79,1.68,1120,45.98,29.63
47.52,3.07,2016,45.91,29.63
47.74,1.8,1167,45.66,29.64
47.71,2.64,1683,45.52,29.64
47.76,1.95,1167,45.28,29.64
47.73,1.96,1194,45.06,29.64
48.05,3.41,2214,45.06,29.64
47.59,2.91,1829,44.96,29.65
47.6,3.03,1993,44.91,29.65
47.59,2.76,1880,44.82,29.65
47.6,3.17,1899,44.75,29.65
47.58,2.82,1786,44.66,29.65
47.86,3.36,2295,44.68,29.65
47.89,2.06,1381,44.49,29.66
47.59,2.81,1818,44.41,29.66
47.55,2.9,1857,44.33,29.66
47.75,2.19,1455,44.17,29.66
47.6,3.2,2131,44.16,29.66
47.77,3.55,2241,44.19,29.67
47.71,2.54,1723,44.09,29.67
47.45,2.37,1563,43.95,29.67
47.91,2.42,1620,43.83,29.67
47.95,3.07,2044,43.81,29.67
47.58,2.84,1863,43.75,29.67
47.62,1.61,1072,43.53,29.68
47.72,2.61,1724,43.44,29.68
47.73,1.4,890,43.21,29.68
47.77,2.99,1978,43.19,29.68
47.98,2.06,1328,43.03,29.68
47.65,2.48,1615,42.93,29.69
47.55,3.14,2120,42.95,29.69
47.47,1.59,1031,42.75,29.69
47.56,1.91,1265,42.59,29.69
47.67,2.44,1581,42.49,29.69
47.94,2.0,1279,42.34,29.69
47.59,2.24,1554,42.24,29.7
47.7,3.44,2164,42.3,29.7
47.67,3.08,2003,42.3,29.7
47.85,3.37,2130,42.35,29.7
48.05,3.29,2199,42.4,29.7
47.59,2.25,1460,42.28,29.71
47.6,4.56,2940,42.57,29.71
47.83,4.43,2788,42.81,29.71
47.77,4.05,2709,43.0,29.71
47.95,4.46,2836,43.24,29.71
47.76,4.44,2913,43.49,29.71
47.61,3.97,2626,43.64,29.72
47.76,4.26,2879,43.86,29.72
47.83,4.16,2677,44.03,29.72
47.79,3.55,2262,44.07,29.72
47.74,4.58,2955,44.32,29.72
47.83,3.63,2329,44.37,29.73
47.84,4.02,2517,44.49,29.73
47.87,3.89,2613,44.61,29.73
47.76,3.9,2515,44.71,29.73
47.64,4.18,2708,44.86,29.73
47.69,4.79,3148,45.16,29.73
47.84,4.14,2760,45.32,29.74
47.54,3.77,2389,45.36,29.74
47.72,4.25,2779,45.53,29.74
47.6,3.73,2361,45.56,29.74
47.67,3.58,2342,45.59,29.74
47.85,3.58,2342,45.61,29.75
47.69,3.49,2246,45.61,29.75
47.67,3.95,2581,45.7,29.75
47.46,4.16,2714,45.84,29.75
47.77,3.76,2438,45.88,29.75
47.76,4.55,2945,46.09,29.75
47.98,3.59,2263,46.09,29.76
47.61,4.59,2926,46.29,29.76
47.69,4.25,2730,46.43,29.76
47.7,3.33,2116,46.37,29.76
47.89,4.83,3111,46.63,29.76
47.64,3.83,2486,46.68,29.77
47.7,4.06,2642,46.77,29.77
47.75,3.91,2571,46.83,29.77
47.68,4.42,2884,47.0,29.77
47.59,4.01,2615,47.07,29.77
47.68,3.82,2512,47.11,29.77
47.82,3.48,2218,47.08,29.78
47.5,4.22,2701,47.18,29.78
47.67,3.9,2514,47.22,29.78
47.55,3.53,2262,47.19,29.78
47.83,3.21,1999,47.1,29.78
47.42,4.07,2671,47.19,29.78
47.57,3.16,2007,47.09,29.79
47.71,2.7,1844,46.95,29.79
47.89,3.8,2480,46.98,29.79
47.64,4.16,2629,47.07,29.79
47.57,3.41,2249,47.04,29.79
47.93,2.82,1836,46.9,29.8
47.43,2.6,1707,46.73,29.8
47.32,2.37,1513,46.54,29.8
47.72,2.46,1549,46.35,29.8
47.57,3.94,2489,46.41,29.8
47.5,2.43,1516,46.22,29.8
47.75,3.08,1933,46.13,29.81
47.68,3.58,2308,46.14,29.81
47.56,3.85,2503,46.2,29.81
47.46,2.47,1530,46.02,29.81
47.78,3.09,2055,45.95,29.81
47.74,2.58,1685,45.81,29.82
47.63,2.8,1944,45.72,29.82
47.92,2.7,1734,45.59,29.82
47.49,3.25,2223,45.57,29.82
47.42,2.21,1472,45.39,29.82
47.54,2.98,1839,45.3,29.82
47.64,2.61,1636,45.16,29.83
47.68,4.14,2709,45.3,29.83
47.61,3.2,1994,45.25,29.83
47.7,4.03,2578,45.36,29.83
47.46,2.56,1587,45.21,29.83
47.86,3.84,2606,45.31,29.83
47.63,3.25,2167,45.29,29.84
47.81,2.68,1728,45.17,29.84
47.69,3.74,2509,45.25,29.84
47.71,3.59,2394,45.3,29.84
47.73,4.06,2702,45.43,29.84
47.71,3.88,2493,45.51,29.85
47.74,2.88,1857,45.41,29.85
47.84,1.6,982,45.16,29.85
47.67,2.65,1716,45.03,29.85
47.75,3.07,1957,44.98,29.85
47.63,3.17,2008,44.93,29.85
47.85,3.19,2132,44.91,29.86
47.54,1.91,1274,44.71,29.86
47.91,3.52,2241,44.73,29.86
47.63,3.48,2310,44.76,29.86
47.42,1.74,1146,44.54,29.86
47.66,3.37,2176,44.55,29.86
47.53,2.0,1377,44.37,29.87
47.76,3.01,1972,44.32,29.87
47.54,2.19,1510,44.18,29.87
47.57,3.4,2239,44.2,29.87
47.35,1.72,1151,44.0,29.87
47.57,2.42,1520,43.86,29.88
47.27,2.4,1531,43.73,29.88
47.4,2.13,1459,43.59,29.88
47.75,2.71,1821,43.52,29.88
47.75,2.0,1282,43.36,29.88
47.7,2.83,1774,43.29,29.88
47.49,3.5,2356,43.37,29.89
47.62,3.11,2078,43.37,29.89
47.63,3.12,1969,43.35,29.89
47.46,2.19,1363,43.21,29.89
47.86,2.02,1402,43.06,29.89
47.76,2.74,1756,43.0,29.89
47.6,1.56,993,42.8,29.9
47.63,3.37,2158,42.84,29.9
47.66,1.98,1306,42.69,29.9
47.32,3.22,2025,42.7,29.9
47.59,1.8,1180,42.53,29.9
47.53,3.2,2013,42.55,29.91
47.48,1.61,974,42.36,29.91
47.58,1.54,932,42.16,29.91
47.9,2.98,1872,42.15,29.91
47.72,2.06,1378,42.03,29.91
47.54,2.93,1942,42.03,29.91
47.71,2.55,1649,41.96,29.92
47.83,1.65,1039,41.79,29.92
47.76,3.33,2236,41.87,29.92
47.63,4.7,3090,42.22,29.92
47.53,3.89,2468,42.36,29.92
47.73,4.58,2992,42.67,29.92
47.68,3.6,2354,42.76,29.93
47.76,3.84,2532,42.91,29.93
47.72,3.98,2724,43.1,29.93
47.78,4.66,2990,43.39,29.93
47.54,4.67,3065,43.7,29.93
47.82,3.63,2436,43.79,29.94
47.65,4.15,2787,43.99,29.94
47.93,4.32,2819,44.2,29.94
47.52,3.75,2374,44.27,29.94
47.88,3.81,2387,44.35,29.94
47.65,4.87,3200,44.68,29.94
47.52,4.07,2664,44.83,29.95
47.55,3.66,2386,44.89,29.95
47.57,3.88,2537,44.99,29.95
47.68,4.01,2657,45.12,29.95
47.7,4.04,2652,45.25,29.95
47.53,4.19,2742,45.41,29.95
47.61,3.96,2544,45.5,29.96
47.94,3.67,2438,45.56,29.96
47.88,3.93,2527,45.64,29.96
47.68,3.61,2394,45.68,29.96
47.62,4.85,3135,45.97,29.96
47.63,3.86,2538,46.05,29.96
47.71,4.53,3030,46.28,29.97
47.46,4.06,2671,46.39,29.97
47.58,4.15,2769,46.52,29.97
47.36,3.81,2459,46.57,29.97
47.67,4.45,2900,46.75,29.97
47.71,4.6,2975,46.96,29.98
47.54,3.79,2379,46.97,29.98
47.85,3.94,2615,47.05,29.98
47.43,4.38,2876,47.21,29.98
47.39,3.64,2392,47.22,29.98
47.64,4.24,2815,47.35,29.98
47.77,3.68,2333,47.34,29.99
47.86,4.41,2798,47.48,29.99
47.54,4.22,2802,47.61,29.99
47.77,3.7,2399,47.61,29.99
47.6,4.26,2782,47.73,29.99
47.58,2.43,1509,47.51,29.99
47.74,2.99,2018,47.41,30.0
47.71,3.37,2223,47.36,30.0
47.37,2.25,1436,47.14,30.0
47.83,3.27,2229,47.1,30.0
47.81,2.89,1810,46.96,30.0
47.51,3.87,2501,47.01,30.0
47.67,3.14,2088,46.94,30.01
47.68,3.3,2201,46.89,30.01
47.64,4.18,2642,46.99,30.01
47.52,3.76,2431,47.02,30.01
47.5,2.9,1921,46.91,30.01
47.6,3.21,2162,46.85,30.02
47.78,3.49,2339,46.85,30.02
47.68,2.56,1698,46.69,30.02
47.55,2.35,1534,46.5,30.02
47.72,2.69,1739,46.36,30.02
47.17,3.77,2478,46.41,30.02
47.77,2.59,1754,46.27,30.03
47.34,2.43,1567,46.09,30.03
47.55,2.6,1678,45.95,30.03
47.43,3.63,2420,45.99,30.03
47.41,3.43,2284,45.99,30.03
47.77,3.65,2346,46.02,30.03
47.53,2.72,1705,45.88,30.04
47.65,3.99,2508,45.96,30.04
47.59,3.16,2058,45.91,30.04
47.67,3.35,2123,45.88,30.04
47.61,3.98,2634,45.99,30.04
47.41,4.07,2563,46.08,30.04
47.75,3.57,2404,46.11,30.05
47.52,4.25,2746,46.26,30.05
47.36,3.31,2113,46.22,30.05
47.53,2.7,1730,46.08,30.05
47.82,2.72,1726,45.95,30.05
47.72,3.33,2241,45.94,30.05
47.54,2.4,1590,45.78,30.06
47.54,2.94,1913,45.69,30.06
47.55,1.88,1160,45.46,30.06
47.91,2.8,1817,45.36,30.06
47.65,3.23,2063,45.32,30.06
47.66,3.37,2062,45.3,30.07
47.75,3.24,2071,45.26,30.07
47.63,3.17,2089,45.23,30.07
47.55,3.24,2087,45.2,30.07
47.56,2.1,1360,45.02,30.07
47.58,1.96,1324,44.82,30.07
47.59,1.37,934,44.57,30.08
47.7,2.94,2008,44.53,30.08
47.6,3.54,2192,44.56,30.08
47.7,1.81,1137,44.35,30.08
47.58,2.94,1956,44.3,30.08
47.6,3.03,1992,44.27,30.08
47.29,3.49,2273,44.31,30.09
47.73,2.81,1796,44.23,30.09
47.64,3.43,2240,44.26,30.09
47.74,2.37,1551,44.13,30.09
47.15,2.27,1384,43.98,30.09
47.9,2.56,1676,43.88,30.09
47.57,2.31,1475,43.75,30.1
47.75,1.45,982,43.53,30.1
47.43,2.97,1951,43.5,30.1
47.68,3.12,2128,43.51,30.1
47.43,2.98,1936,43.49,30.1
47.49,2.1,1312,43.33,30.1
47.87,2.45,1467,43.21,30.11
47.56,2.23,1401,43.08,30.11
47.62,1.45,962,42.87,30.11
47.71,2.48,1645,42.79,30.11
47.66,1.63,1028,42.61,30.11
47.6,1.78,1134,42.44,30.11
47.64,3.0,1951,42.44,30.12
47.94,1.52,1010,42.26,30.12
47.57,3.32,2210,42.32,30.12
47.61,2.47,1578,42.24,30.12
47.74,3.4,2176,42.31,30.12
47.75,1.59,1134,42.14,30.12
47.76,2.5,1715,42.09,30.13
47.68,3.81,2453,42.24,30.13
47.41,4.74,3137,42.59,30.13
47.82,4.3,2907,42.86,30.13
47.41,4.42,2939,43.13,30.13
47.62,4.82,3098,43.47,30.13
47.46,3.74,2438,43.58,30.14
47.57,3.57,2232,43.63,30.14
47.63,4.34,2771,43.84,30.14
47.62,4.19,2724,44.03,30.14
47.64,4.23,2759,44.23,30.14
47.82,3.66,2345,44.29,30.15
47.64,4.16,2569,44.44,30.15
47.54,4.01,2616,44.58,30.15
47.72,3.86,2545,44.69,30.15
47.75,3.79,2505,44.79,30.15
47.39,4.01,2599,44.92,30.15
47.66,3.94,2555,45.03,30.16
47.68,3.95,2580,45.14,30.16
47.53,4.72,3086,45.43,30.16
47.78,4.48,2910,45.64,30.16
47.55,4.31,2683,45.79,30.16
47.59,4.62,3073,46.05,30.16
47.55,4.72,3044,46.3,30.17
47.57,4.04,2568,46.39,30.17
47.41,4.16,2686,46.51,30.17
47.35,4.86,3167,46.8,30.17
47.81,4.09,2628,46.89,30.17
47.44,3.81,2447,46.93,30.17
47.42,4.37,2825,47.09,30.18
47.25,3.87,2531,47.14,30.18
47.47,4.09,2618,47.23,30.18
47.37,3.66,2399,47.24,30.18
47.81,3.82,2414,47.26,30.18
47.72,3.59,2433,47.28,30.18
47.46,4.61,3051,47.5,30.19
47.9,4.06,2625,47.58,30.19
47.71,3.57,2339,47.57,30.19
47.52,3.58,2271,47.54,30.19
47.19,4.12,2703,47.64,30.19
47.91,4.81,3166,47.89,30.19
47.36,3.39,2215,47.84,30.2
47.32,3.6,2388,47.84,30.2
47.72,4.1,2666,47.92,30.2
47.93,2.14,1387,47.68,30.2
47.77,4.01,2573,47.74,30.2
47.65,3.97,2606,47.8,30.2
47.65,3.85,2460,47.82,30.21
47.69,3.45,2261,47.79,30.21
47.68,3.91,2559,47.83,30.21
47.6,4.23,2818,47.96,30.21
47.58,3.85,2529,48.0,30.21
47.55,2.82,1748,47.83,30.21
47.45,3.58,2292,47.81,30.22
47.52,2.85,1816,47.66,30.22
47.31,4.11,2634,47.74,30.22
47.54,4.05,2680,47.83,30.22
47.41,3.3,2032,47.74,30.22
47.39,3.61,2418,47.74,30.22
47.58,4.03,2671,47.82,30.23
47.77,2.66,1735,47.65,30.23
47.69,3.28,2151,47.59,30.23
47.32,3.29,2141,47.53,30.23
47.41,3.98,2596,47.59,30.23
47.7,2.87,1919,47.47,30.23
47.41,3.64,2353,47.47,30.24
47.52,2.97,1958,47.36,30.24
47.64,2.65,1680,47.19,30.24
47.41,2.46,1628,47.01,30.24
47.57,2.53,1631,46.84,30.24
47.35,2.38,1570,46.66,30.24
47.46,3.28,2088,46.61,30.25
47.6,3.53,2314,46.61,30.25
47.31,2.61,1691,46.46,30.25
47.62,3.5,2354,46.47,30.25
47.55,3.31,2165,46.44,30.25
47.63,2.42,1599,46.27,30.25
47.58,2.97,1908,46.18,30.26
47.75,3.83,2503,46.25,30.26
47.57,3.04,1999,46.18,30.26
47.49,3.12,2012,46.12,30.26
47.57,2.79,1795,46.0,30.26
47.63,2.3,1454,45.82,30.26
47.56,2.25,1458,45.64,30.27
47.55,1.99,1262,45.43,30.27
47.44,1.91,1254,45.22,30.27
47.45,2.88,1833,45.14,30.27
47.34,1.82,1176,44.92,30.27
47.81,3.32,2113,44.92,30.27
47.36,3.23,2155,44.91,30.28
47.44,3.17,2062,44.89,30.28
47.44,3.13,2035,44.86,30.28
47.68,2.22,1470,44.7,30.28
47.5,3.21,2173,44.71,30.28
47.73,2.01,1309,44.52,30.28
47.44,1.5,899,44.28,30.28
47.59,3.05,2043,44.27,30.29
47.42,1.7,1036,44.05,30.29
47.86,3.42,2196,44.08,30.29
47.36,2.8,1880,44.03,30.29
47.59,3.01,1942,44.0,30.29
47.64,1.95,1238,43.82,30.29
47.6,2.67,1749,43.75,30.3
47.51,1.52,989,43.54,30.3
47.52,3.24,2069,43.55,30.3
47.55,1.9,1281,43.39,30.3
47.52,3.03,2030,43.38,30.3
47.68,2.07,1418,43.25,30.3
47.87,1.55,1033,43.05,30.31
47.46,2.39,1517,42.95,30.31
47.33,1.77,1087,42.78,30.31
47.52,2.94,1798,42.74,30.31
47.92,1.91,1295,42.6,30.31
47.42,2.17,1419,42.49,30.31
47.78,2.55,1635,42.42,30.32
47.79,2.15,1300,42.29,30.32
47.45,2.16,1346,42.18,30.32
47.62,3.03,1882,42.18,30.32
47.78,1.91,1314,42.05,30.32
47.48,1.74,1161,41.9,30.32
47.5,2.13,1322,41.79,30.33
47.45,4.38,2927,42.09,30.33
47.38,3.67,2350,42.21,30.33
47.44,3.77,2471,42.36,30.33
47.35,4.83,3156,42.73,30.33
47.54,3.87,2510,42.88,30.33
47.42,3.89,2513,43.03,30.34
47.57,4.64,3016,43.34,30.34
47.3,4.17,2700,43.53,30.34
47.58,3.72,2432,43.64,30.34
47.66,4.04,2639,43.81,30.34
47.23,4.19,2696,44.0,30.34
47.59,4.13,2740,44.19,30.35
47.71,4.58,2935,44.45,30.35
47.35,3.82,2506,44.56,30.35
47.78,4.48,2895,44.79,30.35
47.59,3.71,2370,44.86,30.35
47.42,3.77,2440,44.94,30.35
47.52,4.33,2781,45.14,30.35
47.61,4.01,2638,45.27,30.36
47.54,4.38,2845,45.47,30.36
47.61,3.64,2435,45.53,30.36
47.39,3.48,2217,45.54,30.36
47.55,4.06,2526,45.65,30.36
47.31,4.43,2898,45.86,30.36
47.51,3.85,2585,45.95,30.37
47.39,4.88,3199,46.26,30.37
47.41,3.64,2316,46.28,30.37
47.71,3.63,2306,46.3,30.37
47.69,3.68,2492,46.36,30.37
47.61,3.73,2408,46.4,30.37
47.36,3.48,2214,46.39,30.38
47.48,4.48,2973,46.61,30.38
47.7,4.06,2630,46.71,30.38
47.54,4.06,2536,46.79,30.38
47.87,4.68,3149,47.05,30.38
47.58,3.95,2594,47.13,30.38
47.55,3.77,2374,47.15,30.39
47.47,4.02,2683,47.25,30.39
47.54,4.02,2562,47.33,30.39
47.5,4.19,2671,47.43,30.39
47.63,3.87,2471,47.47,30.39
47.66,4.3,2894,47.63,30.39
47.4,2.98,2038,47.54,30.4
47.32,3.46,2223,47.5,30.4
47.24,3.38,2279,47.47,30.4
47.59,2.37,1425,47.26,30.4
47.35,3.03,2014,47.17,30.4
47.19,4.1,2731,47.29,30.4
47.57,3.41,2290,47.27,30.4
47.89,2.93,1906,47.16,30.41
47.51,2.45,1620,46.98,30.41
47.64,2.61,1658,46.82,30.41
47.53,2.94,1911,46.72,30.41
47.5,2.51,1624,46.56,30.41
47.65,2.42,1565,46.39,30.41
47.47,2.78,1864,46.28,30.42
47.55,3.52,2298,46.29,30.42
47.56,2.28,1567,46.12,30.42
47.41,2.31,1511,45.95,30.42
47.66,2.18,1529,45.78,30.42
47.49,2.93,1968,45.71,30.42
47.4,2.58,1674,45.58,30.43
47.59,3.07,2002,45.53,30.43
47.38,3.17,2016,45.49,30.43
47.51,2.74,1789,45.39,30.43
47.51,3.97,2528,45.49,30.43
47.67,3.27,2193,45.49,30.43
47.58,2.53,1628,45.36,30.44
47.5,2.81,1844,45.27,30.44
47.63,4.23,2635,45.42,30.44
47.72,4.16,2689,45.57,30.44
47.59,2.65,1704,45.45,30.44
47.51,2.64,1763,45.34,30.44
47.31,3.07,2021,45.3,30.44
47.35,3.16,2104,45.28,30.45
47.46,2.96,1948,45.22,30.45
47.41,3.34,2234,45.24,30.45
47.48,2.57,1691,45.12,30.45
47.51,2.74,1711,45.02,30.45
47.58,2.57,1667,44.9,30.45
47.49,3.28,2130,44.9,30.46
47.58,2.7,1593,44.78,30.46
47.51,1.46,898,44.54,30.46
47.21,2.89,1982,44.5,30.46
47.36,2.9,1868,44.44,30.46
47.48,2.56,1659,44.34,30.46
47.32,3.31,2042,44.34,30.47
47.59,3.32,2092,44.34,30.47
47.73,2.72,1793,44.27,30.47
47.68,2.55,1633,44.17,30.47
47.47,3.72,2366,44.25,30.47
47.72,2.22,1505,44.12,30.47
47.52,2.12,1341,43.96,30.47
47.45,1.9,1173,43.78,30.48
47.41,3.22,2097,43.79,30.48
47.45,3.02,1923,43.77,30.48
47.44,1.93,1211,43.6,30.48
47.52,3.4,2206,43.65,30.48
47.52,2.94,1878,43.61,30.48
47.5,3.13,1948,43.6,30.49
47.56,1.54,1027,43.4,30.49
47.67,2.47,1649,43.32,30.49
47.64,2.79,1799,43.27,30.49
47.27,2.56,1695,43.2,30.49
47.11,2.84,1827,43.16,30.49
47.63,3.1,1917,43.15,30.49
47.29,2.02,1357,43.02,30.5
47.46,3.18,2063,43.04,30.5
47.32,1.82,1191,42.88,30.5
47.22,2.23,1445,42.77,30.5
47.57,1.59,1024,42.59,30.5
47.61,2.32,1517,42.5,30.5
47.41,2.22,1449,42.4,30.51
47.1,3.24,2169,42.46,30.51
47.41,2.71,1785,42.43,30.51
47.55,2.42,1634,42.36,30.51
47.27,2.89,1953,42.37,30.51
47.52,1.67,1008,42.2,30.51
47.49,2.08,1414,42.09,30.52
47.58,2.7,1785,42.07,30.52
47.51,4.77,3122,42.44,30.52
47.34,4.67,3082,42.78,30.52
47.67,4.36,2819,43.04,30.52
47.46,3.87,2544,43.19,30.52
47.48,3.61,2292,43.28,30.52
47.35,3.95,2497,43.42,30.53
47.42,4.61,3024,43.73,30.53
47.35,4.62,3001,44.02,30.53
47.46,3.89,2528,44.15,30.53
47.74,4.55,2918,44.41,30.53
47.28,4.24,2773,44.61,30.53
47.24,3.72,2395,44.69,30.54
47.71,4.16,2703,44.86,30.54
47.45,4.37,2819,45.07,30.54
47.38,4.05,2592,45.2,30.54
47.64,4.77,3089,45.5,30.54
47.39,3.87,2575,45.6,30.54
47.76,3.57,2294,45.63,30.54
47.58,3.74,2426,45.7,30.55
47.41,4.46,2887,45.91,30.55
47.81,4.02,2581,46.02,30.55
47.39,4.45,2951,46.24,30.55
47.59,4.22,2673,46.38,30.55
47.53,4.22,2737,46.52,30.55
47.68,4.44,2847,46.71,30.56
47.71,4.12,2708,46.83,30.56
47.48,4.56,2972,47.05,30.56
47.37,3.7,2464,47.09,30.56
47.55,4.3,2834,47.25,30.56
47.38,4.48,2919,47.43,30.56
47.78,4.6,3027,47.65,30.56
47.5,3.62,2397,47.66,30.57
47.42,4.14,2645,47.75,30.57
47.5,4.01,2647,47.84,30.57
47.27,3.84,2508,47.88,30.57
47.33,3.79,2490,47.91,30.57
47.66,3.67,2363,47.91,30.57
47.38,4.68,2999,48.12,30.58
47.32,4.55,2908,48.29,30.58
47.56,4.0,2428,48.31,30.58
47.65,4.93,3169,48.57,30.58
47.58,3.9,2656,48.63,30.58
47.62,2.53,1688,48.44,30.58
47.36,2.83,1855,48.29,30.58
47.26,2.93,1955,48.17,30.59
47.7,3.72,2405,48.18,30.59
47.42,3.37,2170,48.12,30.59
47.43,3.24,2090,48.04,30.59
47.67,2.43,1540,47.83,30.59
47.55,4.18,2684,47.93,30.59
47.54,2.88,1873,47.8,30.6
47.79,3.47,2256,47.77,30.6
47.37,4.13,2748,47.89,30.6
47.61,3.26,2168,47.83,30.6
47.48,3.24,2029,47.74,30.6
47.51,2.39,1541,47.55,30.6
47.7,3.07,1938,47.44,30.6
47.54,4.02,2482,47.5,30.61
47.55,2.45,1600,47.32,30.61
47.63,4.19,2750,47.45,30.61
47.41,3.52,2291,47.44,30.61
47.34,2.99,1967,47.34,30.61
47.31,3.43,2212,47.31,30.61
47.17,2.63,1660,47.15,30.61
47.77,2.57,1654,46.99,30.62
47.3,2.7,1821,46.86,30.62
47.43,3.15,2064,46.8,30.62
47.42,4.02,2537,46.88,30.62
47.51,2.94,1915,46.79,30.62
47.59,3.22,2158,46.75,30.62
47.59,2.66,1765,46.62,30.63
47.38,3.89,2590,46.71,30.63
47.44,3.33,2088,46.67,30.63
47.5,3.32,2165,46.64,30.63
47.42,4.04,2608,46.74,30.63
47.7,3.95,2599,46.83,30.63
47.53,3.59,2289,46.84,30.63
47.57,3.96,2532,46.91,30.64
47.56,2.8,1821,46.8,30.64
47.64,2.13,1339,46.58,30.64
47.49,1.4,925,46.31,30.64
47.26,2.12,1273,46.1,30.64
47.52,3.33,2222,46.09,30.64
47.36,2.79,1677,45.97,30.65
47.38,1.53,1041,45.72,30.65
47.55,3.29,2108,45.7,30.65
47.64,2.06,1264,45.5,30.65
47.46,1.97,1290,45.31,30.65
47.5,2.0,1345,45.12,30.65
47.71,2.68,1799,45.04,30.65
47.49,2.58,1730,44.94,30.66
47.85,2.58,1635,44.82,30.66
47.54,2.81,1834,44.75,30.66
47.19,2.14,1305,44.58,30.66
47.57,2.94,1913,44.54,30.66
47.51,1.83,1204,44.35,30.66
47.65,2.96,1902,44.31,30.66
47.55,2.74,1687,44.23,30.67
47.43,2.87,1833,44.17,30.67
47.27,2.41,1660,44.07,30.67
47.42,2.98,1957,44.05,30.67
47.32,1.78,1131,43.86,30.67
47.36,3.28,2126,43.89,30.67
47.54,1.69,1117,43.7,30.67
47.7,1.81,1099,43.52,30.68
47.51,2.78,1735,43.46,30.68
47.27,2.95,1880,43.44,30.68
47.52,1.86,1186,43.27,30.68
47.63,3.25,2200,43.33,30.68
47.36,3.33,2171,43.37,30.68
47.43,2.57,1646,43.3,30.69
47.45,2.34,1524,43.2,30.69
47.33,2.82,1732,43.15,30.69
47.54,2.18,1371,43.02,30.69
47.43,2.57,1634,42.96,30.69
47.51,3.34,2117,43.0,30.69
47.31,3.27,2189,43.06,30.69
47.38,3.31,2183,43.11,30.7
47.55,2.11,1310,42.98,30.7
47.39,1.93,1192,42.83,30.7
47.7,3.48,2197,42.9,30.7
47.38,3.47,2247,42.98,30.7
47.48,3.62,2362,43.09,30.7
47.58,3.99,2614,43.27,30.7
47.23,3.87,2464,43.41,30.71
47.18,4.6,2979,43.71,30.71
47.21,4.09,2654,43.89,30.71
47.63,4.15,2756,44.09,30.71
47.36,4.48,2950,44.36,30.71
47.82,3.85,2429,44.47,30.71
47.36,4.15,2602,44.62,30.71
47.47,4.41,2861,44.85,30.72
47.67,4.57,2936,45.11,30.72
47.74,3.41,2165,45.12,30.72
47.75,3.7,2366,45.19,30.72
47.62,3.79,2494,45.28,30.72
47.59,4.12,2605,45.42,30.72
47.53,3.86,2599,45.54,30.73
47.55,4.5,2888,45.76,30.73
47.35,4.61,3025,46.02,30.73
47.31,3.93,2524,46.11,30.73
47.44,4.05,2559,46.22,30.73
47.41,4.03,2610,46.33,30.73
47.37,3.89,2466,46.41,30.73
47.54,4.3,2803,46.58,30.74
47.58,4.76,3095,46.85,30.74
47.45,3.89,2497,46.91,30.74
47.66,3.69,2404,46.95,30.74
47.26,4.29,2838,47.11,30.74
47.4,4.07,2638,47.22,30.74
47.33,3.96,2540,47.29,30.74
47.15,3.66,2399,47.31,30.75
47.42,4.32,2832,47.47,30.75
47.41,3.85,2487,47.52,30.75
47.66,4.9,3200,47.81,30.75
47.53,4.12,2662,47.9,30.75
47.28,3.71,2489,47.93,30.75
47.71,4.4,2824,48.08,30.75
47.61,3.9,2578,48.14,30.76
47.52,4.22,2730,48.25,30.76
47.4,4.12,2694,48.35,30.76
47.28,4.21,2637,48.43,30.76
47.37,3.29,2247,48.38,30.76
47.59,3.99,2612,48.44,30.76
47.71,4.1,2713,48.54,30.76
47.66,3.77,2382,48.54,30.77
47.35,2.8,1828,48.39,30.77
47.26,3.2,2073,48.3,30.77
47.45,3.38,2145,48.24,30.77
47.16,3.87,2579,48.29,30.77
47.47,3.56,2318,48.27,30.77
47.4,2.8,1819,48.12,30.77
47.35,3.16,2087,48.04,30.78
47.19,2.34,1481,47.83,30.78
47.5,3.96,2584,47.9,30.78
47.34,2.34,1527,47.7,30.78
47.25,3.51,2288,47.69,30.78
46.99,3.98,2642,47.77,30.78
47.42,2.95,1893,47.66,30.78
47.69,3.72,2393,47.68,30.79
47.67,3.87,2485,47.72,30.79
47.35,2.39,1523,47.53,30.79
47.33,3.06,2044,47.45,30.79
47.49,3.55,2306,47.45,30.79
47.27,3.13,2083,47.38,30.79
47.47,3.26,2132,47.33,30.79
47.53,3.3,2104,47.28,30.8
47.6,2.66,1654,47.12,30.8
47.4,3.07,1925,47.03,30.8
47.39,2.18,1371,46.82,30.8
47.29,2.51,1684,46.68,30.8
47.29,3.23,2163,46.65,30.8
47.38,3.31,2158,46.62,30.8
47.47,2.52,1682,46.48,30.81
47.55,3.62,2324,46.5,30.81
47.3,3.03,1940,46.43,30.81
47.64,4.04,2665,46.55,30.81
47.37,2.81,1838,46.45,30.81
47.41,1.76,1183,46.22,30.81
47.3,1.77,1156,45.99,30.81
47.05,1.29,821,45.71,30.82
47.55,3.29,2127,45.7,30.82
47.52,2.69,1761,45.6,30.82
47.37,2.89,1890,45.53,30.82
47.42,3.23,2051,45.51,30.82
47.49,3.08,1998,45.47,30.82
47.18,3.22,2017,45.44,30.82
47.33,3.36,2167,45.44,30.83
47.53,2.25,1416,45.28,30.83
47.22,3.49,2118,45.29,30.83
47.45,3.02,2073,45.26,30.83
47.21,1.61,1010,45.03,30.83
47.48,2.66,1683,44.93,30.83
47.4,2.92,1980,44.89,30.83
47.17,3.22,2035,44.88,30.84
47.58,2.26,1397,44.73,30.84
47.3,2.52,1625,44.62,30.84
47.29,1.53,972,44.4,30.84
47.44,2.15,1366,44.25,30.84
47.58,1.38,853,44.02,30.84
47.25,2.71,1749,43.96,30.84
47.42,3.1,2098,43.97,30.85
47.47,1.89,1146,43.79,30.85
47.51,2.61,1737,43.73,30.85
47.43,1.9,1314,43.58,30.85
47.35,1.78,1124,43.4,30.85
47.28,2.41,1584,43.32,30.85
47.42,1.64,1063,43.14,30.85
47.24,2.48,1528,43.05,30.86
46.97,1.54,1061,42.88,30.86
47.47,1.86,1209,42.73,30.86
47.54,2.45,1566,42.66,30.86
47.05,2.65,1645,42.6,30.86
47.25,1.35,901,42.42,30.86
47.49,2.65,1729,42.38,30.86
47.71,3.22,2126,42.44,30.87
47.4,2.98,1967,42.46,30.87
47.29,1.7,1066,42.31,30.87
47.37,2.47,1435,42.22,30.87
47.61,2.72,1763,42.2,30.87
47.3,4.3,2787,42.46,30.87
47.28,3.63,2370,42.59,30.87
47.33,3.86,2583,42.77,30.87
47.26,4.35,2823,43.03,30.88
47.42,3.66,2411,43.16,30.88
47.64,4.7,3077,43.49,30.88
47.45,4.31,2731,43.72,30.88
47.36,4.16,2637,43.9,30.88
47.35,4.56,3020,44.2,30.88
47.16,3.99,2551,44.35,30.88
47.53,3.93,2573,44.49,30.89
47.38,4.27,2721,44.69,30.89
47.37,4.32,2845,44.91,30.89
47.87,3.83,2500,45.02,30.89
47.44,3.86,2492,45.13,30.89
47.28,4.02,2644,45.27,30.89
47.33,3.98,2597,45.41,30.89
47.57,4.39,2820,45.61,30.9
47.41,4.41,2866,45.83,30.9
47.18,4.19,2755,45.99,30.9
47.53,3.94,2616,46.11,30.9
47.29,3.82,2478,46.19,30.9
47.67,3.83,2581,46.29,30.9
47.55,3.74,2393,46.34,30.9
47.32,3.77,2371,46.39,30.91
47.58,4.02,2542,46.49,30.91
47.4,4.19,2720,46.64,30.91
47.52,4.68,3044,46.89,30.91
47.46,4.24,2762,47.04,30.91
47.26,4.83,3107,47.31,30.91
47.29,4.41,2978,47.51,30.91
47.54,4.54,3026,47.73,30.92
47.34,4.65,2962,47.94,30.92
47.33,4.39,2850,48.1,30.92
47.24,4.33,2816,48.24,30.92
47.45,3.6,2372,48.24,30.92
47.7,4.29,2713,48.35,30.92
47.23,4.37,2757,48.48,30.92
47.39,4.34,2763,48.6,30.92
47.6,4.33,2892,48.75,30.93
47.37,4.16,2671,48.83,30.93
47.45,4.44,2927,48.99,30.93
47.22,4.16,2730,49.08,30.93
47.45,3.58,2316,49.05,30.93
47.35,2.9,1926,48.91,30.93
47.53,2.47,1547,48.7,30.93
47.56,3.12,2004,48.59,30.94
47.77,2.6,1580,48.4,30.94
47.47,3.19,2075,48.32,30.94
47.43,3.62,2313,48.3,30.94
47.41,3.5,2382,48.3,30.94
47.33,2.97,1934,48.18,30.94
47.43,2.47,1648,48.0,30.94
47.34,3.95,2599,48.07,30.94
47.4,2.84,1841,47.94,30.95
47.58,2.67,1784,47.79,30.95
47.23,3.67,2387,47.81,30.95
47.55,3.88,2545,47.87,30.95
47.58,4.22,2862,48.02,30.95
47.36,3.98,2600,48.09,30.95
47.06,3.96,2551,48.15,30.95
47.29,2.98,1902,48.04,30.96
47.57,2.46,1592,47.85,30.96
47.37,3.53,2298,47.84,30.96
47.23,2.22,1445,47.63,30.96
47.3,2.53,1563,47.45,30.96
47.5,2.13,1271,47.22,30.96
47.46,2.51,1582,47.05,30.96
47.34,3.2,2085,47.0,30.97
47.32,2.82,1839,46.89,30.97
47.31,2.95,1939,46.81,30.97
47.23,3.9,2556,46.89,30.97
47.61,3.38,2170,46.87,30.97
47.32,3.93,2504,46.95,30.97
47.55,3.09,2032,46.88,30.97
47.6,2.89,1889,46.79,30.97
47.52,2.57,1613,46.64,30.98
47.31,3.48,2295,46.65,30.98
47.43,2.54,1700,46.52,30.98
47.37,2.13,1425,46.33,30.98
47.23,3.38,2247,46.33,30.98
47.42,3.15,2013,46.29,30.98
47.19,2.91,1932,46.21,30.98
47.55,1.76,1139,45.98,30.99
47.3,2.93,2006,45.93,30.99
47.4,2.83,1884,45.85,30.99
47.41,2.39,1572,45.71,30.99
47.33,3.44,2324,45.75,30.99
47.45,1.93,1231,45.55,30.99
47.29,1.9,1261,45.35,30.99
47.5,1.59,1144,45.14,30.99
47.16,3.22,2131,45.14,31.0
47.38,2.77,1806,45.07,31.0
47.66,2.13,1373,44.91,31.0
47.21,1.83,1140,44.71,31.0
47.26,1.63,1048,44.5,31.0
47.44,1.86,1169,44.32,31.0
47.39,2.35,1515,44.2,31.0
47.42,2.08,1348,44.05,31.01
47.44,1.9,1283,43.9,31.01
47.46,3.38,2179,43.94,31.01
47.53,2.44,1557,43.84,31.01
47.42,3.01,2003,43.84,31.01
47.32,1.55,1046,43.65,31.01
47.46,2.18,1407,43.53,31.01
47.64,2.59,1716,43.47,31.01
47.34,1.95,1253,43.32,31.02
47.21,1.73,1117,43.16,31.02
47.52,3.42,2298,43.25,31.02
47.34,3.48,2253,43.33,31.02
47.03,1.58,1005,43.14,31.02
47.48,1.97,1283,43.01,31.02
47.28,3.43,2129,43.07,31.02
47.34,1.8,1165,42.92,31.02
47.41,2.85,1864,42.91,31.03
47.38,3.6,2440,43.04,31.03
47.46,3.4,2212,43.11,31.03
47.29,2.43,1602,43.04,31.03
47.43,1.82,1198,42.89,31.03
47.32,1.93,1367,42.77,31.03
47.47,3.76,2492,42.93,31.03
47.45,3.78,2383,43.06,31.04
47.21,4.62,3065,43.39,31.04
47.52,4.58,2931,43.68,31.04
47.27,4.48,2877,43.95,31.04
47.47,4.66,2962,44.24,31.04
47.41,3.98,2676,44.42,31.04
47.63,4.29,2851,44.65,31.04
47.32,4.32,2869,44.88,31.04
47.3,4.68,3095,45.19,31.05
47.35,3.86,2543,45.31,31.05
47.3,4.83,3124,45.62,31.05
47.47,3.67,2395,45.69,31.05
47.11,4.5,2896,45.92,31.05
47.19,4.31,2762,46.1,31.05
47.19,4.47,2875,46.31,31.05
47.49,3.52,2406,46.36,31.05
47.6,3.56,2292,46.38,31.06
47.33,3.52,2339,46.41,31.06
47.32,4.17,2811,46.58,31.06
47.36,4.27,2817,46.76,31.06
47.52,4.74,3041,47.02,31.06
47.21,4.22,2706,47.15,31.06
47.38,3.45,2248,47.15,31.06
47.49,3.93,2669,47.25,31.07
47.42,3.54,2372,47.27,31.07
47.37,4.4,2885,47.46,31.07
47.49,4.52,2928,47.66,31.07
46.94,4.61,3015,47.88,31.07
47.45,3.87,2527,47.94,31.07
47.24,3.7,2412,47.96,31.07
47.07,3.74,2384,47.98,31.07
47.42,4.32,2762,48.11,31.08
47.55,4.74,3097,48.35,31.08
47.32,3.64,2306,48.34,31.08
47.48,3.69,2370,48.35,31.08
47.58,4.2,2734,48.46,31.08
47.54,4.5,2941,48.64,31.08
47.59,3.82,2536,48.68,31.08
47.45,4.51,2867,48.83,31.08
47.35,3.71,2352,48.82,31.09
47.1,4.63,3076,49.04,31.09
47.3,4.07,2729,49.13,31.09
47.21,3.77,2396,49.12,31.09
47.66,2.48,1567,48.91,31.09
47.31,3.73,2453,48.92,31.09
47.36,3.78,2463,48.94,31.09
47.42,4.05,2633,49.01,31.09
47.34,3.26,2080,48.92,31.1
47.59,3.42,2262,48.87,31.1
47.24,3.74,2422,48.88,31.1
47.36,3.52,2277,48.85,31.1
47.22,3.53,2237,48.8,31.1
47.14,3.21,2126,48.73,31.1
47.24,3.04,1956,48.61,31.1
47.33,4.31,2799,48.74,31.1
47.27,2.96,1983,48.63,31.11
47.23,2.38,1492,48.41,31.11
47.12,3.77,2449,48.44,31.11
47.32,2.71,1683,48.27,31.11
47.11,3.26,2096,48.2,31.11
47.45,2.27,1540,48.0,31.11
47.34,3.47,2177,47.96,31.11
47.11,4.19,2734,48.08,31.11
47.28,3.7,2488,48.12,31.12
47.22,2.63,1740,47.96,31.12
47.38,4.2,2700,48.08,31.12
47.53,2.79,1759,47.93,31.12
47.05,3.18,1969,47.85,31.12
47.35,3.33,2243,47.82,31.12
47.3,4.05,2613,47.91,31.12
47.43,2.45,1502,47.71,31.12
47.36,3.82,2430,47.75,31.13
47.21,2.98,1881,47.64,31.13
47.28,2.46,1571,47.47,31.13
47.21,4.01,2723,47.59,31.13
47.49,3.33,2210,47.56,31.13
47.33,3.69,2420,47.59,31.13
47.61,1.67,1145,47.33,31.13
47.32,1.65,1165,47.08,31.13
47.22,3.44,2261,47.08,31.14
47.1,2.76,1866,46.97,31.14
47.05,2.39,1521,46.8,31.14
47.09,2.56,1624,46.66,31.14
47.36,1.95,1213,46.44,31.14
47.4,2.91,1904,46.36,31.14
47.08,1.72,986,46.11,31.14
47.46,2.69,1813,46.02,31.14
47.25,2.6,1668,45.9,31.15
47.34,3.43,2274,45.92,31.15
47.56,2.61,1626,45.8,31.15
47.45,1.93,1311,45.61,31.15
47.28,2.64,1784,45.52,31.15
47.19,1.65,1078,45.3,31.15
47.0,1.89,1253,45.11,31.15
47.21,1.68,1041,44.9,31.15
47.29,2.51,1635,44.8,31.16
47.17,1.66,1128,44.6,31.16
47.3,2.63,1698,44.52,31.16
47.33,3.23,2177,44.55,31.16
47.28,2.98,1845,44.51,31.16
47.22,1.65,1055,44.31,31.16
47.34,1.92,1154,44.13,31.16
47.38,2.75,1805,44.08,31.16
47.15,3.22,2084,44.1,31.17
47.53,1.53,982,43.9,31.17
47.3,3.17,2100,43.93,31.17
47.32,2.71,1747,43.87,31.17
47.42,2.41,1710,43.8,31.17
47.35,3.3,2182,43.85,31.17
47.46,3.05,1984,43.85,31.17
47.36,3.26,2088,43.88,31.17
47.22,2.06,1295,43.74,31.18
47.37,2.7,1774,43.69,31.18
47.14,2.73,1748,43.64,31.18
47.33,2.22,1491,43.53,31.18
47.31,2.56,1657,43.47,31.18
47.28,1.83,1188,43.31,31.18
47.29,1.76,1147,43.15,31.18
47.03,2.22,1436,43.05,31.18
47.23,4.42,2890,43.33,31.18
47.32,4.71,3166,43.7,31.19
47.33,4.16,2728,43.91,31.19
47.15,4.04,2644,44.09,31.19
47.5,4.52,2979,44.38,31.19
47.18,3.89,2525,44.52,31.19
47.45,3.69,2349,44.61,31.19
47.37,3.94,2408,44.72,31.19
47.21,4.76,2988,45.01,31.19
47.57,3.81,2517,45.13,31.2
47.13,3.98,2603,45.27,31.2
47.44,3.93,2548,45.4,31.2
47.45,4.43,3001,45.66,31.2
47.2,4.83,3140,45.97,31.2
47.51,4.16,2587,46.11,31.2
47.27,4.78,3141,46.41,31.2
47.35,3.63,2416,46.46,31.2
47.34,3.67,2423,46.52,31.21
47.28,4.69,3110,46.8,31.21
47.42,4.06,2551,46.9,31.21
47.42,3.77,2454,46.96,31.21
47.04,4.35,2786,47.13,31.21
47.5,4.47,2931,47.34,31.21
47.05,4.7,3134,47.6,31.21
47.46,4.53,2929,47.81,31.21
47.47,4.09,2689,47.92,31.21
47.14,4.73,3028,48.15,31.22
47.24,4.14,2691,48.25,31.22
47.13,4.42,2845,48.41,31.22
47.27,4.63,3102,48.64,31.22
47.25,4.03,2562,48.7,31.22
47.41,3.73,2429,48.72,31.22
47.49,3.87,2582,48.77,31.22
47.51,4.22,2647,48.86,31.22
47.21,3.86,2529,48.9,31.23
47.26,3.54,2305,48.87,31.23
47.04,3.88,2488,48.9,31.23
47.17,3.67,2444,48.91,31.23
47.44,4.6,3075,49.12,31.23
47.54,3.79,2498,49.15,31.23
47.11,3.76,2431,49.15,31.23
47.2,4.3,2720,49.26,31.23
47.29,2.96,1936,49.12,31.23
47.34,3.11,2014,49.02,31.24
47.17,3.42,2220,48.97,31.24
47.36,2.34,1497,48.75,31.24
47.22,2.7,1726,48.58,31.24
47.29,3.59,2337,48.57,31.24
47.37,2.75,1727,48.41,31.24
47.29,3.59,2385,48.42,31.24
47.22,2.22,1405,48.19,31.24
47.27,3.98,2590,48.27,31.25
47.28,4.1,2650,48.36,31.25
47.23,2.96,1955,48.25,31.25
47.25,3.24,2138,48.19,31.25
47.53,2.94,1936,48.08,31.25
47.37,3.88,2464,48.13,31.25
47.24,2.38,1535,47.94,31.25
47.39,3.5,2355,47.94,31.25
47.24,3.24,2086,47.88,31.25
47.46,2.93,1960,47.78,31.26
47.34,2.64,1712,47.63,31.26
47.27,2.7,1740,47.49,31.26
47.35,3.6,2350,47.51,31.26
47.05,2.33,1472,47.32,31.26
47.12,3.24,2154,47.29,31.26
47.11,2.84,1801,47.17,31.26
47.31,2.78,1835,47.06,31.26
47.54,3.25,2167,47.04,31.27
47.62,4.14,2710,47.17,31.27
47.38,3.66,2347,47.2,31.27
47.36,3.66,2391,47.24,31.27
47.01,3.36,2149,47.21,31.27
47.2,3.67,2375,47.24,31.27
47.16,3.05,1958,47.17,31.27
47.19,3.78,2419,47.22,31.27
47.26,3.18,2102,47.17,31.27
47.21,3.43,2277,47.17,31.28
46.98,3.02,2018,47.11,31.28
47.39,2.75,1801,46.99,31.28
47.12,2.7,1831,46.88,31.28
47.31,2.18,1380,46.69,31.28
47.59,2.62,1768,46.57,31.28
47.14,2.71,1808,46.47,31.28
46.9,2.64,1716,46.35,31.28
47.23,3.18,2078,46.32,31.28
47.44,3.4,2260,46.34,31.29
47.57,3.36,2218,46.35,31.29
47.09,2.88,1888,46.27,31.29
47.35,3.35,2153,46.26,31.29
47.21,3.38,2154,46.26,31.29
47.26,2.2,1434,46.09,31.29
47.67,2.56,1608,45.96,31.29
47.05,2.2,1464,45.8,31.29
47.31,1.44,850,45.55,31.3
47.34,1.79,1177,45.35,31.3
47.44,1.71,1098,45.14,31.3
47.29,2.93,1880,45.09,31.3
47.32,2.43,1569,44.97,31.3
47.21,2.06,1197,44.8,31.3
47.31,2.96,1904,44.76,31.3
47.22,3.25,2068,44.77,31.3
47.36,3.25,2072,44.78,31.3
47.22,2.86,2017,44.76,31.31
47.33,2.48,1540,44.64,31.31
47.27,2.06,1357,44.49,31.31
47.44,1.95,1226,44.33,31.31
47.26,1.94,1218,44.16,31.31
47.0,2.34,1455,44.05,31.31
47.46,3.55,2366,44.14,31.31
47.13,1.42,983,43.94,31.31
47.17,2.16,1376,43.82,31.31
47.18,1.86,1252,43.67,31.32
47.47,2.92,1847,43.64,31.32
46.95,2.4,1540,43.55,31.32
47.74,2.23,1484,43.45,31.32
47.42,1.99,1244,43.31,31.32
47.3,2.32,1471,43.22,31.32
47.26,1.65,1076,43.06,31.32
47.31,2.45,1597,42.99,31.32
47.34,3.76,2387,43.12,31.32
47.36,4.38,2961,43.42,31.33
47.35,4.42,2828,43.69,31.33
47.28,4.6,3039,44.01,31.33
47.23,3.77,2477,44.14,31.33
47.24,3.91,2499,44.28,31.33
47.23,3.8,2492,44.41,31.33
47.43,4.47,2864,44.66,31.33
47.35,4.03,2623,44.83,31.33
46.82,4.36,2875,45.07,31.33
47.36,3.55,2280,45.12,31.34
47.29,3.63,2383,45.2,31.34
47.26,4.22,2716,45.39,31.34
47.2,4.71,3071,45.69,31.34
47.43,4.56,2970,45.95,31.34
47.4,4.91,3170,46.27,31.34
47.14,4.08,2562,46.39,31.34
47.32,3.45,2281,46.41,31.34
47.11,3.97,2679,46.55,31.34
47.05,4.56,2972,46.79,31.35
47.16,3.61,2313,46.82,31.35
47.39,3.8,2481,46.89,31.35
47.4,3.58,2382,46.93,31.35
47.33,4.19,2785,47.09,31.35
47.36,3.76,2492,47.15,31.35
47.33,3.73,2448,47.21,31.35
47.16,4.06,2673,47.33,31.35
47.32,4.06,2643,47.44,31.35
47.37,4.13,2635,47.56,31.36
47.37,4.35,2809,47.72,31.36
47.43,3.61,2332,47.73,31.36
47.36,4.39,2871,47.91,31.36
47.3,3.58,2236,47.9,31.36
47.41,3.87,2544,47.96,31.36
47.25,4.22,2641,48.07,31.36
47.12,4.72,3086,48.32,31.36
47.23,4.14,2750,48.44,31.36
47.14,3.68,2434,48.46,31.36
47.15,4.17,2668,48.56,31.37
47.23,4.14,2723,48.67,31.37
47.13,4.02,2648,48.75,31.37
47.2,3.79,2550,48.79,31.37
46.96,3.95,2587,48.85,31.37
47.28,3.73,2475,48.88,31.37
47.25,4.04,2603,48.94,31.37
47.12,4.03,2577,49.01,31.37
47.35,3.93,2600,49.06,31.37
47.39,2.78,1851,48.92,31.38
47.01,2.61,1663,48.74,31.38
47.13,3.31,2089,48.67,31.38
47.13,4.21,2743,48.78,31.38
47.1,3.28,2134,48.71,31.38
47.37,2.46,1608,48.52,31.38
47.22,4.06,2687,48.62,31.38
47.2,2.83,1894,48.49,31.38
46.94,3.57,2321,48.49,31.38
47.34,3.76,2397,48.5,31.39
47.06,3.84,2460,48.54,31.39
47.25,3.85,2471,48.57,31.39
47.28,3.83,2485,48.61,31.39
47.45,3.52,2265,48.59,31.39
47.04,2.93,1894,48.47,31.39
46.79,3.68,2395,48.48,31.39
47.27,3.76,2414,48.5,31.39
47.51,2.92,1916,48.38,31.39
47.43,2.67,1829,48.25,31.39
47.27,2.8,1814,48.11,31.4
47.17,3.23,2065,48.05,31.4
47.36,2.29,1505,47.85,31.4
47.09,3.78,2414,47.89,31.4
47.31,2.37,1531,47.7,31.4
47.31,2.42,1542,47.53,31.4
47.4,2.5,1569,47.36,31.4
47.65,3.25,2069,47.31,31.4
47.3,2.88,1842,47.21,31.4
47.16,2.8,1766,47.09,31.41
47.23,4.07,2710,47.22,31.41
46.97,4.06,2663,47.34,31.41
47.13,2.65,1771,47.22,31.41
47.17,3.03,1905,47.14,31.41
47.16,1.74,1117,46.89,31.41
47.26,2.02,1332,46.69,31.41
47.11,2.3,1575,46.54,31.41
47.4,2.36,1498,46.38,31.41
47.23,2.27,1411,46.21,31.41
47.23,3.19,2081,46.18,31.42
47.18,2.12,1342,46.0,31.42
47.25,2.69,1836,45.92,31.42
47.35,2.73,1803,45.83,31.42
47.1,1.8,1157,45.63,31.42
47.13,2.95,1900,45.57,31.42
47.18,2.67,1730,45.48,31.42
47.03,2.56,1570,45.36,31.42
47.11,3.02,1965,45.33,31.42
47.16,1.81,1154,45.14,31.43
47.36,3.32,2187,45.16,31.43
47.27,2.67,1690,45.08,31.43
47.26,2.58,1709,44.99,31.43
47.36,3.22,2118,45.0,31.43
47.21,3.11,2027,44.99,31.43
47.29,2.79,1873,44.94,31.43
47.21,2.97,1833,44.89,31.43
47.27,2.32,1532,44.77,31.43
47.14,2.61,1692,44.69,31.43
46.86,1.49,962,44.48,31.44
47.2,1.87,1166,44.31,31.44
47.44,3.25,2043,44.33,31.44
47.36,1.55,1052,44.14,31.44
47.37,1.73,1162,43.97,31.44
47.41,2.99,2032,43.98,31.44
47.24,1.56,1113,43.8,31.44
47.25,1.96,1199,43.65,31.44
47.13,2.64,1710,43.6,31.44
47.17,2.52,1652,43.53,31.44
47.31,3.11,2069,43.56,31.45
47.4,2.57,1742,43.51,31.45
47.2,2.5,1574,43.44,31.45
47.15,2.97,1903,43.44,31.45
47.22,2.58,1743,43.39,31.45
47.31,2.73,1693,43.35,31.45
47.0,3.6,2289,43.45,31.45
46.87,4.04,2650,43.65,31.45
47.14,4.39,2955,43.94,31.45
47.03,4.51,2845,44.2,31.45
47.14,3.77,2452,44.33,31.46
47.2,4.79,3142,44.68,31.46
47.15,4.28,2854,44.91,31.46
47.43,3.92,2568,45.05,31.46
47.27,3.97,2490,45.18,31.46
47.26,4.01,2542,45.32,31.46
47.31,4.7,3122,45.63,31.46
47.04,4.17,2736,45.81,31.46
47.37,4.34,2766,46.01,31.46
47.2,3.93,2581,46.13,31.46
47.31,4.0,2615,46.26,31.47
47.05,3.92,2423,46.34,31.47
46.98,4.34,2715,46.52,31.47
47.34,3.98,2603,46.63,31.47
47.27,3.78,2561,46.73,31.47
47.08,3.88,2538,46.82,31.47
47.08,4.66,2907,47.05,31.47
47.38,4.5,2842,47.25,31.47
47.03,3.86,2537,47.33,31.47
47.46,4.56,3001,47.56,31.47
47.08,3.52,2276,47.56,31.48
47.31,3.58,2302,47.57,31.48
47.16,3.66,2417,47.61,31.48
47.3,3.79,2519,47.68,31.48
47.13,3.58,2360,47.7,31.48
47.18,4.27,2728,47.83,31.48
47.21,4.35,2870,48.01,31.48
47.06,4.24,2741,48.14,31.48
47.32,4.32,2775,48.29,31.48
47.13,4.41,2832,48.45,31.48
47.17,3.47,2256,48.42,31.49
47.06,4.37,2866,48.58,31.49
46.82,4.35,2725,48.71,31.49
47.18,4.82,3095,48.95,31.49
47.57,3.99,2571,49.01,31.49
47.32,3.73,2474,49.03,31.49
47.2,4.32,2762,49.16,31.49
47.16,4.57,2956,49.34,31.49
47.21,2.41,1606,49.13,31.49
47.29,4.06,2644,49.21,31.49
47.03,2.71,1840,49.06,31.5
47.37,2.76,1789,48.9,31.5
47.31,2.33,1605,48.71,31.5
47.31,2.85,1956,48.59,31.5
47.27,3.11,2045,48.51,31.5
47.2,2.86,1881,48.39,31.5
47.3,2.64,1745,48.24,31.5
47.29,2.34,1561,48.05,31.5
47.15,2.89,1886,47.94,31.5
47.11,3.88,2580,48.01,31.5
47.21,3.05,2008,47.93,31.5
47.43,2.83,1908,47.83,31.51
47.01,2.9,1809,47.71,31.51
46.98,3.17,2074,47.65,31.51
47.22,2.83,1892,47.55,31.51
47.2,3.55,2252,47.55,31.51
47.22,4.23,2771,47.7,31.51
47.23,2.27,1509,47.52,31.51
47.16,2.8,1905,47.42,31.51
47.42,2.75,1771,47.3,31.51
46.96,3.1,2022,47.24,31.51
47.07,2.26,1444,47.05,31.52
47.18,3.23,2089,47.02,31.52
46.95,4.05,2715,47.16,31.52
47.17,2.35,1526,46.99,31.52
47.44,2.8,1787,46.88,31.52
47.2,3.7,2394,46.93,31.52
47.23,2.58,1649,46.8,31.52
47.0,2.46,1574,46.65,31.52
47.1,3.31,2127,46.63,31.52
47.14,2.12,1356,46.45,31.52
47.14,3.64,2304,46.49,31.52
47.38,2.25,1464,46.32,31.53
47.27,3.12,1980,46.28,31.53
47.02,2.31,1561,46.13,31.53
47.23,2.8,1804,46.05,31.53
47.26,1.81,1195,45.85,31.53
47.36,3.46,2272,45.88,31.53
47.43,3.03,1876,45.83,31.53
47.04,2.9,1873,45.77,31.53
47.07,1.44,1021,45.54,31.53
47.0,3.1,1975,45.51,31.53
47.15,3.01,2070,45.49,31.54
47.26,2.74,1809,45.42,31.54
47.33,2.14,1416,45.27,31.54
47.17,2.28,1496,45.14,31.54
47.14,1.64,1115,44.94,31.54
47.21,2.2,1488,44.81,31.54
47.06,2.01,1308,44.66,31.54
47.5,2.36,1510,44.55,31.54
46.94,1.77,1078,44.36,31.54
47.21,1.88,1263,44.2,31.54
47.49,1.83,1194,44.04,31.54
47.18,3.4,2169,44.1,31.55
47.15,2.8,1790,44.06,31.55
47.13,2.31,1498,43.95,31.55
47.15,2.59,1636,43.88,31.55
47.39,2.9,1888,43.87,31.55
46.85,3.33,2083,43.91,31.55
47.41,1.88,1197,43.76,31.55
46.97,1.85,1144,43.6,31.55
47.14,3.63,2366,43.71,31.55
47.12,2.28,1434,43.61,31.55
47.27,1.53,969,43.43,31.55
46.94,1.89,1339,43.3,31.56
47.25,1.43,976,43.13,31.56
47.48,3.42,2256,43.22,31.56
46.97,2.11,1438,43.12,31.56
47.21,3.35,2204,43.2,31.56
47.08,3.54,2228,43.29,31.56
47.24,2.72,1705,43.25,31.56
47.18,1.63,924,43.08,31.56
47.08,1.53,1005,42.91,31.56
47.25,2.59,1631,42.87,31.56
47.45,2.26,1443,42.78,31.56
47.15,2.72,1751,42.76,31.57
47.28,4.2,2697,43.0,31.57
46.98,3.89,2524,43.17,31.57
47.03,4.02,2600,43.37,31.57
47.24,4.15,2676,43.59,31.57
47.4,4.14,2613,43.79,31.57
47.23,4.41,2876,44.06,31.57
47.12,4.44,2994,44.35,31.57
47.17,3.96,2591,44.52,31.57
46.98,4.73,3185,44.87,31.57
47.26,4.73,3043,45.18,31.57
47.3,3.61,2331,45.25,31.58
47.1,3.39,2204,45.29,31.58
47.1,3.85,2494,45.41,31.58
47.21,4.39,2910,45.65,31.58
47.1,3.85,2392,45.74,31.58
47.16,3.88,2499,45.85,31.58
47.48,4.3,2875,46.07,31.58
47.13,4.41,2841,46.28,31.58
47.11,3.75,2485,46.37,31.58
47.07,4.63,3041,46.64,31.58
47.28,4.41,2865,46.84,31.58
47.14,3.8,2484,46.92,31.59
47.07,4.43,2873,47.12,31.59
47.36,3.8,2361,47.17,31.59
47.38,4.14,2714,47.31,31.59
47.07,3.74,2399,47.36,31.59
46.88,3.52,2221,47.36,31.59
47.32,4.05,2651,47.48,31.59
47.06,3.82,2498,47.54,31.59
47.28,4.28,2831,47.71,31.59
46.87,4.41,2855,47.89,31.59
47.3,3.72,2459,47.94,31.59
46.98,3.57,2323,47.95,31.6
47.27,4.45,2912,48.14,31.6
47.16,3.62,2372,48.16,31.6
47.02,4.0,2536,48.23,31.6
47.1,4.26,2790,48.37,31.6
47.26,4.45,2899,48.55,31.6
47.18,4.48,2901,48.73,31.6
47.25,4.65,3027,48.95,31.6
47.46,3.94,2686,49.03,31.6
46.92,4.35,2735,49.15,31.6
47.4,2.69,1740,48.99,31.6
47.17,3.68,2430,49.0,31.6
47.02,2.05,1273,48.75,31.61
46.96,3.93,2571,48.81,31.61
47.13,2.58,1692,48.64,31.61
47.29,4.16,2624,48.73,31.61
47.14,3.38,2170,48.68,31.61
47.38,3.46,2335,48.67,31.61
46.94,2.45,1514,48.48,31.61
47.15,2.96,1903,48.36,31.61
46.97,2.63,1700,48.21,31.61
47.21,3.05,1983,48.12,31.61
47.29,3.4,2190,48.09,31.61
47.09,3.51,2284,48.09,31.62
46.76,3.87,2511,48.15,31.62
47.18,3.21,2119,48.09,31.62
47.22,2.76,1836,47.97,31.62
47.21,2.81,1846,47.86,31.62
47.34,3.96,2585,47.94,31.62
46.99,2.55,1578,47.78,31.62
47.25,3.42,2231,47.76,31.62
47.33,2.24,1513,47.58,31.62
46.88,2.9,1804,47.47,31.62
47.2,3.35,2115,47.44,31.62
47.07,3.09,2082,47.39,31.62
47.14,3.2,2006,47.33,31.63
47.2,3.5,2272,47.34,31.63
47.08,2.75,1759,47.22,31.63
47.05,2.91,1962,47.15,31.63
47.15,3.54,2319,47.17,31.63
46.98,3.19,2114,47.14,31.63
46.98,2.43,1580,46.98,31.63
47.25,3.55,2409,47.03,31.63
46.97,3.27,2088,47.0,31.63
47.25,2.54,1670,46.87,31.63
47.21,3.81,2538,46.96,31.63
46.89,3.14,2114,46.93,31.63
47.04,2.73,1758,46.82,31.64
47.32,3.63,2258,46.84,31.64
47.0,2.35,1510,46.68,31.64
47.07,2.54,1740,46.57,31.64
47.21,2.64,1680,46.45,31.64
47.26,2.27,1489,46.29,31.64
47.1,3.19,2058,46.27,31.64
47.05,1.82,1180,46.06,31.64
47.35,2.49,1685,45.95,31.64
47.4,2.86,1870,45.88,31.64
47.29,3.28,2233,45.91,31.64
47.15,3.38,2247,45.94,31.64
47.02,2.46,1606,45.81,31.65
47.02,2.87,1859,45.75,31.65
47.22,2.16,1418,45.6,31.65
47.2,2.12,1314,45.43,31.65
47.35,3.3,2092,45.44,31.65
47.24,3.3,2183,45.46,31.65
46.91,3.2,2128,45.47,31.65
47.3,1.68,1024,45.26,31.65
46.99,3.13,2077,45.26,31.65
47.08,3.3,2135,45.28,31.65
47.17,2.13,1345,45.12,31.65
47.44,2.4,1545,45.01,31.65
47.6,2.85,1894,44.97,31.66
47.23,2.4,1593,44.86,31.66
47.11,3.73,2441,44.97,31.66
47.21,2.41,1582,44.87,31.66
47.27,3.08,1945,44.85,31.66
47.09,3.07,2021,44.85,31.66
47.4,2.47,1585,44.75,31.66
47.17,3.24,2210,44.79,31.66
47.21,2.66,1708,44.72,31.66
47.23,2.2,1540,44.61,31.66
47.2,1.68,1082,44.42,31.66
47.26,2.32,1502,44.31,31.66
47.04,2.77,1789,44.27,31.66
47.05,3.47,2194,44.33,31.67
46.97,2.11,1438,44.21,31.67
47.2,2.0,1305,44.07,31.67
47.25,1.72,1149,43.9,31.67
47.2,4.59,3062,44.23,31.67
47.38,3.71,2408,44.35,31.67
47.13,4.53,2943,44.63,31.67
47.23,3.78,2465,44.76,31.67
46.96,4.76,3027,45.07,31.67
47.07,4.74,2989,45.36,31.67
47.23,4.65,2947,45.64,31.67
47.25,3.71,2471,45.74,31.67
47.08,4.01,2591,45.88,31.68
47.12,4.0,2639,46.02,31.68
46.9,3.86,2495,46.13,31.68
47.07,3.65,2295,46.18,31.68
47.26,3.9,2580,46.3,31.68
47.21,4.71,3014,46.57,31.68
47.2,4.39,2880,46.78,31.68
47.13,4.38,2891,46.99,31.68
47.12,3.96,2570,47.1,31.68
47.02,4.2,2754,47.25,31.68
47.23,4.75,3014,47.51,31.68
47.19,4.33,2959,47.71,31.68
47.2,3.52,2308,47.72,31.68
47.04,3.97,2621,47.82,31.69
46.8,4.68,3087,48.08,31.69
47.29,4.17,2702,48.2,31.69
47.05,4.32,2813,48.36,31.69
46.99,3.74,2484,48.4,31.69
47.22,3.8,2452,48.44,31.69
47.06,4.57,2993,48.65,31.69
47.28,3.85,2528,48.71,31.69
47.21,3.88,2485,48.75,31.69
47.22,4.05,2651,48.84,31.69
46.91,4.87,3078,49.08,31.69
47.3,3.8,2514,49.12,31.69
47.16,4.65,3098,49.35,31.69
47.06,4.03,2662,49.43,31.7
47.14,4.8,3193,49.68,31.7
46.85,4.77,3062,49.9,31.7
47.18,4.07,2636,49.96,31.7
46.96,3.73,2428,49.95,31.7
46.91,3.75,2443,49.96,31.7
46.89,4.46,2880,50.1,31.7
47.28,3.55,2261,50.05,31.7
47.02,4.05,2721,50.13,31.7
47.34,2.91,1851,49.97,31.7
47.03,2.16,1490,49.73,31.7
46.86,4.16,2732,49.82,31.7
46.94,3.09,2020,49.71,31.7
47.3,3.68,2422,49.71,31.71
47.09,3.78,2531,49.74,31.71
47.03,2.86,1729,49.57,31.71
47.13,3.22,2114,49.48,31.71
47.19,3.35,2186,49.42,31.71
47.28,2.79,1820,49.27,31.71
47.33,2.64,1765,49.11,31.71
47.05,3.25,2080,49.03,31.71
46.91,2.56,1607,48.84,31.71
47.05,2.93,1833,48.71,31.71
47.15,2.55,1611,48.54,31.71
46.96,3.65,2410,48.56,31.71
46.96,4.05,2660,48.65,31.71
47.16,3.31,2193,48.61,31.71
47.1,2.97,1906,48.5,31.72
47.11,4.15,2678,48.61,31.72
46.99,2.18,1500,48.4,31.72
47.07,2.93,1955,48.3,31.72
46.97,2.68,1780,48.16,31.72
47.24,2.85,1764,48.04,31.72
47.26,2.69,1848,47.92,31.72
46.83,2.75,1784,47.79,31.72
46.96,2.67,1747,47.66,31.72
46.88,3.38,2219,47.65,31.72
47.01,2.92,1906,47.56,31.72
47.09,3.46,2241,47.55,31.72
46.88,3.04,1981,47.48,31.72
46.96,2.54,1680,47.34,31.73
46.95,3.69,2440,47.4,31.73
47.13,3.05,2045,47.34,31.73
47.11,2.31,1447,47.16,31.73
46.99,1.44,911,46.9,31.73
47.13,1.84,1239,46.68,31.73
47.02,2.45,1516,46.53,31.73
47.06,3.1,2026,46.5,31.73
47.35,2.02,1277,46.3,31.73
47.3,2.49,1649,46.18,31.73
46.9,2.19,1379,46.02,31.73
47.22,1.7,1086,45.8,31.73
47.22,3.44,2224,45.84,31.73
46.92,3.19,2085,45.83,31.73
47.22,1.61,1097,45.62,31.74
47.33,3.02,2013,45.59,31.74
46.93,2.26,1476,45.46,31.74
46.96,3.49,2211,45.5,31.74
47.25,2.22,1575,45.37,31.74
47.14,1.99,1286,45.21,31.74
47.18,2.62,1716,45.13,31.74
47.14,3.16,2068,45.13,31.74
47.15,1.9,1254,44.96,31.74
46.89,2.83,1795,44.91,31.74
47.25,1.44,955,44.7,31.74
47.27,3.37,2279,44.76,31.74
47.06,1.75,1034,44.57,31.74
47.08,3.23,2100,44.6,31.74
46.86,2.59,1627,44.52,31.75
47.17,2.23,1500,44.41,31.75
47.18,3.39,2261,44.47,31.75
47.08,3.65,2367,44.58,31.75
47.26,2.84,1846,44.54,31.75
47.04,1.72,1077,44.36,31.75
47.17,2.54,1532,44.27,31.75
46.94,2.68,1727,44.21,31.75
47.08,2.38,1539,44.12,31.75
47.06,2.77,1803,44.08,31.75
47.12,1.49,804,43.88,31.75
47.03,2.99,1859,43.87,31.75
47.07,2.86,1787,43.84,31.75
47.21,1.9,1239,43.7,31.75
47.02,2.64,1744,43.65,31.76
46.84,2.5,1569,43.58,31.76
47.35,2.91,1879,43.58,31.76
47.29,1.8,1142,43.43,31.76
46.89,4.72,3166,43.8,31.76
47.19,4.2,2708,44.03,31.76
47.01,3.74,2411,44.15,31.76
47.12,3.79,2420,44.28,31.76
47.13,4.29,2694,44.49,31.76
47.05,4.29,2824,44.73,31.76
46.96,3.96,2561,44.89,31.76
46.98,3.5,2256,44.95,31.76
46.94,4.5,2935,45.22,31.76
46.96,4.7,2975,45.51,31.76
47.07,4.16,2793,45.71,31.76
46.97,4.44,2797,45.93,31.77
47.18,4.81,3200,46.26,31.77
47.3,4.37,2840,46.47,31.77
46.99,4.14,2674,46.63,31.77
47.11,4.63,3045,46.9,31.77
47.15,3.65,2354,46.94,31.77
47.15,4.35,2876,47.14,31.77
47.09,4.44,2900,47.35,31.77
47.19,4.03,2653,47.47,31.77
47.15,4.64,3067,47.73,31.77
46.89,4.34,2815,47.9,31.77
47.21,3.85,2552,47.98,31.77
47.21,4.38,2875,48.16,31.77
46.96,4.06,2708,48.28,31.77
47.08,4.65,3005,48.5,31.77
47.18,4.22,2813,48.65,31.78
47.04,4.69,3009,48.87,31.78
47.23,4.14,2592,48.95,31.78
47.43,4.28,2712,49.06,31.78
46.96,4.75,3073,49.3,31.78
46.87,3.81,2491,49.33,31.78
47.12,4.37,2844,49.47,31.78
47.18,3.5,2312,49.44,31.78
47.04,4.49,2860,49.6,31.78
47.29,4.34,2905,49.74,31.78
46.87,4.69,3115,49.97,31.78
47.17,4.69,3093,50.18,31.78
46.98,3.4,2271,50.12,31.78
47.33,3.38,2120,50.04,31.78
47.37,4.31,2835,50.16,31.78
46.95,4.27,2815,50.27,31.79
46.99,2.84,1897,50.12,31.79
47.2,3.99,2633,50.17,31.79
47.01,3.83,2515,50.19,31.79
47.06,2.31,1525,49.96,31.79
47.07,2.42,1635,49.75,31.79
46.78,3.32,2128,49.68,31.79
47.06,3.03,1987,49.56,31.79
46.96,2.83,1814,49.41,31.79
46.99,3.98,2577,49.47,31.79
47.28,2.4,1427,49.24,31.79
46.88,4.14,2647,49.33,31.79
47.19,2.15,1375,49.09,31.79
47.02,2.45,1573,48.89,31.79
47.02,2.81,1808,48.76,31.79
47.18,3.33,2108,48.7,31.79
47.11,2.77,1787,48.56,31.8
47.15,3.75,2493,48.6,31.8
47.21,3.02,1948,48.5,31.8
47.01,2.21,1499,48.3,31.8
46.97,3.86,2571,48.37,31.8
46.9,4.13,2656,48.48,31.8
46.94,3.44,2264,48.46,31.8
47.5,4.01,2543,48.54,31.8
47.25,2.25,1410,48.32,31.8
46.86,2.8,1825,48.2,31.8
46.86,2.91,1917,48.1,31.8
47.13,4.05,2710,48.22,31.8
47.14,3.13,2025,48.15,31.8
47.14,2.18,1426,47.94,31.8
47.02,2.8,1822,47.83,31.8
47.04,2.36,1624,47.67,31.8
47.11,2.95,1982,47.59,31.81
47.07,3.08,2018,47.53,31.81
46.72,2.78,1849,47.43,31.81
47.02,2.13,1405,47.24,31.81
46.93,2.32,1564,47.08,31.81
47.08,2.89,1922,47.0,31.81
47.5,2.84,1834,46.91,31.81
47.11,2.06,1343,46.72,31.81
47.01,1.75,1148,46.5,31.81
47.19,2.69,1757,46.4,31.81
47.13,3.01,1931,46.35,31.81
47.12,2.24,1475,46.2,31.81
47.14,2.73,1746,46.1,31.81
47.36,1.85,1174,45.9,31.81
46.88,2.08,1345,45.74,31.81
47.12,1.68,1103,45.53,31.81
46.91,3.11,2085,45.53,31.82
47.13,2.37,1579,45.41,31.82
46.91,3.17,2116,45.42,31.82
46.99,2.9,1972,45.39,31.82
47.01,3.09,1977,45.37,31.82
47.2,2.12,1416,45.23,31.82
47.19,1.91,1281,45.06,31.82
46.86,3.5,2288,45.13,31.82
47.06,2.78,1850,45.08,31.82
46.94,3.2,2086,45.1,31.82
46.86,1.5,1006,44.89,31.82
47.01,2.12,1308,44.74,31.82
47.0,3.06,1988,44.74,31.82
47.41,1.67,1123,44.56,31.82
47.11,2.87,1917,44.54,31.82
46.84,2.41,1521,44.44,31.82
46.96,1.51,974,44.24,31.82
47.2,1.96,1222,44.09,31.83
47.36,1.95,1250,43.95,31.83
46.81,1.85,1216,43.8,31.83
46.76,2.79,1868,43.79,31.83
47.32,2.02,1357,43.67,31.83
47.1,1.95,1278,43.54,31.83
46.91,3.37,2161,43.61,31.83
47.12,2.34,1514,43.53,31.83
46.65,2.23,1576,43.45,31.83
47.04,2.96,1854,43.45,31.83
47.09,3.26,2059,43.49,31.83
47.18,1.47,965,43.32,31.83
46.89,2.39,1590,43.26,31.83
47.05,2.82,1878,43.26,31.83
46.9,4.46,2912,43.56,31.83
47.08,4.53,2869,43.84,31.83
46.9,4.51,2923,44.14,31.83
46.98,4.11,2582,44.32,31.83
46.89,3.63,2377,44.43,31.84
47.13,3.67,2406,44.54,31.84
47.17,3.96,2570,44.71,31.84
47.0,4.69,2991,45.01,31.84
47.04,4.58,2939,45.29,31.84
46.82,3.56,2235,45.34,31.84
46.99,4.73,3073,45.66,31.84
47.03,3.66,2538,45.77,31.84
47.43,4.09,2653,45.93,31.84
46.87,3.87,2497,46.04,31.84
47.25,4.66,3042,46.33,31.84
47.18,4.51,2876,46.56,31.84
47.08,4.04,2567,46.68,31.84
47.3,4.47,2877,46.9,31.84
47.09,3.66,2424,46.96,31.84
47.09,3.84,2515,47.05,31.84
47.02,4.02,2604,47.17,31.84
47.21,3.9,2574,47.27,31.84
47.2,4.48,2998,47.5,31.85
46.94,4.39,2890,47.7,31.85
46.83,3.98,2534,47.79,31.85
47.0,3.8,2378,47.83,31.85
46.91,3.68,2302,47.85,31.85
47.02,4.08,2698,47.97,31.85
47.21,4.17,2670,48.1,31.85
46.96,3.82,2527,48.16,31.85
47.02,4.38,2821,48.33,31.85
47.04,4.05,2651,48.43,31.85
47.15,3.79,2501,48.48,31.85
46.69,4.58,2941,48.69,31.85
46.94,3.61,2391,48.7,31.85
47.06,4.02,2577,48.78,31.85
47.21,4.2,2695,48.89,31.85
46.95,3.61,2390,48.9,31.85
46.74,3.76,2478,48.93,31.85
47.12,3.87,2540,48.99,31.85
46.93,4.61,2940,49.18,31.86
46.85,4.62,2986,49.38,31.86
46.93,3.95,2602,49.44,31.86
47.0,2.69,1861,49.3,31.86
46.93,3.71,2504,49.33,31.86
46.69,2.68,1719,49.16,31.86
47.16,3.86,2477,49.2,31.86
47.21,3.59,2421,49.2,31.86
47.12,3.22,2123,49.13,31.86
46.85,3.75,2415,49.15,31.86
46.99,3.79,2470,49.18,31.86
47.02,3.88,2458,49.21,31.86
47.11,4.09,2710,49.31,31.86
47.12,2.28,1550,49.1,31.86
46.91,2.45,1670,48.93,31.86
47.03,3.91,2598,48.99,31.86
47.09,4.12,2663,49.09,31.86
47.24,2.83,1884,48.96,31.86
47.12,2.13,1461,48.74,31.86
47.14,2.73,1824,48.61,31.87
47.03,2.98,1981,48.52,31.87
47.23,3.63,2366,48.53,31.87
47.08,2.37,1498,48.34,31.87
46.89,2.61,1791,48.2,31.87
47.23,4.05,2632,48.3,31.87
47.12,2.41,1628,48.13,31.87
46.95,3.6,2467,48.18,31.87
46.94,3.09,2054,48.11,31.87
47.06,3.51,2340,48.12,31.87
47.08,2.44,1539,47.94,31.87
47.04,2.63,1674,47.8,31.87
47.06,3.02,2027,47.73,31.87
47.27,4.04,2602,47.84,31.87
47.17,3.17,1994,47.77,31.87
47.04,2.52,1554,47.61,31.87
47.15,3.82,2475,47.68,31.87
46.86,2.23,1436,47.49,31.87
47.07,4.1,2717,47.63,31.87
47.28,2.09,1306,47.42,31.87
46.98,1.94,1331,47.21,31.88
46.88,2.41,1509,47.05,31.88
46.91,2.36,1477,46.89,31.88
46.84,2.13,1391,46.71,31.88
46.89,3.1,2015,46.67,31.88
46.95,2.5,1656,46.55,31.88
46.8,2.9,1823,46.47,31.88
47.01,1.9,1250,46.27,31.88
47.14,2.5,1540,46.14,31.88
46.87,2.13,1277,45.96,31.88
47.23,2.73,1865,45.9,31.88
47.08,3.09,2064,45.88,31.88
47.16,3.16,2055,45.87,31.88
46.91,2.16,1301,45.7,31.88
47.13,2.91,1872,45.65,31.88
46.84,3.46,2273,45.7,31.88
47.14,2.9,1863,45.65,31.88
47.03,1.92,1326,45.48,31.88
47.09,2.75,1817,45.42,31.88
46.83,1.82,1140,45.23,31.88
46.87,3.41,2139,45.26,31.89
47.09,2.48,1653,45.17,31.89
46.86,2.18,1460,45.04,31.89
47.07,1.61,1085,44.85,31.89
46.8,2.28,1566,44.74,31.89
47.13,3.27,2149,44.78,31.89
46.81,1.42,930,44.57,31.89
47.08,2.6,1726,44.51,31.89
47.09,3.28,2191,44.56,31.89
46.89,2.24,1490,44.45,31.89
47.09,2.37,1540,44.36,31.89
47.04,2.51,1680,44.29,31.89
46.92,2.27,1481,44.18,31.89
46.85,1.79,1142,44.02,31.89
46.7,1.62,1059,43.85,31.89
47.05,2.74,1764,43.82,31.89
46.76,3.14,2034,43.85,31.89
47.01,1.85,1161,43.7,31.89
46.96,2.0,1351,43.58,31.89
47.1,2.26,1479,43.49,31.89
46.95,3.13,2073,43.54,31.89
46.94,4.31,2825,43.8,31.89
47.1,4.09,2614,44.0,31.9
47.04,4.27,2844,44.26,31.9
47.04,3.95,2556,44.42,31.9
47.06,4.4,2845,44.68,31.9
46.76,4.68,3050,45.0,31.9
47.11,4.54,2964,45.28,31.9
47.08,3.72,2546,45.41,31.9
46.84,3.81,2503,45.53,31.9
46.95,4.75,3064,45.84,31.9
46.98,3.97,2675,46.0,31.9
46.97,4.81,3045,46.3,31.9
47.04,3.97,2554,46.42,31.9
47.2,4.53,2914,46.66,31.9
47.15,4.66,3027,46.92,31.9
46.79,4.35,2847,47.12,31.9
47.08,3.57,2340,47.16,31.9
47.19,4.06,2663,47.29,31.9
47.05,4.56,2993,47.53,31.9
47.15,4.66,3028,47.78,31.9
47.29,3.69,2463,47.84,31.9
47.14,3.98,2508,47.92,31.9
47.02,4.49,2789,48.09,31.9
47.14,4.25,2797,48.24,31.91
47.01,4.91,3178,48.53,31.91
46.99,4.76,3180,48.81,31.91
46.93,4.58,3029,49.02,31.91
47.22,3.66,2408,49.04,31.91
46.86,3.66,2353,49.04,31.91
47.21,3.62,2388,49.05,31.91
47.06,4.81,3105,49.29,31.91
46.77,4.1,2671,49.38,31.91
47.04,3.51,2267,49.35,31.91
46.67,4.03,2635,49.43,31.91
47.08,3.83,2479,49.46,31.91
47.11,4.57,3021,49.66,31.91
46.89,4.31,2823,49.79,31.91
47.0,4.29,2765,49.9,31.91
47.27,3.6,2320,49.88,31.91
46.9,4.62,2937,50.05,31.91
46.82,3.59,2238,50.0,31.91
47.2,4.25,2806,50.12,31.91
47.27,2.34,1502,49.89,31.91
46.98,3.71,2350,49.88,31.91
47.13,2.84,1866,49.73,31.91
47.18,3.58,2290,49.7,31.91
46.87,3.77,2447,49.71,31.91
46.9,4.0,2534,49.76,31.92
47.16,3.67,2420,49.76,31.92
47.23,3.29,2142,49.68,31.92
47.06,3.32,2186,49.62,31.92
46.84,2.72,1746,49.46,31.92
47.27,2.49,1631,49.27,31.92
46.89,2.53,1570,49.07,31.92
46.92,2.52,1752,48.91,31.92
47.02,4.08,2676,49.01,31.92
47.21,2.64,1802,48.86,31.92
47.1,3.71,2397,48.88,31.92
47.03,2.44,1535,48.69,31.92
47.04,4.2,2702,48.81,31.92
46.98,3.04,1972,48.71,31.92
47.06,2.97,1922,48.61,31.92
46.59,2.85,1946,48.5,31.92
46.93,3.79,2420,48.54,31.92
47.01,2.66,1696,48.38,31.92
46.8,3.92,2584,48.46,31.92
47.03,3.46,2171,48.43,31.92
46.94,2.44,1582,48.26,31.92
47.23,2.2,1439,48.06,31.92
47.2,3.79,2483,48.12,31.92
46.9,2.84,1861,48.01,31.92
46.94,3.98,2684,48.12,31.92
46.96,2.59,1640,47.97,31.93
46.9,3.33,2130,47.93,31.93
47.0,3.52,2318,47.95,31.93
46.85,3.28,2144,47.91,31.93
46.8,2.87,1882,47.81,31.93
47.06,3.86,2440,47.87,31.93
47.06,3.08,2112,47.82,31.93
46.84,2.9,1908,47.73,31.93
47.1,3.09,1927,47.66,31.93
46.87,3.32,2190,47.64,31.93
47.0,2.56,1610,47.49,31.93
47.09,2.36,1583,47.33,31.93
46.96,2.37,1474,47.16,31.93
47.03,3.0,1999,47.11,31.93
46.88,3.12,1966,47.05,31.93
46.93,2.19,1374,46.87,31.93
46.93,2.29,1494,46.71,31.93
46.85,3.22,2062,46.69,31.93
46.93,2.64,1688,46.57,31.93
46.73,1.87,1142,46.36,31.93
46.89,2.9,1868,46.3,31.93
46.92,3.48,2306,46.34,31.93
46.92,3.23,2191,46.35,31.93
46.92,2.98,1981,46.31,31.93
46.95,1.98,1319,46.13,31.93
47.03,3.12,1941,46.09,31.93
47.09,2.55,1655,45.98,31.93
46.86,3.39,2173,46.0,31.94
46.78,2.3,1420,45.85,31.94
46.8,1.64,1003,45.64,31.94
46.88,2.44,1621,45.53,31.94
46.9,2.18,1387,45.38,31.94
46.84,2.92,1824,45.33,31.94
46.76,3.53,2262,45.39,31.94
46.89,2.87,1881,45.35,31.94
46.98,3.28,2097,45.37,31.94
47.04,2.3,1432,45.23,31.94
46.87,2.92,1851,45.19,31.94
46.89,3.28,2179,45.23,31.94
46.81,3.09,1907,45.2,31.94
46.95,2.53,1629,45.11,31.94
46.82,2.74,1772,45.05,31.94
47.04,3.0,1914,45.03,31.94
46.68,2.04,1278,44.87,31.94
46.9,2.88,1921,44.85,31.94
47.0,3.5,2324,44.93,31.94
46.98,2.3,1498,44.81,31.94
47.35,2.9,1858,44.78,31.94
47.0,3.51,2286,44.86,31.94
46.8,3.48,2281,44.93,31.94
46.93,4.11,2665,45.12,31.94
46.68,3.7,2425,45.22,31.94
46.94,4.17,2692,45.41,31.94
46.82,4.07,2486,45.55,31.94
47.08,4.09,2649,45.72,31.94
46.86,4.48,2945,45.97,31.94
46.93,3.71,2411,46.06,31.95
46.85,4.45,2909,46.3,31.95
47.21,4.25,2751,46.48,31.95
46.9,4.8,3112,46.79,31.95
47.22,4.08,2661,46.93,31.95
47.07,4.52,3034,47.19,31.95
47.02,4.28,2824,47.37,31.95
47.0,4.53,2979,47.6,31.95
47.0,3.53,2307,47.62,31.95
46.65,4.39,2789,47.8,31.95
46.9,4.48,2972,48.02,31.95
47.07,3.65,2420,48.05,31.95
46.93,4.19,2740,48.19,31.95
46.73,4.54,2950,48.4,31.95
46.93,4.14,2716,48.53,31.95
47.2,3.59,2322,48.53,31.95
47.13,4.5,2960,48.73,31.95
46.93,3.49,2227,48.71,31.95
47.08,4.63,2912,48.9,31.95
46.88,3.56,2255,48.88,31.95
46.68,3.68,2401,48.9,31.95
46.8,3.82,2470,48.94,31.95
47.17,4.4,2853,49.1,31.95
46.9,4.84,3079,49.34,31.95
46.9,3.64,2381,49.35,31.95
46.89,3.71,2357,49.35,31.95
47.22,4.05,2660,49.43,31.95
47.18,4.64,2946,49.62,31.95
47.27,4.08,2608,49.69,31.95
46.91,4.03,2574,49.74,31.95
46.98,4.32,2834,49.88,31.95
46.71,4.05,2609,49.94,31.95
47.16,3.86,2533,49.97,31.96
46.76,4.0,2659,50.04,31.96
46.97,2.7,1841,49.88,31.96
46.77,2.86,1873,49.73,31.96
46.84,4.03,2561,49.79,31.96
46.81,3.66,2439,49.79,31.96
46.84,4.12,2755,49.89,31.96
46.85,3.03,1968,49.77,31.96
46.85,3.82,2546,49.81,31.96
47.06,4.11,2691,49.89,31.96
46.76,2.87,1784,49.73,31.96
46.96,4.27,2744,49.84,31.96
47.11,3.83,2462,49.86,31.96
46.85,4.07,2628,49.93,31.96
46.82,3.95,2521,49.96,31.96
46.89,3.82,2435,49.97,31.96
47.11,4.18,2786,50.08,31.96
46.96,3.15,1959,49.96,31.96
46.85,3.7,2366,49.95,31.96
47.0,2.51,1663,49.75,31.96
46.76,3.63,2332,49.74,31.96
47.03,3.81,2494,49.76,31.96
46.99,3.61,2328,49.74,31.96
46.88,3.54,2321,49.72,31.96
46.8,2.84,1797,49.56,31.96
46.79,3.27,2030,49.47,31.96
47.0,2.31,1479,49.25,31.96
47.11,2.4,1472,49.04,31.96
46.83,3.56,2312,49.03,31.96
46.99,3.18,2007,48.95,31.96
46.61,2.62,1647,48.78,31.96
46.83,2.71,1837,48.65,31.96
46.92,2.94,1921,48.54,31.96
46.79,3.53,2219,48.52,31.96
46.78,3.26,2120,48.47,31.96
46.82,2.41,1560,48.29,31.97
46.96,3.57,2215,48.28,31.97
46.89,2.65,1739,48.14,31.97
46.58,2.49,1664,47.99,31.97
46.6,3.35,2155,47.96,31.97
46.83,2.99,1926,47.87,31.97
46.99,3.19,2048,47.82,31.97
46.51,3.3,2166,47.79,31.97
46.84,3.44,2226,47.79,31.97
46.84,2.94,1898,47.7,31.97
47.13,2.99,1900,47.61,31.97
46.86,2.2,1533,47.44,31.97
46.97,1.9,1220,47.22,31.97
46.94,2.92,1931,47.15,31.97
46.6,3.44,2247,47.16,31.97
47.03,2.39,1427,46.99,31.97
46.95,3.1,1994,46.94,31.97
46.99,2.42,1513,46.79,31.97
47.5,2.41,1612,46.66,31.97
46.6,2.41,1503,46.51,31.97
47.17,2.49,1642,46.39,31.97
46.87,2.22,1496,46.24,31.97
46.96,3.09,2025,46.21,31.97
46.91,3.23,2103,46.21,31.97
46.85,3.06,1968,46.17,31.97
46.83,2.11,1363,46.01,31.97
46.96,3.19,2009,45.99,31.97
46.68,2.2,1442,45.84,31.97
47.02,1.99,1344,45.68,31.97
46.85,2.9,1843,45.62,31.97
46.74,2.07,1344,45.46,31.97
46.84,1.62,1050,45.26,31.97
47.1,2.16,1419,45.12,31.97
46.83,3.14,2015,45.12,31.97
46.96,2.16,1326,44.98,31.97
46.8,2.85,1795,44.93,31.97
47.02,2.82,1717,44.87,31.97
47.01,3.07,2032,44.88,31.97
47.18,3.08,2025,44.88,31.97
46.88,2.29,1491,44.77,31.97
47.01,1.78,1123,44.59,31.97
46.92,2.08,1347,44.46,31.98
47.1,2.42,1569,44.37,31.98
46.8,2.99,1915,44.36,31.98
47.02,1.52,963,44.17,31.98
46.87,3.79,2529,44.33,31.98
46.89,4.35,2764,44.56,31.98
46.92,3.54,2353,44.66,31.98
46.94,3.97,2499,44.81,31.98
46.89,4.82,3200,45.18,31.98
46.93,3.76,2323,45.26,31.98
47.14,4.36,2858,45.5,31.98
47.05,4.81,3094,45.83,31.98
47.03,4.53,2935,46.09,31.98
46.83,4.69,3045,46.38,31.98
46.77,4.58,3006,46.64,31.98
47.04,4.01,2506,46.75,31.98
47.03,4.81,3127,47.05,31.98
47.12,4.71,3072,47.33,31.98
46.81,4.23,2718,47.49,31.98
46.86,4.06,2636,47.61,31.98
46.65,4.05,2602,47.72,31.98
46.84,4.13,2712,47.86,31.98
47.05,3.88,2541,47.94,31.98
46.83,4.25,2770,48.09,31.98
46.99,4.26,2800,48.25,31.98
46.87,4.19,2784,48.39,31.98
46.94,3.82,2431,48.44,31.98
46.72,4.6,3100,48.68,31.98
46.91,3.76,2461,48.72,31.98
46.45,3.78,2429,48.75,31.98
46.87,4.29,2902,48.92,31.98
46.65,3.92,2527,48.98,31.98
47.07,3.65,2311,48.98,31.98
47.01,3.92,2525,49.03,31.98
46.96,4.77,3076,49.27,31.98
47.12,4.33,2866,49.42,31.98
46.75,4.04,2622,49.5,31.98
47.15,3.69,2401,49.5,31.98
47.03,4.45,2894,49.67,31.98
46.86,4.65,3082,49.88,31.98
47.06,4.33,2797,50.0,31.98
46.72,4.55,2945,50.17,31.98
46.77,4.05,2597,50.23,31.98
46.8,4.41,2844,50.36,31.98
46.81,4.72,3094,50.57,31.98
46.73,4.35,2864,50.69,31.98
47.07,4.21,2821,50.8,31.98
46.85,3.64,2358,50.76,31.98
46.94,3.05,1968,50.62,31.98
46.8,2.39,1574,50.4,31.98
46.61,2.58,1655,50.19,31.98
46.93,2.39,1519,49.97,31.99
46.6,2.61,1710,49.79,31.99
46.88,3.14,2024,49.68,31.99
46.68,3.48,2247,49.64,31.99
47.18,2.81,1858,49.5,31.99
47.02,3.27,2141,49.43,31.99
46.9,2.97,2031,49.33,31.99
47.07,3.41,2260,49.3,31.99
46.76,4.17,2673,49.39,31.99
46.96,3.57,2299,49.37,31.99
46.91,2.27,1408,49.15,31.99
46.92,3.06,1942,49.04,31.99
47.07,3.85,2566,49.1,31.99
46.99,3.49,2254,49.08,31.99
46.92,3.93,2486,49.12,31.99
46.63,2.22,1344,48.89,31.99
46.74,2.68,1670,48.73,31.99
46.86,2.61,1659,48.57,31.99
46.89,3.86,2510,48.63,31.99
46.71,3.3,2125,48.58,31.99
47.24,2.46,1635,48.41,31.99
47.11,2.77,1756,48.27,31.99
46.97,3.21,2150,48.23,31.99
46.89,4.27,2766,48.38,31.99
46.85,3.01,1982,48.3,31.99
46.73,2.57,1646,48.14,31.99
46.89,2.97,1984,48.06,31.99
46.92,2.82,1768,47.94,31.99
46.69,3.31,2092,47.9,31.99
46.93,3.23,2053,47.85,31.99
46.85,3.6,2401,47.88,31.99
46.59,2.16,1389,47.68,31.99
46.75,1.78,1112,47.44,31.99
46.81,1.89,1218,47.22,31.99
47.16,2.25,1473,47.05,31.99
46.96,2.52,1586,46.91,31.99
46.67,2.09,1365,46.73,31.99
46.95,1.62,1045,46.5,31.99
46.64,1.68,1064,46.28,31.99
47.03,2.18,1356,46.11,31.99
46.8,2.84,1893,46.05,31.99
46.86,1.77,1125,45.85,31.99
47.07,2.55,1509,45.73,31.99
46.68,1.77,1171,45.54,31.99
46.66,1.96,1291,45.37,31.99
46.78,1.78,1201,45.19,31.99
47.03,1.73,1148,45.01,31.99
46.64,2.65,1731,44.94,31.99
46.44,2.45,1567,44.85,31.99
46.8,3.03,1947,44.84,31.99
46.95,1.6,1071,44.65,31.99
47.05,1.89,1219,44.49,31.99
46.8,2.0,1230,44.34,31.99
46.8,2.92,1879,44.33,31.99
47.04,2.17,1407,44.21,31.99
46.59,2.21,1334,44.09,31.99
46.81,2.21,1471,43.99,31.99
46.89,1.72,1121,43.83,31.99
46.93,3.3,2078,43.88,31.99
46.79,2.7,1737,43.84,31.99
46.87,2.88,1868,43.83,31.99
46.49,2.86,1909,43.83,31.99
46.76,2.4,1608,43.76,31.99
46.93,1.63,1111,43.6,31.99
46.72,2.74,1800,43.58,31.99
46.87,1.94,1228,43.45,31.99
46.93,2.28,1436,43.36,31.99
46.81,2.75,1753,43.34,31.99
46.89,3.02,1960,43.36,31.99
46.72,2.77,1800,43.35,31.99
46.83,2.74,1832,43.34,31.99
46.95,1.83,1176,43.21,31.99
46.88,2.19,1322,43.1,31.99
46.77,3.91,2482,43.28,32.0
46.89,3.57,2275,43.39,32.0
46.97,3.52,2239,43.49,32.0
46.55,4.36,2697,43.73,32.0
47.03,3.87,2593,43.92,32.0
46.81,3.93,2447,44.07,32.0
46.92,4.65,2993,44.39,32.0
47.04,3.75,2474,44.53,32.0
46.65,3.91,2570,44.69,32.0
46.75,4.54,2875,44.96,32.0
46.81,4.04,2689,45.15,32.0
46.74,4.39,2904,45.4,32.0
47.11,4.02,2604,45.56,32.0
46.73,3.68,2392,45.65,32.0
46.77,3.85,2455,45.76,32.0
46.88,4.79,3129,46.09,32.0
46.67,4.57,2985,46.36,32.0
46.79,4.94,3186,46.69,32.0
46.9,4.23,2781,46.88,32.0
46.8,4.54,2966,47.12,32.0
46.84,4.08,2813,47.29,32.0
46.77,4.1,2623,47.42,32.0
46.62,4.73,3141,47.7,32.0
46.9,3.59,2292,47.72,32.0
47.11,3.76,2473,47.79,32.0
46.85,4.0,2471,47.86,32.0
46.88,4.61,2968,48.09,32.0
46.95,3.98,2611,48.19,32.0
46.66,4.1,2680,48.31,32.0
47.1,4.82,3034,48.55,32.0
46.88,4.01,2586,48.64,32.0
47.09,3.89,2604,48.72,32.0
46.74,4.3,2849,48.88,32.0
47.12,4.55,3004,49.08,32.0
46.96,3.51,2400,49.09,32.0
46.93,4.6,2901,49.27,32.0
46.88,3.5,2255,49.24,32.0
46.81,4.26,2769,49.37,32.0
47.02,4.02,2580,49.43,32.0
46.87,3.76,2453,49.46,32.0
46.55,4.17,2774,49.57,32.0
46.68,4.71,3065,49.79,32.0
46.82,3.51,2168,49.74,32.0
46.89,2.99,1980,49.62,32.0
46.83,3.31,2152,49.55,32.0
47.03,3.2,1970,49.45,32.0
46.55,2.79,1780,49.3,32.0
46.86,2.44,1500,49.09,32.0
46.57,2.91,1876,48.97,32.0
46.95,2.61,1674,48.81,32.0
46.83,3.54,2222,48.78,32.0
46.9,3.8,2483,48.83,32.0
46.71,3.68,2339,48.84,32.0
47.03,3.52,2355,48.84,32.0
47.0,2.76,1801,48.7,32.0
46.93,3.46,2235,48.68,32.0
46.82,3.41,2276,48.66,32.0
46.92,2.29,1499,48.46,32.0
46.73,3.95,2585,48.55,32.0
46.97,2.49,1614,48.38,32.0
47.08,3.26,2105,48.33,32.0
47.0,3.24,2126,48.28,32.0
46.73,3.84,2571,48.36,32.0
46.89,4.2,2559,48.45,32.0
46.64,3.96,2670,48.55,32.0
46.92,3.29,2088,48.5,32.0
46.9,3.51,2293,48.5,32.0
46.55,2.41,1479,48.3,32.0
46.66,3.24,2182,48.27,32.0
46.79,3.86,2441,48.32,32.0
46.79,3.04,2034,48.25,32.0
46.65,2.38,1538,48.07,32.0
46.89,2.53,1639,47.92,32.0
46.87,3.02,1899,47.83,32.0
46.8,2.69,1811,47.71,32.0
46.72,2.89,1869,47.62,32.0
46.99,2.89,1917,47.54,32.0
47.08,2.9,1781,47.43,32.0
46.76,1.79,1121,47.2,32.0
46.74,2.65,1735,47.08,32.0
46.9,1.88,1146,46.86,32.0
46.78,1.75,1157,46.64,32.0
46.81,1.49,937,46.4,32.0
46.94,2.94,1869,46.34,32.0
46.54,2.15,1424,46.18,32.0
47.03,1.68,1103,45.97,32.0
46.84,2.1,1312,45.8,32.0
46.76,1.88,1277,45.62,32.0
46.81,3.61,2371,45.7,32.0
46.82,2.16,1306,45.54,32.0
46.57,2.14,1373,45.39,32.0
47.05,3.2,2098,45.41,32.0
46.83,2.66,1726,45.33,32.0
46.89,2.9,1720,45.27,32.0
46.97,2.94,1916,45.24,32.0
46.67,3.46,2286,45.3,32.0
46.89,2.04,1320,45.15,32.0
46.78,3.58,2329,45.23,32.0
46.95,3.09,2060,45.23,32.0
46.5,2.87,1786,45.18,32.0
46.81,2.65,1757,45.11,32.0
46.73,2.83,1857,45.07,32.0
46.89,1.41,836,44.85,32.0
46.89,1.76,1182,44.68,32.0
46.71,3.52,2376,44.78,32.0
46.71,2.5,1641,44.7,32.0
46.8,2.38,1576,44.6,32.0
46.68,2.81,1771,44.56,32.0
46.94,2.54,1620,44.48,32.0
46.76,1.4,862,44.28,32.0
46.38,2.94,1931,44.27,32.0
46.76,3.12,2002,44.29,32.0
46.66,2.01,1277,44.15,32.0
46.57,3.46,2287,44.24,32.0
46.63,1.79,1246,44.09,32.0
46.83,2.29,1487,44.0,32.0
47.01,1.75,1056,43.83,32.0
46.86,2.63,1709,43.79,32.0
46.72,2.32,1515,43.7,32.0
46.88,2.37,1585,43.63,32.0
46.75,4.22,2729,43.87,32.0
46.71,4.61,3040,44.2,32.0
46.64,4.59,3020,44.52,32.0
46.55,4.34,2805,44.76,32.0
46.75,3.52,2326,44.85,32.0
46.84,3.64,2411,44.96,32.0
46.8,4.71,3004,45.26,32.0
46.75,3.65,2420,45.36,32.0
46.67,3.77,2446,45.47,32.0
46.9,3.8,2460,45.59,32.0
46.61,4.29,2782,45.8,32.0
46.93,4.24,2821,46.01,32.0
46.66,3.81,2537,46.13,32.0
46.7,3.65,2396,46.21,32.0
46.59,4.51,2944,46.46,32.0
46.73,4.67,3028,46.73,32.0
46.95,3.62,2489,46.81,32.0
46.89,3.68,2358,46.87,32.0
46.95,4.34,2796,47.06,32.0
46.89,4.64,3034,47.32,32.0
46.64,4.39,2807,47.51,32.0
46.76,4.61,3051,47.76,32.0
46.69,4.44,2809,47.94,32.0
47.01,3.93,2517,48.02,32.0
46.63,3.66,2359,48.05,32.0
46.94,4.25,2711,48.19,32.0
46.94,4.42,2926,48.38,32.0
47.08,4.2,2662,48.5,32.0
46.74,4.74,3030,48.74,32.0
46.91,4.55,2926,48.93,32.0
47.15,4.56,3003,49.14,32.0
46.71,3.59,2403,49.15,32.0
46.57,3.67,2413,49.16,32.0
46.52,4.56,2895,49.34,32.0
46.91,3.72,2390,49.35,32.0
46.52,3.52,2365,49.34,32.0
46.74,4.67,3039,49.55,32.0
46.87,4.72,2996,49.76,32.0
46.83,3.69,2510,49.78,32.0
46.86,4.46,2873,49.93,32.0
46.83,3.6,2335,49.91,32.0
46.99,3.76,2412,49.91,32.0
46.66,2.3,1450,49.68,32.0
46.7,3.11,2085,49.59,32.0
46.68,2.92,1907,49.46,32.0
46.92,4.21,2751,49.58,32.0
46.93,2.35,1464,49.36,32.0
46.86,4.13,2668,49.45,32.0
46.97,2.39,1524,49.24,32.0
46.62,3.4,2169,49.19,32.0
47.05,2.7,1776,49.04,32.0
47.02,3.98,2572,49.11,32.0
46.9,2.31,1533,48.91,32.0
47.06,4.24,2789,49.05,32.0
46.55,2.28,1462,48.83,32.0
46.71,2.54,1674,48.67,32.0
46.68,3.11,2001,48.59,32.0
46.9,3.56,2277,48.58,32.0
46.63,4.07,2593,48.67,32.0
46.91,3.02,1968,48.58,32.0
47.0,3.9,2495,48.63,32.0
46.9,3.82,2549,48.7,32.0
46.83,3.35,2259,48.67,32.0
46.64,3.7,2431,48.7,32.0
46.66,2.24,1466,48.5,32.0
46.98,2.94,1912,48.4,32.0
46.91,3.82,2605,48.48,32.0
46.78,3.18,2168,48.43,32.0
46.73,3.85,2494,48.49,32.0
46.48,3.78,2446,48.53,32.0
46.63,4.02,2630,48.63,32.0
47.07,2.29,1431,48.42,32.0
46.6,2.74,1694,48.28,32.0
46.82,2.23,1381,48.07,32.0
46.94,4.22,2729,48.21,32.0
46.6,2.77,1754,48.08,32.0
46.81,2.85,1923,47.99,32.0
46.93,2.64,1640,47.84,32.0
46.79,2.78,1740,47.72,32.0
47.21,2.02,1220,47.5,32.0
46.53,2.75,1754,47.38,31.99
46.94,2.74,1763,47.27,31.99
46.76,2.2,1424,47.09,31.99
46.9,3.57,2320,47.13,31.99
46.85,3.33,2132,47.11,31.99
46.67,3.15,1992,47.07,31.99
46.82,2.72,1789,46.97,31.99
46.5,2.43,1535,46.82,31.99
46.87,1.95,1303,46.62,31.99
46.83,2.12,1301,46.44,31.99
46.88,3.06,1953,46.4,31.99
46.94,2.29,1594,46.26,31.99
46.83,3.24,2216,46.28,31.99
46.8,1.62,983,46.05,31.99
46.65,2.5,1687,45.95,31.99
46.67,2.93,1983,45.92,31.99
46.96,2.61,1751,45.83,31.99
46.99,3.29,2135,45.84,31.99
46.74,3.46,2152,45.87,31.99
46.78,1.68,1095,45.66,31.99
46.64,1.67,1105,45.46,31.99
46.95,1.84,1210,45.29,31.99
46.88,2.71,1785,45.23,31.99
47.07,2.09,1318,45.07,31.99
46.64,3.06,1963,45.06,31.99
46.72,2.33,1396,44.93,31.99
46.81,2.76,1838,44.89,31.99
46.87,3.06,1944,44.88,31.99
46.74,2.8,1806,44.83,31.99
46.64,2.58,1693,44.76,31.99
46.91,1.71,1081,44.58,31.99
46.88,2.53,1589,44.5,31.99
46.63,2.59,1693,44.43,31.99
46.98,2.6,1599,44.36,31.99
46.95,3.09,2047,44.38,31.99
46.79,3.2,2111,44.42,31.99
46.78,3.08,1973,44.42,31.99
46.85,2.31,1476,44.32,31.99
46.64,3.11,1973,44.33,31.99
46.77,2.23,1431,44.21,31.99
46.45,3.78,2450,44.35,31.99
46.9,3.73,2406,44.47,31.99
46.53,3.76,2514,44.62,31.99
46.99,4.06,2552,44.79,31.99
46.72,4.51,2883,45.05,31.99
46.74,4.29,2824,45.28,31.99
46.67,4.08,2753,45.48,31.99
46.72,4.0,2559,45.63,31.99
46.98,3.86,2557,45.76,31.99
46.39,4.0,2544,45.9,31.99
46.96,4.16,2683,46.07,31.99
46.82,3.54,2303,46.12,31.99
46.58,4.47,2874,46.36,31.99
46.6,4.28,2761,46.54,31.99
47.02,3.74,2361,46.61,31.99
46.62,4.2,2766,46.79,31.99
46.59,4.76,3046,47.07,31.99
46.93,3.59,2301,47.1,31.99
46.81,3.85,2466,47.18,31.99
46.62,4.22,2705,47.34,31.99
46.79,4.39,2861,47.53,31.99
46.61,3.75,2438,47.59,31.99
46.93,4.73,3200,47.89,31.99
46.92,4.57,2957,48.11,31.99
46.84,4.74,3075,48.37,31.99
46.81,3.94,2625,48.46,31.99
47.02,4.56,2977,48.67,31.99
46.76,3.93,2551,48.74,31.99
46.58,3.71,2405,48.77,31.99
46.83,4.86,3166,49.04,31.99
47.07,3.67,2433,49.06,31.99
46.61,4.6,3057,49.28,31.99
46.7,4.08,2706,49.38,31.99
46.82,4.92,3200,49.65,31.98
46.75,4.16,2712,49.75,31.98
46.61,4.4,2964,49.92,31.98
46.92,3.54,2280,49.88,31.98
47.1,4.21,2772,49.99,31.98
46.78,4.41,2928,50.15,31.98
46.62,4.46,2950,50.31,31.98
46.52,3.75,2400,50.3,31.98
46.79,3.93,2697,50.37,31.98
46.92,2.28,1569,50.14,31.98
46.82,2.28,1536,49.92,31.98
46.75,2.52,1586,49.71,31.98
46.66,2.75,1836,49.56,31.98
46.59,2.77,1688,49.39,31.98
46.88,3.77,2441,49.41,31.98
46.89,3.58,2333,49.4,31.98
46.52,4.47,2880,49.56,31.98
46.99,2.96,2005,49.45,31.98
46.84,4.1,2673,49.54,31.98
46.96,3.41,2167,49.48,31.98
46.55,3.14,2075,49.4,31.98
46.54,3.7,2426,49.41,31.98
46.73,3.63,2270,49.39,31.98
46.82,2.4,1627,49.2,31.98
47.02,3.53,2301,49.18,31.98
46.85,3.66,2429,49.2,31.98
46.71,4.21,2756,49.32,31.98
46.59,3.93,2539,49.37,31.98
46.93,3.42,2243,49.33,31.98
46.6,3.43,2223,49.29,31.98
46.99,4.02,2625,49.37,31.98
46.7,4.1,2694,49.46,31.98
46.98,3.92,2557,49.51,31.98
46.85,3.72,2442,49.53,31.98
46.72,2.53,1625,49.34,31.98
46.67,3.92,2520,49.39,31.98
46.69,2.76,1831,49.24,31.98
46.81,3.43,2299,49.22,31.98
46.75,2.87,1841,49.08,31.98
46.65,2.84,1860,48.96,31.98
46.72,3.06,1919,48.85,31.98
46.75,3.72,2508,48.89,31.98
46.42,3.71,2468,48.93,31.98
46.81,3.29,2112,48.87,31.98
46.59,3.34,2154,48.82,31.98
46.57,1.54,1063,48.54,31.98
46.49,1.72,1129,48.28,31.98
46.47,2.92,1927,48.18,31.98
46.54,2.0,1251,47.95,31.98
46.63,2.19,1452,47.76,31.98
47.03,2.54,1641,47.62,31.98
46.66,1.88,1234,47.39,31.97
46.76,2.69,1726,47.27,31.97
46.8,2.1,1353,47.08,31.97
46.76,2.62,1706,46.96,31.97
46.72,3.14,2011,46.92,31.97
46.56,1.82,1300,46.72,31.97
46.95,3.48,2210,46.74,31.97
47.01,2.46,1624,46.61,31.97
46.48,3.39,2221,46.63,31.97
46.58,1.92,1289,46.43,31.97
46.69,2.52,1513,46.3,31.97
46.59,2.24,1369,46.13,31.97
46.81,2.97,1904,46.08,31.97
46.62,2.88,1918,46.03,31.97
47.06,2.54,1640,45.92,31.97
46.91,3.34,2156,45.94,31.97
46.76,1.82,1187,45.75,31.97
46.89,1.75,1095,45.55,31.97
46.9,2.79,1836,45.49,31.97
46.65,2.83,1847,45.44,31.97
46.61,2.3,1523,45.32,31.97
46.74,2.48,1685,45.23,31.97
46.86,3.41,2208,45.28,31.97
46.75,2.98,1944,45.25,31.97
46.49,1.68,1045,45.06,31.97
46.61,2.01,1241,44.9,31.97
46.72,3.56,2315,44.98,31.97
46.72,2.86,1862,44.94,31.97
47.02,3.21,2121,44.97,31.97
46.52,2.03,1347,44.82,31.97
46.8,2.99,1955,44.81,31.97
46.95,2.96,2011,44.81,31.97
47.07,2.17,1394,44.68,31.97
46.66,2.7,1745,44.62,31.97
46.8,2.79,1828,44.59,31.97
46.81,2.49,1556,44.5,31.97
46.75,3.77,2486,44.63,31.97
46.71,3.88,2528,44.78,31.97
46.79,4.84,3152,45.14,31.97
46.34,3.56,2341,45.22,31.97
46.82,4.36,2851,45.46,31.97
46.74,4.27,2799,45.68,31.96
46.69,4.47,2888,45.92,31.96
47.03,3.77,2532,46.04,31.96
46.62,3.76,2371,46.12,31.96
46.66,3.99,2557,46.25,31.96
47.02,3.67,2356,46.31,31.96
46.6,3.55,2269,46.35,31.96
46.64,3.65,2284,46.4,31.96
46.7,4.26,2853,46.61,31.96
46.85,3.97,2615,46.74,31.96
46.75,3.74,2401,46.81,31.96
46.52,3.81,2510,46.9,31.96
46.64,3.68,2385,46.96,31.96
46.63,3.93,2543,47.07,31.96
46.71,3.81,2428,47.14,31.96
46.78,4.62,3004,47.39,31.96
46.78,3.61,2315,47.42,31.96
46.45,4.69,3003,47.67,31.96
46.88,3.56,2361,47.7,31.96
46.75,4.81,3087,47.97,31.96
46.92,4.63,3077,48.22,31.96
46.78,4.38,2813,48.39,31.96
46.88,4.56,2892,48.58,31.96
46.78,3.58,2356,48.59,31.96
46.92,3.75,2413,48.62,31.96
46.79,3.85,2424,48.66,31.96
46.7,3.82,2494,48.71,31.96
47.05,3.97,2516,48.77,31.96
46.85,4.13,2582,48.86,31.96
46.8,3.57,2352,48.86,31.96
46.52,4.02,2689,48.96,31.96
46.52,3.72,2401,48.98,31.96
46.75,4.23,2809,49.12,31.96
46.73,4.85,3193,49.39,31.96
46.62,4.06,2672,49.47,31.96
46.73,4.3,2786,49.6,31.95
46.95,4.03,2592,49.66,31.95
46.81,2.59,1701,49.48,31.95
46.54,3.1,2046,49.39,31.95
46.69,3.66,2319,49.38,31.95
46.59,4.09,2641,49.46,31.95
46.65,3.74,2423,49.47,31.95
46.64,2.67,1720,49.31,31.95
46.63,2.7,1720,49.14,31.95
46.52,2.37,1475,48.93,31.95
46.69,2.4,1542,48.74,31.95
46.62,2.73,1759,48.6,31.95
46.27,2.66,1703,48.45,31.95
47.01,2.8,1850,48.33,31.95
46.87,2.57,1601,48.16,31.95
46.65,2.66,1741,48.03,31.95
46.71,2.42,1486,47.85,31.95
46.53,2.69,1748,47.72,31.95
46.96,3.58,2211,47.72,31.95
46.99,2.73,1727,47.59,31.95
46.73,2.77,1800,47.48,31.95
46.85,2.29,1417,47.3,31.95
46.73,2.98,1865,47.22,31.95
46.5,3.86,2558,47.32,31.95
46.64,2.35,1450,47.14,31.95
46.72,3.19,2066,47.11,31.95
46.63,3.52,2365,47.15,31.95
46.67,3.4,2216,47.15,31.95
46.68,3.98,2589,47.27,31.95
46.69,4.01,2572,47.38,31.95
46.71,2.31,1464,47.2,31.95
46.54,2.98,1926,47.13,31.95
46.59,3.36,2085,47.11,31.94
46.5,4.01,2656,47.24,31.94
46.84,3.78,2464,47.31,31.94
46.38,2.45,1507,47.15,31.94
46.87,2.76,1845,47.06,31.94
46.9,3.69,2434,47.13,31.94
46.65,2.53,1664,46.99,31.94
46.3,1.62,1166,46.77,31.94
46.64,2.01,1312,46.58,31.94
46.68,3.24,2179,46.58,31.94
46.54,3.29,2141,46.58,31.94
46.62,3.17,2085,46.56,31.94
46.92,3.48,2237,46.58,31.94
46.79,3.23,2007,46.55,31.94
46.55,1.61,952,46.31,31.94
46.45,2.04,1320,46.14,31.94
46.64,1.7,1096,45.93,31.94
46.66,1.84,1137,45.73,31.94
46.76,1.76,1130,45.53,31.94
46.61,2.51,1654,45.43,31.94
46.77,3.14,2106,45.44,31.94
46.98,3.2,2044,45.44,31.94
46.81,2.65,1743,45.37,31.94
46.68,3.26,2207,45.4,31.94
46.66,2.59,1721,45.32,31.94
46.63,3.16,2016,45.32,31.94
46.86,2.42,1576,45.21,31.94
46.59,1.92,1257,45.04,31.94
46.69,3.46,2281,45.11,31.94
46.69,2.28,1483,44.99,31.93
46.61,2.58,1702,44.91,31.93
46.48,2.18,1466,44.79,31.93
46.73,2.8,1768,44.74,31.93
46.68,3.5,2207,44.8,31.93
46.76,1.7,1137,44.62,31.93
46.6,3.21,2079,44.65,31.93
46.87,1.25,858,44.43,31.93
46.55,2.15,1452,44.32,31.93
46.94,1.72,1023,44.14,31.93
46.42,3.11,1981,44.15,31.93
46.75,1.58,1023,43.98,31.93
46.75,2.69,1697,43.93,31.93
46.56,2.09,1337,43.81,31.93
46.74,1.77,1085,43.65,31.93
46.87,3.06,1967,43.67,31.93
46.35,2.08,1306,43.55,31.93
46.76,1.97,1295,43.43,31.93
46.31,2.16,1450,43.33,31.93
46.53,4.22,2766,43.58,31.93
46.92,3.59,2466,43.73,31.93
46.59,4.73,3125,44.09,31.93
46.5,3.47,2299,44.18,31.93
46.65,4.64,3010,44.5,31.93
46.99,3.45,2225,44.57,31.93
46.4,4.42,2935,44.84,31.93
46.52,4.69,3037,45.16,31.93
46.9,3.89,2531,45.29,31.92
46.95,3.75,2432,45.4,31.92
46.66,3.91,2567,45.54,31.92
46.49,4.2,2777,45.75,31.92
46.99,3.68,2445,45.84,31.92
46.91,4.46,2881,46.08,31.92
46.78,4.19,2731,46.26,31.92
46.55,3.95,2585,46.39,31.92
46.67,4.24,2830,46.59,31.92
46.65,4.29,2700,46.76,31.92
46.72,3.66,2376,46.82,31.92
46.89,4.44,2854,47.02,31.92
46.8,4.7,3029,47.29,31.92
46.51,3.79,2419,47.35,31.92
46.88,3.47,2285,47.37,31.92
46.72,4.41,2741,47.54,31.92
46.77,3.52,2283,47.55,31.92
46.89,3.48,2170,47.54,31.92
46.5,4.13,2653,47.67,31.92
46.66,3.9,2524,47.75,31.92
46.59,3.61,2323,47.77,31.92
46.43,4.83,3174,48.07,31.92
46.72,3.96,2634,48.17,31.92
47.04,4.74,3182,48.45,31.92
46.39,3.54,2304,48.45,31.92
46.66,4.68,3098,48.7,31.91
46.76,4.19,2800,48.83,31.91
46.68,3.68,2370,48.85,31.91
46.65,4.64,3075,49.08,31.91
46.47,4.74,2972,49.29,31.91
46.7,3.59,2351,49.28,31.91
46.55,4.51,3011,49.48,31.91
46.34,3.93,2558,49.53,31.91
46.84,4.47,2898,49.69,31.91
46.81,2.66,1722,49.51,31.91
46.67,3.07,2067,49.42,31.91
46.7,2.91,1813,49.28,31.91
46.82,2.13,1367,49.04,31.91
46.7,3.06,2032,48.95,31.91
46.8,3.14,2055,48.87,31.91
46.62,3.49,2327,48.86,31.91
46.86,3.38,2230,48.83,31.91
46.71,3.97,2554,48.9,31.91
46.69,2.97,1963,48.79,31.91
46.47,2.98,1872,48.68,31.91
46.7,3.2,1982,48.6,31.91
46.53,2.61,1663,48.43,31.91
46.56,3.17,2063,48.37,31.91
46.54,3.59,2296,48.37,31.91
46.5,3.13,2046,48.3,31.9
46.98,4.14,2692,48.42,31.9
46.86,3.49,2173,48.39,31.9
46.94,2.53,1617,48.23,31.9
46.47,3.08,2047,48.16,31.9
46.67,3.71,2435,48.2,31.9
46.46,3.45,2208,48.18,31.9
46.55,4.0,2633,48.28,31.9
46.52,3.56,2401,48.3,31.9
46.84,2.27,1454,48.11,31.9
46.59,2.47,1640,47.95,31.9
46.81,3.43,2258,47.94,31.9
46.74,2.59,1657,47.79,31.9
47.0,3.3,2086,47.75,31.9
46.43,3.76,2525,47.82,31.9
46.84,3.12,2080,47.77,31.9
46.82,2.96,1908,47.68,31.9
46.51,3.59,2393,47.72,31.9
46.8,2.52,1666,47.57,31.9
46.7,3.69,2458,47.63,31.9
46.62,3.41,2128,47.61,31.9
46.53,1.54,980,47.35,31.9
46.54,2.28,1563,47.19,31.89
46.96,3.44,2370,47.22,31.89
46.65,2.11,1352,47.03,31.89
46.77,3.48,2241,47.04,31.89
46.53,3.35,2211,47.04,31.89
46.53,3.21,2102,47.02,31.89
46.81,2.77,1826,46.92,31.89
46.44,2.76,1685,46.81,31.89
46.58,3.13,2023,46.77,31.89
46.65,3.03,2010,46.73,31.89
46.66,2.9,1764,46.63,31.89
46.62,3.37,2112,46.63,31.89
46.7,2.83,1750,46.53,31.89
46.75,3.36,2220,46.55,31.89
46.75,1.71,1065,46.32,31.89
46.5,1.81,1114,46.11,31.89
46.6,2.5,1625,46.0,31.89
46.82,2.43,1515,45.86,31.89
46.78,2.91,1917,45.82,31.89
46.44,1.75,1255,45.63,31.89
46.69,3.41,2197,45.67,31.89
46.34,2.14,1292,45.5,31.89
46.65,2.41,1543,45.38,31.88
46.93,2.0,1325,45.22,31.88
46.5,2.59,1703,45.14,31.88
46.51,1.71,1155,44.96,31.88
46.75,1.85,1175,44.79,31.88
46.41,3.02,1951,44.78,31.88
46.54,1.66,955,44.58,31.88
46.73,2.09,1390,44.45,31.88
46.54,3.1,1952,44.45,31.88
46.6,1.67,1096,44.27,31.88
46.75,2.29,1447,44.16,31.88
46.7,1.48,959,43.97,31.88
46.68,2.1,1416,43.86,31.88
46.59,2.7,1732,43.82,31.88
46.69,1.6,1002,43.65,31.88
46.62,3.12,2026,43.68,31.88
46.7,3.31,2121,43.74,31.88
46.56,1.59,990,43.56,31.88
46.61,3.55,2404,43.69,31.88
46.49,4.51,2837,43.97,31.88
46.63,4.62,3033,44.29,31.87
46.51,4.22,2739,44.51,31.87
46.47,4.65,2980,44.82,31.87
46.67,4.2,2748,45.03,31.87
46.66,3.84,2499,45.16,31.87
46.75,3.68,2459,45.27,31.87
46.57,4.39,2795,45.5,31.87
46.69,4.74,3053,45.8,31.87
46.71,4.56,3013,46.08,31.87
46.7,4.3,2783,46.28,31.87
46.51,4.16,2734,46.45,31.87
46.65,4.4,2919,46.68,31.87
46.68,4.59,3013,46.94,31.87
46.63,4.1,2635,47.07,31.87
46.32,4.13,2665,47.21,31.87
46.65,4.38,2907,47.42,31.87
46.96,4.52,2945,47.64,31.87
46.57,4.45,2883,47.84,31.87
46.52,3.44,2254,47.83,31.87
46.68,3.63,2293,47.85,31.87
46.67,4.62,2990,48.08,31.86
46.8,4.57,2969,48.29,31.86
46.44,4.03,2613,48.39,31.86
46.73,4.33,2792,48.54,31.86
46.71,4.64,2998,48.76,31.86
46.6,4.76,3088,49.0,31.86
46.67,4.63,3084,49.23,31.86
46.78,3.81,2369,49.24,31.86
46.75,4.39,2892,49.4,31.86
46.45,3.73,2418,49.41,31.86
46.75,4.71,3059,49.63,31.86
46.61,3.76,2421,49.64,31.86
46.63,4.51,2960,49.81,31.86
46.63,4.36,2884,49.95,31.86
46.6,4.67,2939,50.13,31.86
46.8,4.2,2836,50.24,31.86
46.61,3.53,2304,50.2,31.86
46.45,4.53,2952,50.36,31.86
46.56,3.9,2465,50.37,31.86
46.65,4.11,2640,50.43,31.85
46.8,4.92,3200,50.68,31.85
46.71,2.84,1850,50.51,31.85
46.49,2.99,1965,50.37,31.85
46.99,3.53,2269,50.32,31.85
46.66,2.47,1703,50.12,31.85
46.81,2.18,1408,49.87,31.85
46.59,2.86,1915,49.73,31.85
46.7,3.87,2506,49.76,31.85
46.74,3.13,2051,49.66,31.85
46.8,3.06,2007,49.55,31.85
46.77,3.01,2003,49.44,31.85
46.75,3.65,2409,49.44,31.85
46.57,3.23,2079,49.36,31.85
46.53,2.2,1488,49.14,31.85
46.66,2.47,1557,48.95,31.85
46.75,2.54,1591,48.76,31.85
46.58,3.31,2136,48.71,31.85
46.77,2.24,1474,48.5,31.85
46.83,2.81,1778,48.37,31.84
46.47,3.41,2216,48.34,31.84
46.49,2.9,1813,48.22,31.84
46.59,3.55,2294,48.22,31.84
46.66,3.07,2042,48.15,31.84
46.53,4.03,2579,48.24,31.84
46.81,4.11,2609,48.34,31.84
46.67,3.91,2563,48.42,31.84
46.61,4.03,2582,48.5,31.84
46.39,2.45,1716,48.34,31.84
46.41,3.49,2278,48.33,31.84
46.65,2.91,1943,48.24,31.84
46.29,3.72,2355,48.26,31.84
46.76,2.91,1917,48.16,31.84
46.58,2.65,1673,48.01,31.84
47.09,4.1,2658,48.12,31.84
46.95,2.74,1742,47.99,31.84
46.58,3.59,2386,48.01,31.84
46.59,3.66,2392,48.05,31.83
46.75,2.19,1429,47.85,31.83
46.86,3.01,2028,47.78,31.83
46.36,2.29,1488,47.6,31.83
46.34,3.3,2194,47.58,31.83
46.51,2.92,1988,47.5,31.83
46.69,1.88,1230,47.28,31.83
46.68,2.95,1933,47.21,31.83
46.76,1.9,1283,47.0,31.83
46.42,2.26,1542,46.84,31.83
46.25,1.96,1280,46.64,31.83
46.73,1.68,1060,46.41,31.83
46.48,2.02,1354,46.23,31.83
46.3,2.63,1741,46.13,31.83
46.62,2.6,1734,46.04,31.83
46.72,2.54,1684,45.93,31.83
46.58,1.99,1306,45.76,31.83
46.53,2.94,1926,45.71,31.82
46.57,2.96,1957,45.68,31.82
46.54,2.3,1425,45.53,31.82
46.4,3.25,2178,45.56,31.82
46.49,2.88,1894,45.51,31.82
46.68,3.01,1915,45.47,31.82
46.64,2.08,1359,45.32,31.82
46.62,1.43,993,45.1,31.82
46.45,3.35,2195,45.15,31.82
46.57,3.02,1929,45.12,31.82
46.27,1.65,1009,44.92,31.82
46.62,2.27,1596,44.81,31.82
46.81,2.57,1585,44.72,31.82
46.37,2.96,1940,44.71,31.82
46.51,3.22,2065,44.72,31.82
46.64,1.93,1310,44.57,31.82
46.78,2.54,1590,44.49,31.82
46.53,1.68,1172,44.32,31.81
46.49,2.41,1563,44.23,31.81
46.3,1.42,915,44.03,31.81
46.61,3.34,2155,44.09,31.81
46.9,2.51,1600,44.01,31.81
46.63,3.27,2107,44.05,31.81
46.59,1.71,1146,43.89,31.81
46.64,1.94,1174,43.75,31.81
46.59,2.07,1310,43.62,31.81
46.47,4.26,2842,43.88,31.81
46.71,4.73,3071,44.23,31.81
46.62,4.25,2731,44.45,31.81
46.59,3.54,2238,44.52,31.81
46.44,4.66,2969,44.82,31.81
46.78,4.36,2883,45.07,31.81
46.69,4.37,2802,45.3,31.81
46.5,3.75,2476,45.41,31.8
46.74,4.41,2821,45.64,31.8
46.51,3.83,2485,45.75,31.8
46.47,4.71,3059,46.05,31.8
46.47,3.69,2362,46.12,31.8
46.32,4.73,3081,46.42,31.8
46.65,3.57,2217,46.45,31.8
46.31,3.69,2395,46.51,31.8
46.4,3.7,2425,46.59,31.8
46.27,3.76,2400,46.65,31.8
46.57,4.37,2854,46.86,31.8
46.56,3.8,2476,46.94,31.8
46.53,4.05,2643,47.07,31.8
46.43,3.54,2233,47.08,31.8
46.41,4.46,2906,47.3,31.8
46.65,3.6,2255,47.31,31.8
46.5,3.96,2544,47.41,31.79
46.63,4.45,2892,47.61,31.79
46.45,4.69,3062,47.87,31.79
46.61,4.55,2900,48.07,31.79
46.77,4.69,3037,48.31,31.79
46.67,3.68,2434,48.34,31.79
46.52,4.73,3024,48.58,31.79
46.62,4.5,2819,48.74,31.79
46.54,4.68,3068,48.97,31.79
46.58,3.98,2542,49.03,31.79
46.53,4.61,2965,49.23,31.79
46.55,4.1,2670,49.32,31.79
46.61,4.3,2800,49.45,31.79
46.43,4.04,2680,49.53,31.79
46.42,4.06,2624,49.6,31.79
46.37,4.22,2749,49.7,31.79
46.33,4.15,2616,49.77,31.78
46.39,4.48,2946,49.94,31.78
46.6,4.28,2749,50.04,31.78
46.44,2.82,1994,49.91,31.78
46.65,3.24,2093,49.82,31.78
46.58,2.49,1641,49.62,31.78
46.28,2.29,1523,49.4,31.78
46.67,4.04,2622,49.47,31.78
46.69,3.2,2100,49.39,31.78
46.42,2.86,1969,49.27,31.78
46.63,4.16,2667,49.36,31.78
46.44,2.98,1823,49.22,31.78
46.58,2.81,1760,49.06,31.78
46.38,2.85,1901,48.94,31.78
46.3,3.44,2215,48.9,31.78
46.51,3.33,2281,48.87,31.77
46.55,2.28,1517,48.67,31.77
46.51,3.64,2334,48.67,31.77
46.39,3.74,2390,48.69,31.77
46.51,3.47,2231,48.66,31.77
46.61,3.9,2433,48.7,31.77
46.56,2.65,1737,48.55,31.77
46.59,2.54,1689,48.38,31.77
46.47,3.48,2215,48.36,31.77
46.74,2.62,1625,48.2,31.77
46.39,2.3,1453,48.0,31.77
46.64,2.25,1515,47.81,31.77
46.74,3.81,2517,47.88,31.77
46.64,2.33,1522,47.7,31.77
46.53,2.75,1867,47.6,31.77
46.48,2.53,1559,47.44,31.76
46.72,3.63,2349,47.47,31.76
46.35,3.17,2088,47.43,31.76
46.42,2.65,1763,47.3,31.76
46.5,3.8,2513,47.38,31.76
46.75,3.66,2417,47.43,31.76
46.62,3.19,2137,47.4,31.76
46.42,2.85,1891,47.31,31.76
46.51,3.43,2174,47.3,31.76
46.47,3.39,2180,47.29,31.76
46.45,1.83,1107,47.05,31.76
46.71,1.89,1280,46.84,31.76
46.35,3.24,2167,46.83,31.76
46.8,2.45,1534,46.68,31.76
46.68,3.08,1985,46.63,31.76
46.72,1.85,1114,46.41,31.75
46.49,3.28,2127,46.41,31.75
46.53,3.28,2089,46.39,31.75
46.34,2.75,1730,46.3,31.75
46.48,1.63,1057,46.07,31.75
46.63,3.31,2245,46.09,31.75
46.75,3.11,2059,46.07,31.75
46.39,3.08,1987,46.04,31.75
46.5,1.59,1028,45.81,31.75
46.53,3.1,2111,45.81,31.75
46.34,1.72,1180,45.61,31.75
46.64,1.92,1230,45.43,31.75
46.44,2.51,1660,45.33,31.75
46.52,2.17,1360,45.18,31.75
46.48,2.81,1830,45.13,31.74
46.43,2.88,1910,45.09,31.74
46.55,1.7,1159,44.91,31.74
46.52,2.62,1672,44.83,31.74
46.5,3.3,2197,44.87,31.74
46.44,1.82,1192,44.7,31.74
46.6,2.7,1741,44.63,31.74
46.8,2.25,1559,44.53,31.74
46.57,2.44,1566,44.43,31.74
46.7,2.04,1271,44.29,31.74
46.34,2.12,1342,44.16,31.74
46.57,1.52,1022,43.97,31.74
46.38,3.52,2241,44.05,31.74
46.33,2.84,1885,44.03,31.74
46.44,2.43,1539,43.95,31.73
46.73,2.37,1536,43.86,31.73
46.69,2.64,1824,43.82,31.73
46.58,2.17,1367,43.71,31.73
46.32,2.24,1358,43.6,31.73
46.52,2.46,1671,43.54,31.73
46.59,1.95,1195,43.4,31.73
46.57,1.72,1080,43.24,31.73
46.27,4.21,2772,43.49,31.73
46.41,3.81,2512,43.65,31.73
46.53,4.89,3060,44.01,31.73
46.62,4.67,3016,44.33,31.73
46.21,4.83,3181,44.7,31.73
46.52,4.07,2746,44.9,31.73
46.56,4.24,2695,45.1,31.72
46.67,4.16,2759,45.3,31.72
46.65,4.38,2814,45.52,31.72
46.63,3.42,2276,45.57,31.72
46.42,3.91,2489,45.69,31.72
46.25,4.6,2981,45.96,31.72
46.48,4.07,2665,46.12,31.72
46.69,4.73,3123,46.42,31.72
46.75,3.84,2525,46.52,31.72
46.65,4.83,3118,46.83,31.72
46.6,4.37,2813,47.02,31.72
46.59,4.37,2931,47.23,31.72
46.45,4.03,2635,47.35,31.72
46.52,4.5,2904,47.56,31.72
46.79,4.33,2844,47.74,31.71
46.39,4.44,2916,47.93,31.71
46.78,3.71,2342,47.96,31.71
46.49,4.22,2770,48.1,31.71
46.73,4.68,2966,48.32,31.71
46.32,3.67,2350,48.34,31.71
46.62,4.47,2859,48.51,31.71
46.42,3.43,2225,48.48,31.71
46.32,4.7,3030,48.71,31.71
46.57,4.64,3006,48.92,31.71
46.68,3.94,2469,48.96,31.71
46.41,3.47,2255,48.93,31.71
46.31,4.53,2890,49.11,31.71
46.52,3.55,2425,49.11,31.7
46.52,4.13,2663,49.2,31.7
46.61,3.92,2536,49.25,31.7
46.67,3.99,2625,49.32,31.7
46.52,3.45,2306,49.29,31.7
46.81,3.62,2294,49.27,31.7
46.56,3.54,2328,49.25,31.7
46.48,4.23,2800,49.37,31.7
46.29,4.29,2800,49.5,31.7
46.49,3.64,2374,49.49,31.7
46.48,3.27,2100,49.4,31.7
46.67,2.62,1685,49.22,31.7
46.6,2.48,1606,49.03,31.7
46.35,3.62,2331,49.02,31.69
46.55,3.44,2279,48.99,31.69
46.63,3.21,2043,48.91,31.69
46.75,3.18,2109,48.84,31.69
46.66,2.62,1771,48.68,31.69
46.64,3.11,2040,48.6,31.69
46.53,3.87,2424,48.63,31.69
46.58,3.83,2521,48.69,31.69
46.71,3.65,2342,48.69,31.69
46.32,4.17,2681,48.79,31.69
46.47,4.0,2617,48.87,31.69
46.41,2.57,1725,48.71,31.69
46.58,2.99,1861,48.59,31.69
46.71,2.45,1595,48.4,31.68
46.43,3.1,2115,48.34,31.68
46.16,3.7,2351,48.36,31.68
46.46,2.53,1632,48.19,31.68
46.66,3.78,2425,48.22,31.68
46.6,3.3,2181,48.19,31.68
46.58,3.75,2376,48.21,31.68
46.48,2.33,1438,48.01,31.68
46.33,2.53,1685,47.86,31.68
46.6,3.53,2303,47.87,31.68
46.39,3.92,2487,47.93,31.68
46.85,3.95,2564,48.01,31.68
46.6,3.53,2231,48.0,31.68
46.43,2.65,1770,47.87,31.67
46.43,2.62,1718,47.73,31.67
46.5,3.93,2516,47.8,31.67
46.48,2.34,1492,47.62,31.67
46.68,3.57,2295,47.63,31.67
46.54,3.38,2145,47.6,31.67
46.41,1.87,1280,47.38,31.67
46.8,2.15,1459,47.19,31.67
46.52,2.63,1687,47.06,31.67
46.63,1.89,1212,46.84,31.67
46.42,1.57,964,46.59,31.67
46.57,2.17,1402,46.42,31.67
46.56,3.18,2091,46.4,31.66
46.23,1.69,1156,46.18,31.66
46.81,2.32,1460,46.03,31.66
46.71,3.18,1984,46.0,31.66
46.45,3.42,2174,46.01,31.66
46.35,3.48,2287,46.05,31.66
46.56,2.42,1571,45.92,31.66
46.52,3.34,2218,45.94,31.66
46.56,1.63,1060,45.72,31.66
46.54,3.0,2033,45.7,31.66
46.58,2.83,1758,45.62,31.66
46.73,1.93,1130,45.43,31.66
46.59,2.45,1657,45.32,31.66
46.35,1.58,985,45.11,31.65
46.71,3.2,2085,45.12,31.65
46.75,2.16,1414,44.98,31.65
46.98,2.69,1762,44.91,31.65
46.34,1.81,1150,44.73,31.65
46.54,1.92,1200,44.56,31.65
46.19,3.53,2245,44.63,31.65
46.59,3.06,2021,44.63,31.65
46.42,3.49,2306,44.7,31.65
46.79,2.16,1392,44.57,31.65
46.39,1.86,1177,44.4,31.65
46.25,2.51,1661,44.32,31.65
46.43,2.58,1604,44.24,31.64
46.21,1.92,1345,44.1,31.64
46.62,2.82,1854,44.07,31.64
46.19,2.21,1426,43.96,31.64
46.51,1.69,1142,43.8,31.64
46.19,1.98,1320,43.67,31.64
46.45,2.58,1686,43.61,31.64
46.75,2.94,1817,43.59,31.64
46.55,2.42,1594,43.52,31.64
46.37,2.37,1616,43.45,31.64
46.49,1.86,1178,43.31,31.64
46.5,3.55,2355,43.42,31.64
46.57,4.35,2873,43.7,31.63
46.29,3.88,2539,43.87,31.63
46.59,4.27,2783,44.11,31.63
46.09,3.55,2337,44.2,31.63
46.4,4.74,3103,44.54,31.63
46.42,3.74,2525,44.68,31.63
46.59,4.38,2898,44.93,31.63
46.5,4.29,2822,45.16,31.63
46.28,3.77,2504,45.28,31.63
46.35,3.55,2344,45.35,31.63
46.52,3.59,2228,45.4,31.63
46.48,3.75,2430,45.5,31.63
46.41,3.8,2439,45.6,31.62
46.42,4.22,2757,45.79,31.62
46.6,4.11,2645,45.95,31.62
46.42,4.23,2781,46.14,31.62
46.48,3.57,2299,46.18,31.62
46.82,4.64,3104,46.47,31.62
46.28,3.69,2483,46.55,31.62
46.21,4.04,2551,46.67,31.62
46.61,3.55,2324,46.7,31.62
46.39,3.52,2262,46.72,31.62
46.44,4.36,2845,46.92,31.62
46.37,4.48,2942,47.14,31.62
46.45,4.43,2815,47.33,31.61
46.73,4.4,2811,47.51,31.61
46.61,4.71,3021,47.75,31.61
46.62,4.14,2666,47.87,31.61
46.28,4.06,2613,47.97,31.61
46.32,3.74,2474,48.02,31.61
46.06,3.58,2339,48.03,31.61
46.37,4.11,2627,48.13,31.61
46.63,3.68,2376,48.16,31.61
46.56,4.12,2562,48.24,31.61
46.45,3.77,2552,48.3,31.61
46.48,4.65,3025,48.53,31.6
46.38,4.74,3132,48.78,31.6
46.52,3.86,2550,48.83,31.6
46.6,4.7,3052,49.06,31.6
46.24,4.5,2807,49.2,31.6
46.53,4.78,3078,49.43,31.6
46.62,3.05,1999,49.32,31.6
46.42,3.81,2482,49.34,31.6
46.59,3.77,2500,49.37,31.6
46.9,3.63,2357,49.36,31.6
46.47,3.45,2332,49.33,31.6
46.54,3.14,1986,49.22,31.6
46.37,3.46,2277,49.19,31.59
46.51,3.88,2468,49.21,31.59
46.55,3.43,2273,49.18,31.59
46.51,2.23,1410,48.94,31.59
46.33,3.76,2354,48.95,31.59
46.51,3.5,2201,48.91,31.59
46.7,2.36,1513,48.7,31.59
46.55,2.53,1724,48.54,31.59
46.62,3.7,2440,48.56,31.59
46.44,3.32,2180,48.52,31.59
46.59,3.88,2520,48.57,31.59
46.52,2.6,1633,48.4,31.58
46.33,2.22,1397,48.18,31.58
46.52,2.44,1559,48.0,31.58
46.33,3.14,2012,47.93,31.58
46.38,3.28,2099,47.88,31.58
46.5,3.94,2516,47.95,31.58
46.52,3.64,2369,47.97,31.58
46.3,4.21,2702,48.1,31.58
46.63,2.45,1646,47.93,31.58
46.56,2.49,1676,47.77,31.58
46.37,2.38,1576,47.6,31.58
46.24,3.22,2120,47.56,31.57
46.45,2.87,1789,47.45,31.57
46.41,3.45,2360,47.47,31.57
46.49,2.45,1575,47.3,31.57
46.42,2.36,1571,47.14,31.57
46.17,2.94,1951,47.07,31.57
46.41,2.99,1890,46.98,31.57
46.42,3.84,2463,47.06,31.57
46.56,1.51,1004,46.8,31.57
46.36,3.45,2167,46.8,31.57
46.72,3.54,2294,46.82,31.57
46.18,3.58,2208,46.84,31.56
46.67,2.34,1523,46.68,31.56
46.43,3.6,2411,46.73,31.56
46.6,2.27,1474,46.56,31.56
46.48,1.61,974,46.32,31.56
46.64,1.97,1251,46.12,31.56
46.41,3.4,2242,46.14,31.56
46.3,1.58,1037,45.91,31.56
46.68,2.72,1793,45.83,31.56
46.45,1.73,1115,45.62,31.56
46.5,2.05,1293,45.44,31.56
46.65,1.67,1090,45.24,31.55
46.31,3.16,2059,45.24,31.55
46.55,2.75,1841,45.18,31.55
46.38,3.36,2163,45.2,31.55
46.44,2.84,1850,45.15,31.55
46.47,3.57,2316,45.22,31.55
46.24,2.63,1821,45.15,31.55
46.35,2.96,1886,45.11,31.55
46.66,2.57,1654,45.02,31.55
46.59,2.46,1550,44.9,31.55
46.45,3.17,2127,44.92,31.55
46.5,3.05,2051,44.92,31.54
46.42,3.1,2007,44.91,31.54
46.66,3.2,2139,44.93,31.54
46.43,1.99,1307,44.77,31.54
46.49,2.79,1850,44.72,31.54
46.63,1.9,1188,44.55,31.54
46.34,2.72,1775,44.49,31.54
46.69,2.98,2031,44.49,31.54
46.23,3.48,2334,44.57,31.54
46.7,1.51,1022,44.38,31.54
46.4,1.78,1202,44.21,31.54
46.42,1.54,1122,44.03,31.53
46.17,2.32,1549,43.94,31.53
46.39,3.25,2079,43.97,31.53
46.3,3.23,2161,44.01,31.53
46.36,2.92,1893,44.0,31.53
46.43,3.19,2100,44.03,31.53
46.6,4.58,2984,44.33,31.53
46.48,3.78,2421,44.45,31.53
46.5,4.6,3002,44.75,31.53
46.29,4.31,2849,44.99,31.53
46.32,3.97,2618,45.14,31.53
46.72,4.4,2886,45.38,31.52
46.34,4.16,2692,45.56,31.52
46.7,4.7,2971,45.83,31.52
46.41,4.86,3154,46.16,31.52
46.45,4.57,2995,46.42,31.52
46.61,3.74,2321,46.46,31.52
46.64,3.87,2511,46.56,31.52
46.43,4.03,2613,46.68,31.52
46.39,4.81,3081,46.97,31.52
46.44,3.83,2525,47.05,31.52
46.5,3.49,2318,47.07,31.51
46.58,3.75,2529,47.15,31.51
46.45,4.17,2706,47.29,31.51
46.54,4.62,3069,47.55,31.51
46.69,3.5,2233,47.54,31.51
46.5,3.79,2447,47.59,31.51
46.49,4.48,2947,47.8,31.51
46.22,4.52,2908,48.0,31.51
46.05,4.56,2957,48.21,31.51
46.5,4.86,3200,48.49,31.51
46.43,3.72,2415,48.51,31.51
46.37,4.11,2627,48.6,31.5
46.48,4.68,3015,48.82,31.5
46.43,4.65,3009,49.02,31.5
46.61,4.43,2909,49.19,31.5
46.46,4.54,2935,49.36,31.5
46.33,4.91,3068,49.59,31.5
46.59,4.08,2689,49.67,31.5
46.41,3.8,2504,49.69,31.5
46.52,4.11,2621,49.75,31.5
46.37,4.8,3065,49.96,31.5
46.34,4.51,2999,50.13,31.49
46.45,4.48,2897,50.27,31.49
46.44,4.16,2739,50.35,31.49
46.51,3.61,2310,50.3,31.49
46.4,3.71,2445,50.29,31.49
46.16,4.75,3042,50.48,31.49
46.37,3.29,2160,50.38,31.49
46.56,2.27,1495,50.13,31.49
46.39,3.99,2490,50.15,31.49
46.4,3.81,2481,50.15,31.49
46.58,2.96,1888,50.0,31.48
46.33,3.75,2492,50.0,31.48
46.2,2.89,1891,49.85,31.48
46.41,3.59,2318,49.81,31.48
46.36,3.27,2202,49.74,31.48
46.29,3.18,1974,49.62,31.48
46.41,2.22,1539,49.39,31.48
46.51,4.14,2783,49.5,31.48
46.43,3.87,2494,49.52,31.48
46.48,3.79,2511,49.54,31.48
46.71,2.76,1816,49.38,31.47
46.38,2.77,1673,49.2,31.47
46.47,3.35,2172,49.14,31.47
46.36,4.08,2588,49.2,31.47
46.3,4.07,2580,49.26,31.47
46.34,2.87,1852,49.12,31.47
46.36,3.56,2299,49.09,31.47
46.48,3.52,2346,49.08,31.47
46.78,2.62,1668,48.9,31.47
46.32,3.16,2032,48.8,31.47
46.37,2.59,1754,48.64,31.46
46.42,3.59,2322,48.63,31.46
46.49,4.0,2576,48.7,31.46
46.47,4.06,2683,48.79,31.46
46.62,3.54,2326,48.78,31.46
46.06,2.87,1868,48.65,31.46
46.07,3.29,2182,48.6,31.46
46.35,3.93,2494,48.64,31.46
46.59,3.41,2190,48.6,31.46
46.19,2.93,2001,48.5,31.46
45.97,4.02,2461,48.54,31.45
46.51,3.83,2455,48.58,31.45
46.46,2.4,1503,48.38,31.45
46.26,1.53,996,48.09,31.45
46.28,2.96,1957,47.99,31.45
46.28,3.29,2192,47.95,31.45
46.44,2.66,1705,47.81,31.45
46.33,2.61,1650,47.65,31.45
46.5,2.0,1230,47.42,31.45
45.99,2.05,1334,47.21,31.45
46.29,2.12,1484,47.02,31.44
46.25,2.39,1522,46.86,31.44
46.38,3.33,2160,46.84,31.44
46.34,2.49,1625,46.7,31.44
46.54,2.06,1317,46.5,31.44
46.14,2.14,1463,46.33,31.44
46.43,2.17,1469,46.16,31.44
46.5,2.84,1890,46.09,31.44
46.7,2.3,1541,45.95,31.44
46.35,2.32,1472,45.8,31.44
46.47,2.71,1705,45.7,31.43
46.15,2.13,1350,45.53,31.43
46.06,1.68,1107,45.32,31.43
46.54,1.54,982,45.1,31.43
46.42,2.01,1333,44.94,31.43
46.59,1.79,1169,44.75,31.43
46.21,2.25,1397,44.62,31.43
46.49,3.04,2041,44.61,31.43
46.7,2.75,1759,44.55,31.43
46.48,2.48,1650,44.46,31.43
46.46,3.23,2056,44.48,31.42
46.42,1.95,1221,44.31,31.42
46.18,3.22,2045,44.33,31.42
46.62,2.28,1408,44.2,31.42
46.32,2.51,1561,44.11,31.42
46.49,2.32,1529,44.01,31.42
46.18,1.77,1103,43.83,31.42
46.23,3.5,2293,43.92,31.42
46.63,1.53,1003,43.73,31.42
46.36,2.14,1436,43.62,31.41
46.63,2.02,1260,43.48,31.41
46.4,1.82,1237,43.34,31.41
46.13,1.62,1009,43.16,31.41
46.54,1.55,869,42.98,31.41
46.32,4.05,2639,43.19,31.41
46.51,4.65,2982,43.51,31.41
46.41,4.32,2885,43.78,31.41
46.18,4.73,3089,44.12,31.41
46.43,4.46,2892,44.39,31.41
46.74,4.49,2930,44.66,31.4
46.48,4.29,2766,44.87,31.4
46.4,3.72,2504,44.99,31.4
46.57,4.29,2759,45.2,31.4
46.44,3.66,2404,45.28,31.4
46.44,4.87,3123,45.61,31.4
46.24,3.74,2433,45.7,31.4
46.44,3.74,2366,45.77,31.4
46.56,4.32,2821,45.98,31.4
46.28,4.21,2737,46.15,31.39
46.62,3.58,2355,46.2,31.39
46.39,3.57,2346,46.25,31.39
46.27,4.72,3068,46.53,31.39
46.55,4.09,2759,46.69,31.39
46.36,3.62,2351,46.73,31.39
46.52,3.98,2587,46.83,31.39
46.36,3.69,2396,46.88,31.39
46.39,3.65,2383,46.93,31.39
46.47,4.78,3090,47.2,31.39
46.44,4.03,2602,47.31,31.38
46.1,3.47,2296,47.32,31.38
46.23,4.65,3018,47.56,31.38
46.54,4.51,2986,47.77,31.38
46.38,3.84,2402,47.81,31.38
46.32,4.06,2714,47.93,31.38
46.19,4.52,2986,48.14,31.38
46.24,3.95,2564,48.21,31.38
46.09,4.39,2852,48.37,31.38
46.38,4.08,2681,48.47,31.37
46.31,4.02,2561,48.54,31.37
46.25,4.38,2850,48.69,31.37
46.39,4.02,2620,48.77,31.37
46.45,3.59,2230,48.74,31.37
46.71,4.42,2894,48.9,31.37
46.17,3.71,2344,48.89,31.37
46.57,4.11,2724,48.99,31.37
46.54,4.11,2740,49.09,31.37
46.28,2.33,1588,48.89,31.37
46.42,3.69,2383,48.89,31.36
46.32,3.1,1997,48.78,31.36
46.42,3.33,2063,48.71,31.36
46.62,2.61,1734,48.54,31.36
46.48,3.72,2340,48.54,31.36
46.47,3.9,2463,48.58,31.36
46.33,3.1,1999,48.49,31.36
46.17,4.15,2643,48.58,31.36
46.36,2.29,1437,48.36,31.36
46.57,3.7,2410,48.38,31.35
46.16,3.35,2219,48.34,31.35
46.23,2.72,1796,48.2,31.35
46.41,2.49,1631,48.02,31.35
46.24,2.81,1882,47.91,31.35
46.27,3.87,2521,47.97,31.35
46.32,3.93,2529,48.03,31.35
46.18,3.57,2280,48.03,31.35
46.24,2.5,1651,47.86,31.35
46.49,4.07,2589,47.95,31.34
46.19,2.58,1693,47.79,31.34
46.15,3.52,2264,47.78,31.34
46.29,3.84,2455,47.83,31.34
46.49,2.48,1572,47.66,31.34
46.35,3.45,2289,47.65,31.34
46.31,2.23,1406,47.45,31.34
46.39,2.34,1509,47.27,31.34
46.12,3.65,2350,47.3,31.34
46.46,2.4,1611,47.14,31.33
46.44,3.16,2133,47.1,31.33
46.32,2.9,1931,47.01,31.33
46.53,2.98,1920,46.93,31.33
46.21,2.2,1444,46.75,31.33
46.55,3.7,2359,46.79,31.33
46.4,2.39,1564,46.64,31.33
46.33,3.92,2461,46.72,31.33
46.38,3.05,1993,46.66,31.33
46.36,1.72,1115,46.42,31.32
46.56,2.81,1848,46.34,31.32
46.22,2.05,1333,46.14,31.32
46.26,2.24,1500,45.99,31.32
46.53,1.69,1062,45.76,31.32
46.29,1.95,1302,45.58,31.32
46.51,1.78,1179,45.38,31.32
46.63,2.25,1519,45.24,31.32
46.32,3.22,2150,45.25,31.32
46.48,2.26,1423,45.1,31.31
46.2,2.87,1889,45.05,31.31
46.49,1.72,1061,44.85,31.31
46.4,2.79,1871,44.8,31.31
46.45,2.49,1575,44.69,31.31
46.28,3.65,2351,44.77,31.31
46.12,3.12,2039,44.77,31.31
46.45,2.42,1610,44.67,31.31
46.06,3.13,2056,44.67,31.31
46.33,1.79,1202,44.49,31.3
46.51,2.63,1711,44.42,31.3
46.4,1.72,1127,44.23,31.3
46.66,2.29,1400,44.11,31.3
46.53,2.07,1394,43.97,31.3
46.27,2.85,1839,43.94,31.3
46.37,2.51,1609,43.86,31.3
46.36,2.87,1963,43.85,31.3
46.13,2.46,1462,43.74,31.3
46.23,1.66,1081,43.57,31.29
46.28,3.09,1893,43.56,31.29
46.06,3.22,2109,43.6,31.29
46.38,3.31,2117,43.65,31.29
46.33,2.69,1601,43.58,31.29
46.12,3.06,2043,43.6,31.29
46.43,3.04,1912,43.6,31.29
46.47,1.75,1188,43.44,31.29
46.4,1.73,1078,43.27,31.28
46.32,1.62,1029,43.1,31.28
46.45,2.06,1225,42.97,31.28
46.47,2.51,1652,42.91,31.28
46.41,3.65,2343,43.03,31.28
46.24,2.42,1554,42.96,31.28
46.41,4.04,2623,43.16,31.28
46.54,4.36,2751,43.41,31.28
46.27,3.9,2567,43.58,31.28
46.68,3.48,2232,43.65,31.27
46.28,3.91,2655,43.84,31.27
46.37,4.55,2933,44.12,31.27
46.26,4.78,3089,44.46,31.27
46.39,4.87,3097,44.79,31.27
46.1,3.87,2437,44.91,31.27
46.28,3.97,2626,45.06,31.27
46.2,4.02,2665,45.22,31.27
46.38,3.92,2518,45.34,31.27
46.51,4.38,2850,45.57,31.26
46.46,3.96,2635,45.71,31.26
46.0,3.59,2347,45.76,31.26
46.66,4.21,2758,45.94,31.26
46.4,3.8,2477,46.03,31.26
46.24,3.49,2235,46.05,31.26
46.38,4.01,2625,46.19,31.26
46.38,3.97,2675,46.32,31.26
46.26,4.18,2690,46.47,31.26
46.39,3.9,2579,46.58,31.25
46.26,4.27,2783,46.75,31.25
46.29,4.95,3188,47.06,31.25
46.25,4.2,2772,47.22,31.25
46.14,4.17,2749,47.36,31.25
46.38,4.72,3098,47.62,31.25
46.44,3.86,2599,47.7,31.25
46.43,3.74,2525,47.76,31.25
46.48,4.0,2604,47.85,31.24
46.4,3.86,2501,47.9,31.24
46.27,4.25,2690,48.02,31.24
46.48,3.59,2412,48.04,31.24
46.15,4.56,2960,48.24,31.24
46.22,3.64,2336,48.24,31.24
46.21,4.71,3017,48.46,31.24
46.51,4.82,3088,48.7,31.24
46.49,4.72,3158,48.95,31.24
46.42,4.3,2838,49.08,31.23
46.51,3.72,2346,49.07,31.23
46.22,4.26,2697,49.17,31.23
46.4,3.86,2514,49.2,31.23
46.33,2.79,1765,49.03,31.23
46.48,2.84,1834,48.88,31.23
46.33,2.35,1603,48.68,31.23
46.29,2.6,1740,48.51,31.23
46.43,2.53,1556,48.32,31.22
46.48,3.16,2003,48.23,31.22
46.25,3.15,2058,48.15,31.22
46.34,3.68,2450,48.18,31.22
46.19,3.16,2011,48.09,31.22
45.97,3.28,2151,48.04,31.22
46.37,2.75,1768,47.9,31.22
46.44,3.84,2583,47.97,31.22
46.38,2.52,1667,47.81,31.22
46.05,4.24,2746,47.94,31.21
46.29,3.2,2006,47.86,31.21
46.01,2.62,1653,47.7,31.21
46.55,2.79,1690,47.55,31.21
46.18,2.38,1561,47.38,31.21
46.53,2.63,1742,47.24,31.21
46.48,2.9,1918,47.15,31.21
46.21,3.33,2136,47.12,31.21
46.17,2.45,1656,46.97,31.2
46.39,3.5,2351,46.99,31.2
46.21,3.94,2529,47.07,31.2
46.35,3.27,2181,47.05,31.2
46.27,2.81,1833,46.94,31.2
46.07,2.45,1568,46.78,31.2
46.0,2.27,1537,46.61,31.2
46.37,3.76,2382,46.66,31.2
46.25,3.5,2199,46.66,31.19
46.25,3.22,2074,46.63,31.19
46.44,2.21,1425,46.45,31.19
46.51,2.66,1647,46.32,31.19
46.3,3.84,2519,46.41,31.19
46.28,3.2,2039,46.37,31.19
46.41,4.07,2582,46.48,31.19
46.13,3.01,1987,46.43,31.19
46.37,2.6,1668,46.3,31.19
46.42,1.46,1004,46.05,31.18
46.44,3.35,2201,46.05,31.18
46.04,3.28,2122,46.04,31.18
46.22,2.01,1363,45.86,31.18
46.2,2.73,1797,45.77,31.18
46.35,3.33,2161,45.77,31.18
46.4,1.79,1191,45.56,31.18
46.56,2.55,1688,45.46,31.18
46.26,2.29,1436,45.3,31.17
46.26,2.22,1563,45.17,31.17
46.5,3.17,2065,45.16,31.17
46.37,2.2,1432,45.01,31.17
46.52,1.41,829,44.77,31.17
46.37,1.56,1019,44.56,31.17
46.16,1.56,1021,44.36,31.17
46.13,2.28,1423,44.23,31.17
46.1,3.01,1904,44.2,31.16
46.43,1.68,1050,44.01,31.16
46.51,2.72,1750,43.95,31.16
46.6,2.95,1931,43.94,31.16
46.45,1.94,1252,43.78,31.16
46.5,2.58,1692,43.72,31.16
46.24,2.8,1855,43.69,31.16
46.15,2.48,1638,43.61,31.16
46.45,2.15,1414,43.49,31.15
46.39,2.67,1747,43.44,31.15
46.34,3.5,2292,43.53,31.15
46.38,2.39,1547,43.44,31.15
46.37,2.16,1369,43.32,31.15
46.52,2.44,1580,43.24,31.15
46.52,1.52,1022,43.06,31.15
46.4,2.72,1803,43.04,31.15
46.45,2.28,1508,42.95,31.14
46.4,1.71,1090,42.79,31.14
46.25,2.54,1640,42.73,31.14
46.43,1.43,920,42.56,31.14
46.11,2.29,1458,42.47,31.14
46.48,1.65,1119,42.32,31.14
46.14,1.55,913,42.16,31.14
46.36,3.16,2152,42.23,31.14
46.19,3.62,2458,42.38,31.13
46.4,3.64,2368,42.52,31.13
46.31,3.9,2555,42.7,31.13
46.08,4.69,3093,43.06,31.13
46.38,3.47,2220,43.14,31.13
46.23,4.66,3056,43.48,31.13
46.45,3.84,2562,43.64,31.13
46.32,4.64,2926,43.93,31.13
46.38,4.19,2651,44.12,31.12
46.17,3.78,2497,44.25,31.12
46.23,4.84,3129,44.59,31.12
46.25,3.85,2486,44.72,31.12
46.44,4.22,2728,44.91,31.12
46.57,4.33,2759,45.11,31.12
46.19,3.86,2488,45.22,31.12
46.48,4.78,3040,45.52,31.12
45.99,4.65,3090,45.81,31.11
46.13,4.69,3057,46.09,31.11
46.17,4.84,3149,46.4,31.11
46.11,4.11,2708,46.54,31.11
46.07,3.59,2476,46.6,31.11
46.37,4.46,2848,46.8,31.11
46.28,3.96,2484,46.88,31.11
46.37,3.62,2350,46.91,31.11
46.41,4.3,2705,47.05,31.1
46.35,4.8,3105,47.32,31.1
46.41,3.75,2480,47.38,31.1
46.3,4.68,3122,47.64,31.1
46.13,4.12,2599,47.73,31.1
46.47,3.58,2279,47.72,31.1
46.22,4.67,3051,47.96,31.1
46.17,4.89,3200,48.24,31.1
46.28,3.81,2518,48.29,31.09
46.17,3.74,2506,48.32,31.09
46.24,3.89,2566,48.38,31.09
46.36,4.55,2951,48.57,31.09
46.36,3.39,2258,48.53,31.09
46.17,3.77,2457,48.55,31.09
46.23,4.35,2843,48.69,31.09
46.47,4.03,2593,48.76,31.09
46.38,3.88,2529,48.8,31.08
46.61,4.63,2928,48.97,31.08
46.48,3.08,2056,48.87,31.08
46.47,2.34,1471,48.65,31.08
46.09,2.7,1712,48.48,31.08
46.42,3.46,2133,48.42,31.08
46.29,3.86,2467,48.45,31.08
46.22,4.15,2650,48.54,31.08
46.33,2.5,1636,48.36,31.07
46.44,2.53,1580,48.17,31.07
46.38,2.41,1543,47.97,31.07
46.17,2.72,1733,47.82,31.07
46.41,3.78,2369,47.84,31.07
46.2,2.69,1760,47.7,31.07
46.33,3.33,2153,47.65,31.07
46.25,3.18,2070,47.59,31.07
46.27,2.84,1887,47.48,31.06
46.41,3.31,2149,47.43,31.06
46.14,3.43,2212,47.41,31.06
46.59,2.81,1872,47.3,31.06
46.02,3.46,2234,47.29,31.06
46.21,2.83,1815,47.17,31.06
46.35,3.39,2238,47.16,31.06
46.38,4.08,2610,47.26,31.05
46.28,3.67,2444,47.3,31.05
46.29,3.02,1973,47.22,31.05
46.36,3.66,2457,47.27,31.05
46.26,3.98,2582,47.35,31.05
46.5,2.84,1894,47.25,31.05
46.42,3.52,2206,47.23,31.05
46.42,3.17,2122,47.19,31.05
46.15,3.76,2482,47.24,31.04
46.28,2.78,1775,47.12,31.04
46.25,3.99,2634,47.22,31.04
46.14,3.37,2128,47.19,31.04
46.35,2.91,1867,47.08,31.04
46.21,3.04,1931,47.0,31.04
46.39,2.91,1938,46.91,31.04
46.13,3.08,2064,46.85,31.04
46.55,1.98,1262,46.63,31.03
46.15,3.12,1965,46.57,31.03
46.32,2.12,1328,46.37,31.03
46.41,3.49,2270,46.39,31.03
46.2,1.57,1019,46.14,31.03
46.42,2.52,1622,46.0,31.03
46.1,2.78,1764,45.9,31.03
46.5,1.83,1272,45.7,31.03
46.29,3.0,1920,45.64,31.02
46.2,2.84,1801,45.56,31.02
46.24,1.52,1046,45.33,31.02
46.41,2.68,1725,45.23,31.02
46.2,2.57,1694,45.13,31.02
46.17,2.0,1258,44.95,31.02
46.25,3.42,2251,44.99,31.02
46.11,3.47,2293,45.04,31.01
46.56,1.91,1183,44.85,31.01
46.2,2.43,1554,44.73,31.01
46.41,2.09,1312,44.56,31.01
46.31,3.02,1935,44.53,31.01
46.13,3.33,2246,44.58,31.01
46.28,2.16,1420,44.43,31.01
46.4,3.04,2072,44.43,31.01
46.25,2.47,1683,44.34,31.0
46.46,2.23,1509,44.22,31.0
46.43,3.45,2312,44.29,31.0
46.42,2.52,1699,44.2,31.0
46.21,2.41,1653,44.11,31.0
46.12,2.84,1872,44.07,31.0
46.19,2.13,1421,43.94,31.0
46.31,2.1,1399,43.81,30.99
46.36,3.24,2082,43.83,30.99
45.95,2.76,1836,43.79,30.99
46.28,3.13,2097,43.81,30.99
46.3,2.09,1329,43.67,30.99
46.23,2.68,1696,43.61,30.99
46.47,3.61,2317,43.7,30.99
46.34,2.21,1505,43.59,30.99
46.47,1.73,1114,43.42,30.98
46.24,2.5,1571,43.33,30.98
46.42,2.06,1287,43.2,30.98
46.52,4.43,2831,43.46,30.98
46.47,3.85,2466,43.6,30.98
46.11,3.78,2389,43.71,30.98
46.23,4.58,3006,44.01,30.98
46.22,4.62,2997,44.31,30.97
46.35,3.52,2316,44.38,30.97
46.37,4.14,2577,44.54,30.97
46.15,3.82,2536,44.67,30.97
46.28,4.05,2631,44.83,30.97
45.97,4.4,2883,45.06,30.97
46.49,3.61,2423,45.14,30.97
46.19,4.48,2933,45.39,30.97
46.28,4.66,3132,45.69,30.96
46.22,4.81,3030,45.97,30.96
46.44,3.87,2497,46.06,30.96
45.84,4.37,2748,46.24,30.96
46.27,4.86,3173,46.54,30.96
46.25,3.53,2299,46.56,30.96
46.2,3.97,2529,46.65,30.96
46.53,4.71,3167,46.94,30.95
46.13,3.86,2489,47.01,30.95
46.38,4.78,2998,47.25,30.95
46.32,4.18,2751,47.38,30.95
46.45,3.66,2413,47.41,30.95
46.17,4.19,2701,47.54,30.95
46.15,3.92,2591,47.61,30.95
46.43,3.79,2413,47.65,30.95
46.33,4.14,2672,47.75,30.94
46.03,4.22,2762,47.88,30.94
46.18,4.05,2676,47.98,30.94
46.32,3.46,2236,47.95,30.94
46.39,4.51,2909,48.13,30.94
46.16,4.12,2675,48.23,30.94
45.82,4.65,2922,48.41,30.94
46.34,4.43,2863,48.57,30.93
46.08,3.95,2466,48.6,30.93
45.96,3.62,2311,48.58,30.93
45.84,4.6,2921,48.75,30.93
46.38,4.5,2950,48.92,30.93
46.28,3.42,2189,48.86,30.93
46.23,4.5,2987,49.04,30.93
46.47,3.61,2251,49.0,30.92
46.35,2.51,1620,48.79,30.92
46.5,2.87,1871,48.65,30.92
46.05,2.98,1958,48.53,30.92
46.25,3.46,2360,48.51,30.92
46.01,2.29,1388,48.28,30.92
46.22,4.18,2682,48.38,30.92
46.22,3.77,2553,48.42,30.92
46.35,4.24,2713,48.53,30.91
46.26,2.63,1730,48.36,30.91
46.35,3.18,2022,48.26,30.91
46.36,3.62,2286,48.24,30.91
46.58,3.67,2347,48.24,30.91
46.21,2.15,1495,48.02,30.91
46.11,4.04,2566,48.09,30.91
46.29,4.13,2669,48.19,30.9
46.13,2.4,1551,47.99,30.9
46.47,3.35,2223,47.95,30.9
46.21,2.83,1896,47.83,30.9
46.17,3.94,2567,47.89,30.9
46.18,3.59,2173,47.86,30.9
46.36,2.61,1653,47.69,30.9
46.23,2.22,1384,47.47,30.89
46.15,2.67,1796,47.34,30.89
46.5,2.32,1465,47.14,30.89
46.12,2.61,1779,47.01,30.89
46.25,3.42,2245,47.0,30.89
46.35,3.88,2577,47.08,30.89
46.0,3.17,2176,47.05,30.89
46.32,3.43,2180,47.02,30.88
46.09,2.58,1594,46.86,30.88
46.37,2.93,1915,46.77,30.88
46.1,3.58,2375,46.8,30.88
46.35,2.99,1907,46.71,30.88
46.41,3.0,1953,46.64,30.88
46.37,2.55,1718,46.5,30.88
46.28,3.39,2259,46.5,30.88
46.21,2.1,1336,46.3,30.87
46.16,1.89,1240,46.08,30.87
46.46,3.21,2038,46.05,30.87
46.14,3.21,2017,46.0,30.87
46.09,2.17,1479,45.83,30.87
46.34,2.24,1351,45.65,30.87
46.12,2.7,1766,45.56,30.87
46.1,2.89,1857,45.48,30.86
46.03,1.57,1045,45.25,30.86
46.17,2.77,1767,45.16,30.86
46.23,3.34,2231,45.19,30.86
46.28,2.11,1358,45.02,30.86
46.38,3.24,2181,45.03,30.86
46.32,3.44,2246,45.06,30.86
46.21,2.11,1321,44.89,30.85
46.21,2.74,1810,44.82,30.85
46.32,2.06,1363,44.66,30.85
46.43,3.11,2013,44.64,30.85
46.26,3.06,1954,44.61,30.85
46.17,2.03,1362,44.45,30.85
46.09,2.85,1803,44.39,30.85
46.02,3.16,2011,44.38,30.84
46.34,2.46,1627,44.28,30.84
46.32,1.62,1040,44.08,30.84
46.32,1.63,964,43.87,30.84
46.22,2.73,1727,43.81,30.84
46.45,3.58,2349,43.9,30.84
46.16,3.01,1941,43.88,30.84
46.38,2.31,1495,43.76,30.83
46.23,2.52,1648,43.68,30.83
46.14,1.99,1319,43.53,30.83
46.32,1.81,1185,43.37,30.83
46.29,2.32,1342,43.24,30.83
46.29,2.4,1558,43.15,30.83
46.24,2.45,1567,43.07,30.83
46.23,3.4,2211,43.14,30.82
46.59,2.64,1768,43.09,30.82
46.41,2.69,1698,43.04,30.82
46.34,1.65,1078,42.87,30.82
46.25,3.59,2356,42.98,30.82
46.38,3.01,1943,42.98,30.82
46.31,3.26,2051,43.02,30.82
46.23,4.34,2759,43.26,30.81
46.18,3.63,2358,43.36,30.81
46.22,4.62,2975,43.66,30.81
45.75,4.66,2934,43.95,30.81
46.26,4.45,2853,44.2,30.81
46.15,4.03,2557,44.35,30.81
46.47,4.49,2955,44.61,30.81
46.23,4.06,2565,44.76,30.8
46.05,4.45,2964,45.01,30.8
46.22,4.54,3058,45.29,30.8
46.07,4.76,3059,45.58,30.8
46.3,4.01,2578,45.7,30.8
46.27,4.74,3126,46.0,30.8
46.37,3.63,2411,46.05,30.8
46.11,3.72,2392,46.11,30.79
46.23,4.14,2666,46.24,30.79
46.02,4.15,2676,46.38,30.79
46.33,3.53,2255,46.39,30.79
46.3,4.36,2882,46.58,30.79
46.3,3.56,2324,46.6,30.79
46.22,4.39,2819,46.78,30.79
46.28,4.48,2916,46.98,30.78
46.46,4.48,2891,47.17,30.78
46.18,4.03,2742,47.3,30.78
46.24,5.0,3200,47.59,30.78
46.06,4.33,2852,47.75,30.78
46.09,4.49,2939,47.94,30.78
46.23,4.41,2856,48.1,30.78
46.38,4.69,3073,48.32,30.77
46.18,4.61,3006,48.52,30.77
46.18,4.17,2835,48.64,30.77
46.16,3.9,2531,48.68,30.77
46.14,4.44,2753,48.8,30.77
46.26,4.28,2890,48.93,30.77
45.99,4.39,2831,49.06,30.77
46.41,4.11,2677,49.13,30.76
46.12,4.01,2577,49.18,30.76
46.32,4.18,2690,49.25,30.76
46.02,4.46,2841,49.38,30.76
46.31,4.54,2853,49.51,30.76
46.31,3.59,2297,49.46,30.76
46.27,3.85,2531,49.48,30.76
46.06,3.48,2182,49.4,30.75
46.25,3.91,2565,49.43,30.75
46.04,3.68,2507,49.43,30.75
46.17,4.04,2638,49.48,30.75
46.37,2.39,1484,49.24,30.75
46.33,2.9,1903,49.09,30.75
46.21,2.8,1867,48.93,30.75
46.06,3.37,2256,48.87,30.74
46.31,3.03,1976,48.75,30.74
46.21,3.65,2405,48.74,30.74
45.86,3.03,2010,48.63,30.74
46.33,2.67,1767,48.46,30.74
46.21,2.72,1785,48.3,30.74
46.39,2.52,1607,48.11,30.74
46.04,2.64,1766,47.95,30.73
45.73,2.6,1664,47.77,30.73
46.25,2.17,1543,47.57,30.73
46.25,3.83,2458,47.61,30.73
45.95,2.94,1954,47.51,30.73
46.06,2.31,1439,47.3,30.73
46.62,2.98,1913,47.2,30.73
46.16,3.86,2479,47.25,30.72
46.31,3.15,1982,47.17,30.72
46.11,4.26,2737,47.31,30.72
45.89,3.27,2141,47.26,30.72
46.18,3.98,2574,47.34,30.72
46.16,2.64,1778,47.2,30.72
46.14,2.72,1722,47.05,30.72
46.19,3.64,2403,47.08,30.71
46.24,4.44,2858,47.26,30.71
46.18,3.89,2584,47.34,30.71
46.01,3.37,2229,47.31,30.71
46.27,2.34,1575,47.13,30.71
45.91,2.82,1823,47.01,30.71
45.89,2.48,1675,46.85,30.7
46.31,2.76,1712,46.72,30.7
46.28,2.64,1736,46.58,30.7
46.19,2.15,1405,46.38,30.7
45.99,3.26,2158,46.36,30.7
46.09,1.71,1109,46.12,30.7
46.16,1.94,1213,45.9,30.7
45.96,2.95,1862,45.82,30.69
46.09,2.95,1919,45.75,30.69
46.3,2.01,1291,45.55,30.69
46.41,1.71,1157,45.33,30.69
46.13,3.34,2219,45.34,30.69
46.31,2.13,1388,45.17,30.69
45.91,2.03,1318,44.99,30.69
46.29,2.55,1710,44.89,30.68
46.07,3.41,2205,44.91,30.68
46.24,1.88,1213,44.72,30.68
46.16,3.28,2065,44.71,30.68
46.39,2.63,1751,44.63,30.68
46.06,2.38,1543,44.5,30.68
46.29,2.88,1931,44.46,30.68
46.15,3.51,2222,44.5,30.67
46.17,2.0,1274,44.33,30.67
46.16,1.71,1159,44.13,30.67
46.06,3.44,2255,44.19,30.67
46.19,2.81,1768,44.12,30.67
46.18,2.32,1557,44.0,30.67
46.23,2.69,1681,43.92,30.66
46.2,2.94,1955,43.9,30.66
46.31,3.04,1929,43.88,30.66
46.33,3.51,2345,43.96,30.66
46.03,2.29,1496,43.84,30.66
46.32,2.15,1418,43.7,30.66
46.01,2.72,1765,43.64,30.66
46.28,2.23,1457,43.52,30.65
46.28,2.68,1747,43.46,30.65
45.9,2.61,1731,43.4,30.65
46.2,1.88,1222,43.24,30.65
46.12,2.49,1688,43.17,30.65
46.07,2.83,1802,43.13,30.65
46.39,3.06,2032,43.14,30.65
46.09,2.34,1548,43.05,30.64
46.06,2.01,1368,42.92,30.64
46.2,2.36,1538,42.83,30.64
46.29,3.61,2364,42.94,30.64
46.16,4.26,2783,43.18,30.64
46.36,4.81,3065,43.51,30.64
46.26,4.81,3149,43.86,30.63
45.86,4.39,3016,44.14,30.63
46.1,4.17,2793,44.35,30.63
46.1,4.02,2576,44.5,30.63
46.25,3.79,2372,44.58,30.63
45.79,4.13,2688,44.75,30.63
46.56,4.44,2942,45.0,30.63
46.26,4.59,2984,45.26,30.62
46.2,4.12,2775,45.43,30.62
46.36,4.34,2782,45.62,30.62
46.53,4.67,3046,45.89,30.62
46.31,4.62,2995,46.14,30.62
46.32,4.53,2979,46.37,30.62
46.2,4.46,2937,46.58,30.62
46.16,4.39,2911,46.77,30.61
46.11,3.77,2446,46.82,30.61
46.05,3.85,2564,46.9,30.61
46.07,4.06,2658,47.0,30.61
45.97,3.73,2492,47.05,30.61
46.16,4.14,2769,47.19,30.61
45.92,4.4,2859,47.36,30.6
46.2,4.21,2704,47.48,30.6
46.17,3.3,2156,47.43,30.6
46.2,3.69,2445,47.46,30.6
46.1,3.73,2351,47.47,30.6
46.64,3.64,2344,47.47,30.6
46.38,4.81,3164,47.74,30.6
45.99,3.8,2340,47.75,30.59
46.21,3.8,2420,47.77,30.59
46.08,3.73,2397,47.78,30.59
46.02,4.21,2733,47.9,30.59
45.97,4.35,2811,48.04,30.59
46.24,3.59,2317,48.02,30.59
46.07,4.73,3007,48.23,30.58
46.32,4.6,3076,48.44,30.58
46.32,3.87,2486,48.47,30.58
46.38,4.18,2621,48.54,30.58
46.04,4.24,2812,48.66,30.58
46.24,3.9,2495,48.68,30.58
46.26,2.91,1829,48.53,30.58
46.1,3.95,2604,48.58,30.57
46.05,3.57,2295,48.55,30.57
46.41,2.25,1473,48.32,30.57
46.2,3.81,2445,48.33,30.57
46.26,4.23,2725,48.43,30.57
46.04,3.92,2497,48.46,30.57
45.98,3.87,2455,48.48,30.56
46.08,3.58,2500,48.49,30.56
46.15,2.81,1787,48.33,30.56
46.0,3.32,2084,48.25,30.56
46.16,3.59,2390,48.24,30.56
45.91,2.69,1762,48.08,30.56
46.0,2.71,1764,47.92,30.56
46.26,2.96,1897,47.79,30.55
46.25,3.66,2356,47.79,30.55
46.1,2.79,1802,47.65,30.55
46.01,3.34,2230,47.61,30.55
46.01,3.99,2584,47.68,30.55
46.11,2.84,1902,47.56,30.55
46.26,4.11,2669,47.66,30.54
46.3,3.22,2085,47.59,30.54
46.09,2.36,1485,47.38,30.54
45.99,2.45,1698,47.21,30.54
46.2,2.93,1903,47.11,30.54
46.04,2.7,1756,46.97,30.54
46.08,3.97,2675,47.07,30.54
46.36,3.72,2442,47.11,30.53
46.28,4.05,2660,47.21,30.53
46.18,3.39,2205,47.18,30.53
45.97,3.05,1942,47.08,30.53
46.19,2.75,1851,46.96,30.53
46.32,3.32,2085,46.91,30.53
46.1,3.53,2248,46.9,30.52
46.36,3.13,1997,46.82,30.52
46.35,4.13,2698,46.94,30.52
46.4,2.56,1663,46.79,30.52
46.2,2.84,1753,46.66,30.52
46.24,1.97,1397,46.45,30.52
46.37,2.18,1458,46.26,30.52
46.22,2.6,1665,46.12,30.51
46.08,3.41,2238,46.12,30.51
46.09,2.73,1798,46.01,30.51
46.19,3.05,1969,45.94,30.51
45.96,2.09,1378,45.75,30.51
46.13,2.15,1420,45.57,30.51
46.32,2.37,1594,45.42,30.5
45.82,3.2,2087,45.4,30.5
46.38,2.41,1579,45.26,30.5
46.32,3.01,1945,45.2,30.5
46.08,3.43,2207,45.22,30.5
46.23,1.59,996,44.98,30.5
46.15,1.59,993,44.75,30.5
46.33,1.95,1244,44.56,30.49
46.3,2.44,1572,44.44,30.49
45.94,1.74,1181,44.24,30.49
46.24,3.12,2006,44.23,30.49
46.12,1.47,940,44.0,30.49
46.16,2.18,1402,43.86,30.49
46.04,1.86,1206,43.68,30.48
46.41,3.21,2169,43.71,30.48
46.3,2.79,1794,43.66,30.48
46.03,3.46,2274,43.72,30.48
45.94,3.47,2276,43.78,30.48
46.09,2.5,1627,43.69,30.48
46.21,1.93,1206,43.52,30.47
46.18,1.84,1223,43.35,30.47
46.33,2.0,1204,43.19,30.47
46.26,2.93,1854,43.16,30.47
46.29,1.66,1051,42.98,30.47
46.19,1.66,1066,42.8,30.47
45.93,2.72,1771,42.75,30.47
46.11,2.82,1904,42.74,30.46
46.3,2.77,1833,42.71,30.46
46.13,2.24,1464,42.61,30.46
46.22,3.25,2093,42.65,30.46
46.09,2.57,1653,42.58,30.46
45.98,1.69,1041,42.41,30.46
46.12,3.91,2433,42.56,30.45
46.19,4.44,2821,42.82,30.45
46.04,4.72,3126,43.17,30.45
46.1,4.21,2698,43.37,30.45
46.0,4.57,2947,43.66,30.45
46.31,3.79,2512,43.79,30.45
46.09,3.79,2328,43.87,30.44
46.35,4.6,2958,44.15,30.44
46.37,4.67,2979,44.43,30.44
46.12,3.86,2524,44.55,30.44
45.98,3.47,2282,44.59,30.44
45.82,3.69,2425,44.67,30.44
45.91,3.85,2576,44.8,30.44
45.93,4.31,2832,45.0,30.43
46.34,4.2,2743,45.18,30.43
46.15,4.1,2789,45.35,30.43
46.19,4.17,2606,45.49,30.43
45.8,4.67,3148,45.78,30.43
45.95,3.49,2353,45.81,30.43
46.27,4.33,2810,45.99,30.42
46.17,4.71,3025,46.24,30.42
46.11,3.61,2313,46.26,30.42
46.22,4.47,2894,46.46,30.42
46.38,4.31,2860,46.64,30.42
46.1,3.53,2169,46.62,30.42
46.14,3.85,2600,46.7,30.41
46.16,4.2,2729,46.83,30.41
46.49,4.06,2697,46.95,30.41
45.81,4.2,2669,47.06,30.41
46.23,3.81,2514,47.12,30.41
46.11,4.31,2819,47.27,30.41
46.21,4.03,2647,47.36,30.41
46.03,4.02,2581,47.43,30.4
46.12,3.96,2557,47.5,30.4
46.23,4.34,2756,47.63,30.4
46.59,3.72,2455,47.65,30.4
46.25,3.82,2551,47.7,30.4
46.0,3.59,2346,47.69,30.4
46.06,3.57,2187,47.65,30.39
46.06,3.73,2489,47.68,30.39
45.85,4.29,2793,47.82,30.39
46.07,4.51,2802,47.96,30.39
46.23,2.37,1458,47.74,30.39
45.93,3.07,1941,47.63,30.39
46.28,4.01,2608,47.7,30.38
46.2,3.67,2334,47.7,30.38
46.01,4.08,2607,47.77,30.38
46.1,2.16,1447,47.55,30.38
46.36,2.91,1953,47.44,30.38
46.23,2.41,1614,47.25,30.38
46.12,2.23,1371,47.03,30.37
46.08,2.78,1856,46.91,30.37
46.13,2.69,1726,46.76,30.37
46.04,2.99,2043,46.69,30.37
45.8,2.3,1509,46.5,30.37
46.42,3.26,2180,46.47,30.37
46.14,4.0,2631,46.57,30.36
46.18,3.71,2431,46.61,30.36
46.11,3.79,2447,46.66,30.36
46.01,3.77,2510,46.72,30.36
46.09,2.92,1945,46.63,30.36
45.88,3.48,2248,46.62,30.36
46.46,3.62,2329,46.63,30.36
45.93,2.61,1661,46.48,30.35
45.96,3.95,2609,46.57,30.35
46.05,3.05,1992,46.5,30.35
46.31,2.11,1387,46.29,30.35
46.12,3.45,2225,46.28,30.35
45.93,3.63,2433,46.32,30.35
46.3,3.21,2012,46.26,30.34
46.22,2.63,1746,46.13,30.34
46.19,3.1,2063,46.08,30.34
46.22,3.11,2008,46.02,30.34
46.47,4.1,2592,46.13,30.34
46.44,3.92,2564,46.22,30.34
46.01,3.83,2546,46.3,30.33
46.35,2.72,1854,46.19,30.33
46.17,2.73,1805,46.07,30.33
46.18,1.89,1197,45.84,30.33
45.86,2.29,1522,45.67,30.33
46.08,3.29,2161,45.66,30.33
45.99,1.49,986,45.4,30.32
46.23,1.64,1020,45.16,30.32
46.27,3.32,2187,45.16,30.32
45.8,2.63,1732,45.06,30.32
46.1,1.87,1337,44.87,30.32
46.28,1.96,1276,44.68,30.32
46.08,3.26,2202,44.69,30.31
46.22,3.45,2309,44.73,30.31
46.16,1.97,1286,44.54,30.31
46.16,2.24,1520,44.4,30.31
46.06,3.26,2080,44.4,30.31
45.92,3.08,1992,44.37,30.31
45.94,3.09,1983,44.34,30.3
46.21,2.54,1643,44.23,30.3
46.11,3.29,2035,44.23,30.3
46.08,2.22,1534,44.09,30.3
46.04,1.98,1273,43.92,30.3
46.06,2.84,1889,43.87,30.3
46.26,2.62,1716,43.79,30.3
46.05,3.06,1973,43.77,30.29
45.9,1.56,947,43.56,30.29
46.21,3.24,2063,43.57,30.29
46.07,2.08,1340,43.42,30.29
46.1,2.7,1730,43.35,30.29
46.34,1.58,979,43.15,30.29
46.1,2.81,1790,43.1,30.28
46.14,2.79,1836,43.06,30.28
45.92,2.41,1612,42.97,30.28
46.07,1.99,1234,42.82,30.28
46.19,2.63,1668,42.75,30.28
45.86,3.17,2069,42.77,30.28
46.13,2.32,1501,42.67,30.27
46.11,2.1,1347,42.54,30.27
46.1,2.02,1360,42.42,30.27
46.25,3.47,2267,42.5,30.27
46.15,2.15,1313,42.37,30.27
46.32,1.48,921,42.19,30.27
45.95,3.21,2003,42.21,30.26
46.11,2.94,1900,42.21,30.26
46.11,4.21,2670,42.43,30.26
45.93,3.95,2479,42.58,30.26
46.24,4.5,2819,42.84,30.26
46.44,3.77,2549,42.99,30.26
46.09,4.78,3036,43.31,30.25
46.17,3.78,2443,43.43,30.25
46.1,4.04,2626,43.6,30.25
45.98,4.31,2810,43.82,30.25
45.82,4.4,2890,44.06,30.25
45.98,3.79,2463,44.17,30.25
45.88,4.56,2943,44.43,30.24
46.35,4.38,2861,44.65,30.24
46.07,4.63,3023,44.92,30.24
46.04,4.43,2881,45.14,30.24
46.22,4.07,2677,45.28,30.24
45.92,4.73,3041,45.55,30.24
45.97,4.7,3048,45.82,30.23
46.1,4.81,3058,46.09,30.23
46.24,4.68,3031,46.33,30.23
46.16,4.83,3105,46.6,30.23
46.12,4.16,2759,46.74,30.23
46.1,3.75,2364,46.76,30.23
46.15,4.67,3013,46.99,30.22
46.12,4.6,2966,47.19,30.22
45.93,3.74,2464,47.22,30.22
46.09,4.07,2580,47.3,30.22
45.92,4.39,2856,47.46,30.22
46.1,4.04,2629,47.54,30.22
46.01,3.46,2296,47.51,30.21
46.46,3.83,2448,47.54,30.21
46.08,4.38,2784,47.67,30.21
45.87,3.93,2580,47.73,30.21
46.06,4.06,2571,47.79,30.21
46.16,4.69,3024,48.0,30.21
46.33,4.49,2904,48.16,30.2
45.99,3.58,2359,48.14,30.2
45.84,3.59,2253,48.1,30.2
46.2,4.41,2850,48.24,30.2
45.87,4.37,2839,48.37,30.2
46.01,3.66,2334,48.35,30.2
46.04,4.1,2649,48.41,30.19
46.07,4.67,3077,48.62,30.19
46.18,3.81,2448,48.62,30.19
45.98,3.14,2020,48.5,30.19
46.04,3.02,2009,48.38,30.19
46.08,2.4,1547,48.16,30.19
46.1,4.15,2763,48.26,30.18
46.09,3.91,2461,48.28,30.18
46.14,2.81,1813,48.12,30.18
46.2,3.69,2439,48.12,30.18
46.13,3.83,2456,48.13,30.18
46.14,2.58,1668,47.94,30.18
45.84,3.21,2150,47.87,30.17
46.08,2.69,1708,47.69,30.17
46.15,3.82,2506,47.73,30.17
46.18,2.47,1640,47.54,30.17
45.97,3.49,2269,47.51,30.17
45.97,2.82,1832,47.37,30.17
45.99,2.27,1424,47.15,30.16
46.15,2.32,1543,46.95,30.16
46.23,3.58,2262,46.94,30.16
46.01,2.41,1588,46.76,30.16
46.21,3.52,2260,46.74,30.16
46.09,3.06,1970,46.65,30.16
46.05,3.64,2353,46.67,30.15
46.04,2.99,1970,46.58,30.15
46.18,2.85,1928,46.47,30.15
46.12,2.44,1590,46.3,30.15
46.41,3.04,1942,46.22,30.15
45.94,3.51,2207,46.21,30.15
46.15,3.56,2374,46.23,30.14
45.99,2.35,1537,46.05,30.14
45.94,3.47,2242,46.05,30.14
46.07,2.64,1719,45.92,30.14
46.09,2.76,1832,45.81,30.14
46.5,3.28,2112,45.78,30.14
46.04,2.79,1778,45.66,30.13
45.9,3.49,2203,45.66,30.13
46.11,1.73,1072,45.42,30.13
45.75,2.46,1579,45.27,30.13
46.05,3.14,2097,45.24,30.13
46.07,2.81,1802,45.15,30.13
46.18,2.92,1911,45.07,30.12
46.21,2.3,1551,44.92,30.12
45.99,3.45,2259,44.95,30.12
46.04,3.02,2059,44.91,30.12
45.95,2.53,1649,44.79,30.12
45.89,2.09,1354,44.61,30.11
46.11,3.41,2199,44.62,30.11
45.87,2.7,1854,44.55,30.11
46.0,2.96,1983,44.5,30.11
45.91,2.36,1460,44.35,30.11
46.14,1.97,1387,44.18,30.11
46.33,2.98,1962,44.15,30.1
45.86,2.81,1831,44.08,30.1
45.78,2.59,1706,43.98,30.1
46.04,2.75,1737,43.9,30.1
46.06,1.9,1243,43.72,30.1
46.09,3.09,1993,43.71,30.1
45.99,3.36,2163,43.73,30.09
46.03,3.46,2297,43.79,30.09
46.11,2.02,1297,43.62,30.09
46.21,2.39,1557,43.51,30.09
45.76,3.19,2091,43.52,30.09
46.0,2.64,1761,43.44,30.09
46.09,2.63,1770,43.37,30.08
45.92,3.48,2262,43.43,30.08
46.31,2.54,1631,43.34,30.08
45.96,2.66,1825,43.28,30.08
46.05,1.7,973,43.08,30.08
46.14,1.57,1062,42.89,30.08
45.96,1.4,905,42.68,30.07
45.78,3.34,2201,42.73,30.07
45.99,2.19,1427,42.61,30.07
46.21,2.15,1459,42.5,30.07
46.0,3.14,2063,42.52,30.07
45.92,2.94,1837,42.5,30.07
46.19,2.67,1665,42.43,30.06
46.0,2.13,1374,42.31,30.06
45.97,3.24,2135,42.36,30.06
46.07,4.74,3144,42.71,30.06
46.16,3.76,2412,42.83,30.06
46.41,4.02,2502,42.98,30.06
46.17,3.55,2330,43.06,30.05
46.22,4.01,2608,43.23,30.05
45.97,4.66,3039,43.54,30.05
45.89,4.59,2927,43.8,30.05
46.06,3.68,2452,43.9,30.05
46.06,3.68,2353,43.98,30.04
45.88,3.84,2514,44.09,30.04
46.02,3.94,2574,44.22,30.04
46.1,4.63,3036,44.5,30.04
46.1,4.35,2788,44.7,30.04
46.12,4.38,2804,44.9,30.04
46.09,4.22,2787,45.08,30.03
45.97,3.92,2579,45.19,30.03
45.97,3.77,2467,45.26,30.03
45.86,3.63,2416,45.32,30.03
46.31,4.47,2923,45.53,30.03
46.04,4.67,3019,45.78,30.03
46.01,4.32,2834,45.96,30.02
45.9,3.57,2346,45.98,30.02
46.48,4.45,2918,46.18,30.02
45.88,3.42,2179,46.16,30.02
45.98,3.75,2388,46.19,30.02
46.1,4.01,2650,46.3,30.02
46.13,4.04,2622,46.4,30.01
46.18,4.69,2952,46.62,30.01
46.31,4.4,2791,46.77,30.01
46.11,3.78,2389,46.79,30.01
45.88,3.62,2409,46.81,30.01
46.0,3.79,2462,46.85,30.01
46.08,3.87,2517,46.9,30.0
46.35,3.96,2556,46.97,30.0
45.83,4.34,2768,47.11,30.0
46.22,3.84,2532,47.15,30.0
46.06,4.49,2949,47.34,30.0
46.16,4.25,2727,47.45,29.99
46.02,3.69,2470,47.47,29.99
45.91,4.06,2679,47.56,29.99
46.15,4.45,2849,47.71,29.99
46.13,4.06,2625,47.78,29.99
46.18,2.35,1510,47.56,29.99
46.03,3.98,2605,47.62,29.98
45.94,2.1,1296,47.37,29.98
45.8,3.79,2427,47.39,29.98
46.15,2.24,1496,47.17,29.98
46.1,2.42,1496,46.97,29.98
45.89,3.75,2430,46.99,29.98
45.95,3.92,2486,47.04,29.97
45.96,4.07,2693,47.14,29.97
45.81,2.43,1596,46.95,29.97
45.91,3.28,2060,46.88,29.97
45.86,2.43,1529,46.68,29.97
45.97,2.39,1553,46.5,29.97
45.92,2.49,1501,46.31,29.96
45.78,2.39,1496,46.12,29.96
46.33,3.84,2453,46.18,29.96
46.22,2.46,1665,46.02,29.96
45.91,3.46,2221,46.01,29.96
46.07,3.19,2108,45.96,29.95
46.09,2.55,1632,45.81,29.95
46.2,4.23,2787,45.97,29.95
45.9,2.87,1790,45.85,29.95
46.19,3.96,2540,45.94,29.95
45.94,4.11,2667,46.06,29.95
45.82,4.2,2737,46.2,29.94
46.13,3.76,2460,46.24,29.94
46.22,2.63,1720,46.1,29.94
46.41,2.3,1517,45.92,29.94
45.84,3.39,2204,45.9,29.94
46.13,2.8,1830,45.79,29.94
45.96,3.81,2425,45.85,29.93
46.14,3.71,2331,45.87,29.93
45.8,2.87,1808,45.76,29.93
45.83,2.36,1451,45.58,29.93
45.9,2.68,1754,45.46,29.93
46.03,3.28,2181,45.44,29.93
45.92,2.01,1256,45.23,29.92
46.12,3.52,2337,45.26,29.92
46.17,3.41,2238,45.26,29.92
46.11,2.56,1637,45.13,29.92
46.26,2.1,1348,44.94,29.92
46.08,2.99,2000,44.88,29.91
45.84,1.71,996,44.64,29.91
46.22,2.89,1936,44.58,29.91
45.93,3.25,2157,44.58,29.91
46.15,1.74,1100,44.36,29.91
46.25,3.6,2333,44.41,29.91
46.08,3.43,2308,44.45,29.9
45.79,3.34,2108,44.44,29.9
45.88,2.38,1537,44.3,29.9
46.21,1.96,1307,44.12,29.9
45.99,2.54,1661,44.01,29.9
46.03,2.38,1550,43.88,29.9
46.13,1.92,1341,43.71,29.89
46.12,2.49,1566,43.6,29.89
46.05,2.68,1690,43.51,29.89
45.98,1.76,1021,43.3,29.89
45.97,2.07,1291,43.14,29.89
46.14,1.57,987,42.94,29.88
46.09,2.88,1891,42.9,29.88
45.97,2.8,1869,42.87,29.88
46.17,1.37,845,42.65,29.88
45.99,3.36,2178,42.7,29.88
45.88,1.56,1081,42.51,29.88
45.9,2.86,1847,42.48,29.87
45.86,2.84,1872,42.45,29.87
45.97,3.08,2055,42.47,29.87
46.19,1.52,939,42.27,29.87
45.89,3.12,1972,42.28,29.87
46.04,3.22,2177,42.33,29.87
45.91,2.58,1703,42.26,29.86
45.97,2.51,1566,42.18,29.86
45.78,1.6,986,42.0,29.86
45.97,2.49,1610,41.92,29.86
45.98,2.14,1458,41.82,29.86
46.09,3.09,2056,41.85,29.85
46.04,2.29,1541,41.76,29.85
45.82,3.03,1947,41.77,29.85
46.17,3.59,2333,41.88,29.85
46.04,4.52,2900,42.17,29.85
46.03,3.92,2528,42.33,29.85
46.0,4.87,3107,42.68,29.84
45.92,4.78,3063,43.01,29.84
46.03,4.5,2890,43.27,29.84
46.07,4.53,2939,43.53,29.84
45.74,3.61,2370,43.61,29.84
45.92,3.8,2552,43.74,29.84
45.96,3.96,2553,43.87,29.83
46.04,3.49,2300,43.92,29.83
46.18,4.74,3069,44.22,29.83
45.88,3.66,2426,44.29,29.83
45.92,4.64,2956,44.55,29.83
45.92,4.52,2908,44.78,29.82
45.88,4.1,2698,44.93,29.82
45.95,3.55,2337,44.96,29.82
46.11,3.45,2275,44.98,29.82
45.84,3.64,2434,45.04,29.82
46.06,4.19,2637,45.18,29.82
45.74,4.02,2549,45.28,29.81
45.91,4.24,2782,45.45,29.81
45.95,4.61,3038,45.69,29.81
46.25,3.97,2612,45.79,29.81
45.95,3.66,2517,45.85,29.81
45.66,4.51,2887,46.05,29.8
45.69,3.91,2558,46.13,29.8
46.0,3.77,2449,46.17,29.8
46.09,4.66,3061,46.41,29.8
46.05,4.66,3047,46.65,29.8
46.02,4.77,3073,46.89,29.8
46.17,3.58,2344,46.88,29.79
45.91,4.21,2740,47.0,29.79
46.13,3.64,2371,47.0,29.79
45.75,4.75,3145,47.25,29.79
45.86,3.8,2592,47.3,29.79
45.72,3.8,2373,47.31,29.79
45.95,4.63,3076,47.53,29.78
45.98,4.74,3113,47.76,29.78
46.01,4.46,2865,47.9,29.78
46.0,3.54,2285,47.86,29.78
45.85,4.0,2645,47.92,29.78
45.96,4.12,2681,48.0,29.77
45.76,3.39,2200,47.93,29.77
46.19,2.42,1539,47.71,29.77
45.94,2.62,1666,47.52,29.77
45.91,3.4,2159,47.46,29.77
46.22,3.47,2232,47.41,29.77
45.8,2.63,1704,47.24,29.76
45.82,3.51,2297,47.21,29.76
45.82,3.98,2544,47.26,29.76
45.97,3.65,2408,47.27,29.76
46.05,3.59,2289,47.24,29.76
46.1,3.86,2546,47.29,29.75
46.37,2.47,1564,47.09,29.75
45.65,2.45,1695,46.91,29.75
46.07,2.48,1644,46.73,29.75
45.9,2.73,1817,46.59,29.75
45.89,3.84,2484,46.64,29.75
45.89,2.7,1782,46.5,29.74
45.85,3.73,2361,46.51,29.74
46.23,3.68,2345,46.52,29.74
46.11,3.59,2319,46.52,29.74
45.98,3.16,2132,46.46,29.74
46.18,3.25,2164,46.41,29.73
45.75,3.06,1880,46.31,29.73
45.78,4.11,2623,46.4,29.73
45.65,2.12,1371,46.18,29.73
45.87,2.2,1493,45.99,29.73
46.0,3.17,2073,45.93,29.73
45.99,2.82,1708,45.79,29.72
46.0,3.0,1892,45.7,29.72
45.77,4.15,2732,45.84,29.72
46.1,3.73,2435,45.88,29.72
46.01,3.89,2534,45.95,29.72
46.09,2.93,1962,45.87,29.71
45.69,2.54,1632,45.71,29.71
46.02,3.79,2497,45.77,29.71
45.8,3.47,2337,45.78,29.71
45.91,2.08,1361,45.57,29.71
46.05,3.37,2145,45.55,29.71
45.99,1.6,1021,45.29,29.7
45.85,2.29,1442,45.11,29.7
45.97,2.23,1341,44.91,29.7
45.74,1.7,1068,44.68,29.7
46.14,1.76,1173,44.46,29.7
45.94,1.94,1263,44.26,29.7
46.14,3.27,2196,44.27,29.69
45.89,1.82,1189,44.06,29.69
45.89,2.2,1477,43.91,29.69
45.86,1.57,929,43.68,29.69
46.1,2.76,1770,43.6,29.69
45.86,2.5,1611,43.49,29.68
46.07,2.78,1764,43.41,29.68
45.91,2.18,1492,43.28,29.68
45.67,1.85,1105,43.08,29.68
45.88,2.93,1900,43.05,29.68
45.79,3.19,2129,43.06,29.68
45.97,1.72,1153,42.88,29.67
45.79,2.56,1647,42.79,29.67
46.11,2.0,1256,42.63,29.67
45.95,1.84,1251,42.47,29.67
45.94,3.16,2025,42.48,29.67
46.06,2.59,1645,42.4,29.66
46.11,1.93,1303,42.25,29.66
45.96,2.17,1427,42.13,29.66
45.85,3.61,2331,42.23,29.66
45.7,3.19,2092,42.26,29.66
45.86,3.3,2170,42.31,29.66
45.87,2.41,1563,42.21,29.65
45.98,2.74,1787,42.17,29.65
45.91,2.2,1325,42.04,29.65
46.07,1.6,1034,41.86,29.65
45.87,2.47,1575,41.78,29.65
45.95,2.63,1671,41.72,29.64
46.14,1.92,1214,41.57,29.64
46.01,3.21,2061,41.61,29.64
45.95,1.9,1223,41.47,29.64
45.87,2.36,1541,41.39,29.64
45.86,1.63,1023,41.22,29.64
45.83,4.82,3161,41.61,29.63
45.88,4.36,2872,41.88,29.63
46.07,4.37,2880,42.14,29.63
45.92,4.56,3009,42.45,29.63
45.76,3.64,2339,42.54,29.63
46.22,3.97,2566,42.7,29.62
46.0,4.34,2831,42.94,29.62
45.75,4.44,2864,43.18,29.62
45.89,3.66,2319,43.25,29.62
45.97,3.85,2478,43.37,29.62
46.21,3.92,2629,43.52,29.61
45.79,4.57,2935,43.78,29.61
46.1,4.29,2747,43.96,29.61
46.16,4.68,3013,44.24,29.61
45.86,4.77,3132,44.54,29.61
45.91,4.4,2880,44.75,29.61
45.8,4.4,2898,44.96,29.6
45.92,4.1,2790,45.12,29.6
45.95,3.53,2333,45.15,29.6
46.05,4.3,2839,45.33,29.6
46.12,3.91,2685,45.45,29.6
45.84,3.77,2473,45.51,29.59
45.66,4.44,2866,45.7,29.59
45.95,4.31,2786,45.85,29.59
45.99,4.36,2886,46.03,29.59
45.99,4.04,2561,46.11,29.59
45.9,3.83,2390,46.15,29.59
45.97,4.09,2617,46.24,29.58
46.18,4.59,3027,46.46,29.58
46.01,4.55,2985,46.66,29.58
45.89,3.92,2538,46.72,29.58
45.87,3.96,2626,46.8,29.58
45.92,4.73,3104,47.03,29.57
46.19,3.56,2328,47.02,29.57
45.92,3.82,2482,47.05,29.57
45.94,3.88,2567,47.1,29.57
45.87,4.25,2803,47.22,29.57
46.11,3.99,2580,47.28,29.57
46.24,3.65,2412,47.28,29.56
46.01,4.38,2817,47.41,29.56
45.96,3.7,2418,47.41,29.56
45.95,4.26,2788,47.53,29.56
45.59,3.45,2223,47.47,29.56
46.05,3.1,2020,47.37,29.55
45.96,3.5,2305,47.33,29.55
46.01,2.61,1642,47.15,29.55
45.84,4.01,2614,47.21,29.55
45.88,2.26,1579,47.0,29.55
45.88,3.15,2004,46.9,29.55
46.09,2.82,1882,46.77,29.54
45.88,3.37,2183,46.72,29.54
46.25,3.06,2047,46.63,29.54
46.0,2.67,1699,46.47,29.54
45.75,2.84,1847,46.34,29.54
45.92,2.49,1730,46.19,29.53
45.84,3.79,2454,46.23,29.53
45.61,2.59,1716,46.07,29.53
46.18,3.72,2445,46.11,29.53
46.04,3.09,1908,46.01,29.53
46.02,2.37,1565,45.83,29.52
45.96,2.43,1519,45.65,29.52
45.73,4.02,2643,45.75,29.52
45.86,3.39,2212,45.73,29.52
46.06,2.63,1655,45.58,29.52
45.78,3.68,2333,45.6,29.52
45.55,3.81,2476,45.66,29.51
45.9,2.9,2008,45.58,29.51
45.91,3.27,2206,45.56,29.51
45.95,2.92,1915,45.46,29.51
46.04,2.32,1537,45.29,29.51
46.03,2.98,1966,45.21,29.5
45.97,3.66,2350,45.25,29.5
46.11,3.04,1944,45.17,29.5
45.7,3.21,2132,45.14,29.5
46.01,2.98,1907,45.06,29.5
46.02,3.12,2103,45.02,29.5
45.74,2.79,1745,44.9,29.49
45.7,3.54,2253,44.91,29.49
45.82,2.6,1760,44.8,29.49
45.83,3.33,2153,44.78,29.49
46.04,3.41,2207,44.78,29.49
45.84,2.58,1708,44.66,29.48
45.8,2.31,1558,44.5,29.48
45.84,1.7,1137,44.28,29.48
46.1,2.49,1634,44.15,29.48
45.93,2.98,1974,44.1,29.48
45.9,2.16,1425,43.93,29.47
45.91,1.99,1350,43.76,29.47
46.12,3.32,2299,43.79,29.47
45.81,2.91,1917,43.74,29.47
46.12,2.69,1708,43.64,29.47
45.96,1.74,1184,43.44,29.47
45.9,1.68,1086,43.23,29.46
46.3,1.72,1136,43.03,29.46
45.77,2.66,1745,42.96,29.46
45.87,1.73,1093,42.76,29.46
45.74,3.4,2193,42.8,29.46
46.07,3.61,2230,42.86,29.45
46.18,2.29,1485,42.73,29.45
46.17,2.59,1710,42.66,29.45
46.11,2.92,1896,42.62,29.45
45.89,3.37,2166,42.66,29.45
45.87,3.18,2088,42.67,29.44
45.67,1.74,1086,42.48,29.44
46.23,2.03,1269,42.33,29.44
45.99,3.1,2041,42.34,29.44
45.85,3.02,1992,42.33,29.44
46.12,1.49,996,42.13,29.44
45.77,2.74,1765,42.08,29.43
45.98,3.05,2038,42.09,29.43
45.89,2.17,1356,41.96,29.43
46.01,3.42,2205,42.02,29.43
45.91,1.68,1131,41.85,29.43
45.7,3.03,2013,41.86,29.42
45.93,2.75,1747,41.81,29.42
46.07,1.94,1368,41.68,29.42
45.91,3.03,1966,41.69,29.42
46.03,2.81,1830,41.66,29.42
45.76,3.34,2219,41.72,29.42
45.91,2.39,1631,41.65,29.41
45.82,4.6,2994,41.96,29.41
46.03,3.56,2370,42.06,29.41
45.92,3.86,2487,42.2,29.41
46.02,4.05,2714,42.39,29.41
46.08,3.9,2534,42.54,29.4
46.02,4.07,2661,42.72,29.4
45.95,3.66,2363,42.81,29.4
45.76,3.65,2384,42.89,29.4
45.91,4.0,2562,43.04,29.4
45.83,4.61,2992,43.32,29.39
45.86,3.79,2462,43.42,29.39
45.85,4.2,2676,43.59,29.39
45.76,3.66,2349,43.66,29.39
45.62,4.32,2704,43.84,29.39
45.81,4.48,2851,44.06,29.39
45.94,4.71,3061,44.34,29.38
45.71,4.51,2979,44.58,29.38
45.91,4.0,2579,44.69,29.38
46.19,3.64,2363,44.73,29.38
46.06,3.6,2401,44.78,29.38
46.15,4.67,3077,45.04,29.37
45.96,4.5,2965,45.26,29.37
46.08,3.62,2357,45.29,29.37
45.8,3.78,2435,45.34,29.37
45.81,4.19,2746,45.49,29.37
45.49,3.79,2527,45.55,29.36
46.08,4.58,3065,45.79,29.36
46.13,4.3,2918,45.97,29.36
45.82,4.24,2830,46.12,29.36
45.87,3.97,2584,46.2,29.36
45.79,3.78,2400,46.22,29.36
45.96,4.32,2839,46.38,29.35
46.07,4.37,2894,46.54,29.35
45.64,4.2,2599,46.62,29.35
45.96,4.2,2656,46.72,29.35
45.86,4.6,2969,46.91,29.35
45.92,3.63,2323,46.9,29.34
45.97,4.3,2715,47.0,29.34
45.87,3.83,2510,47.04,29.34
45.88,4.45,2951,47.2,29.34
45.87,3.48,2253,47.16,29.34
46.04,4.38,2766,47.28,29.33
45.96,3.59,2341,47.26,29.33
45.93,2.74,1724,47.08,29.33
45.71,2.12,1330,46.83,29.33
45.84,2.47,1655,46.65,29.33
46.03,3.67,2446,46.66,29.32
45.9,4.22,2727,46.77,29.32
46.0,2.81,1865,46.63,29.32
46.16,4.0,2547,46.69,29.32
46.05,4.06,2667,46.78,29.32
45.91,2.4,1541,46.57,29.32
45.82,3.96,2508,46.62,29.31
45.51,3.24,2058,46.54,29.31
45.87,4.16,2726,46.65,29.31
45.84,3.2,2009,46.56,29.31
45.95,2.66,1715,46.39,29.31
45.87,4.05,2683,46.49,29.3
45.84,2.62,1675,46.32,29.3
45.63,3.85,2426,46.35,29.3
45.75,2.64,1703,46.19,29.3
45.96,3.54,2336,46.18,29.3
46.15,2.93,1839,46.06,29.29
45.88,4.2,2787,46.19,29.29
45.94,2.57,1708,46.03,29.29
46.03,3.12,2047,45.96,29.29
45.77,3.49,2299,45.95,29.29
45.94,4.01,2614,46.03,29.29
45.78,2.76,1809,45.9,29.28
46.02,2.88,1874,45.79,29.28
45.91,3.18,2111,45.73,29.28
45.93,2.81,1894,45.62,29.28
45.77,3.68,2351,45.64,29.28
45.99,2.37,1506,45.45,29.27
46.2,3.72,2402,45.49,29.27
45.73,3.11,1992,45.41,29.27
45.83,2.64,1773,45.28,29.27
45.92,3.19,1996,45.22,29.27
46.0,3.47,2283,45.22,29.26
45.8,2.16,1475,45.03,29.26
45.46,3.45,2217,45.03,29.26
46.09,2.06,1413,44.83,29.26
46.0,2.09,1418,44.64,29.26
45.62,2.92,1881,44.55,29.25
45.79,2.96,1962,44.49,29.25
46.12,2.22,1405,44.31,29.25
46.1,3.08,1950,44.25,29.25
46.02,1.57,997,44.01,29.25
45.85,3.31,2220,44.01,29.25
45.89,1.84,1172,43.8,29.24
45.86,3.28,2136,43.8,29.24
46.05,2.42,1524,43.66,29.24
45.75,3.21,2130,43.65,29.24
45.76,2.91,1932,43.6,29.24
46.03,1.74,1098,43.38,29.23
45.87,3.28,2019,43.37,29.23
46.08,2.06,1322,43.2,29.23
45.78,2.0,1322,43.03,29.23
45.87,3.18,2064,43.02,29.23
45.74,1.77,1157,42.83,29.22
45.88,1.96,1292,42.66,29.22
45.65,2.67,1707,42.58,29.22
45.8,3.11,1957,42.56,29.22
45.66,1.71,1150,42.38,29.22
45.98,2.42,1528,42.27,29.21
45.98,3.0,1888,42.24,29.21
45.61,3.16,2082,42.25,29.21
46.07,3.5,2218,42.31,29.21
46.25,3.09,1970,42.3,29.21
45.88,2.77,1881,42.26,29.21
45.78,2.26,1550,42.15,29.2
46.3,1.81,1235,41.99,29.2
45.67,2.91,1932,41.97,29.2
45.87,3.51,2341,42.06,29.2
45.9,3.03,2070,42.07,29.2
46.07,1.56,1069,41.88,29.19
45.92,2.41,1577,41.79,29.19
45.8,2.78,1852,41.75,29.19
45.73,2.96,1902,41.74,29.19
45.82,2.98,1941,41.73,29.19
45.72,4.04,2636,41.91,29.18
45.88,3.69,2394,42.02,29.18
45.78,4.53,2926,42.3,29.18
45.64,4.35,2889,42.55,29.18
46.06,4.31,2754,42.76,29.18
45.79,3.95,2578,42.9,29.17
45.68,3.69,2336,42.97,29.17
45.84,4.16,2606,43.13,29.17
45.88,4.56,3022,43.41,29.17
45.6,3.69,2460,43.5,29.17
45.92,4.11,2650,43.65,29.17
45.71,4.78,3109,43.95,29.16
46.12,4.36,2818,44.15,29.16
45.94,4.18,2703,44.3,29.16
45.8,4.41,2842,44.5,29.16
45.75,4.68,3064,44.76,29.16
45.85,4.33,2797,44.94,29.15
45.95,4.88,3192,45.24,29.15
45.86,4.34,2902,45.42,29.15
45.83,4.73,3093,45.68,29.15
45.87,4.82,3140,45.95,29.15
45.77,4.06,2612,46.03,29.14
45.81,4.32,2805,46.18,29.14
45.55,4.52,2853,46.34,29.14
46.01,4.57,3045,46.55,29.14
45.9,4.49,2869,46.71,29.14
45.74,3.57,2224,46.67,29.13
46.14,4.35,2825,46.81,29.13
45.87,4.43,2899,46.97,29.13
45.7,4.45,2960,47.14,29.13
45.99,4.5,2938,47.3,29.13
45.92,3.47,2304,47.26,29.12
45.92,4.02,2659,47.32,29.12
45.79,4.42,2915,47.47,29.12
45.92,4.7,2999,47.65,29.12
45.82,3.6,2368,47.62,29.12
45.94,4.22,2676,47.7,29.12
45.57,4.55,3060,47.88,29.11
45.79,4.3,2832,47.99,29.11
46.11,4.2,2701,48.06,29.11
45.74,3.52,2306,48.0,29.11
45.76,4.42,2823,48.11,29.11
45.79,2.75,1712,47.91,29.1
45.67,2.43,1625,47.69,29.1
45.52,2.44,1539,47.46,29.1
45.82,2.62,1697,47.27,29.1
45.87,2.64,1728,47.09,29.1
45.84,2.61,1687,46.9,29.09
45.83,2.97,1881,46.76,29.09
45.86,2.81,1831,46.62,29.09
46.0,3.37,2198,46.56,29.09
45.82,2.9,1930,46.44,29.09
45.76,3.85,2622,46.5,29.08
45.81,4.07,2545,46.56,29.08
45.94,3.0,1911,46.44,29.08
46.06,2.19,1433,46.21,29.08
45.75,2.68,1792,46.07,29.08
45.86,2.35,1548,45.87,29.07
45.9,2.78,1861,45.75,29.07
45.7,3.57,2244,45.73,29.07
45.85,3.08,1986,45.64,29.07
45.63,2.74,1853,45.52,29.07
45.58,3.79,2423,45.56,29.07
45.9,2.41,1422,45.36,29.06
45.79,2.76,1753,45.23,29.06
45.88,3.5,2295,45.23,29.06
45.84,2.53,1643,45.07,29.06
45.7,3.44,2170,45.05,29.06
45.84,4.15,2663,45.17,29.05
45.66,3.77,2382,45.21,29.05
46.05,2.44,1526,45.03,29.05
45.64,3.23,2058,44.98,29.05
45.81,3.04,1983,44.91,29.05
45.69,4.31,2681,45.05,29.04
45.93,4.22,2813,45.2,29.04
45.79,2.51,1626,45.04,29.04
45.76,4.0,2546,45.13,29.04
45.97,2.55,1607,44.97,29.04
45.84,3.14,2012,44.91,29.03
45.92,2.07,1347,44.7,29.03
45.69,2.34,1527,44.53,29.03
45.63,2.35,1518,44.37,29.03
45.85,2.96,1884,44.28,29.03
45.79,2.38,1547,44.13,29.02
45.93,3.17,1959,44.08,29.02
45.83,1.51,920,43.82,29.02
45.87,1.78,1123,43.6,29.02
45.59,2.73,1708,43.5,29.02
46.12,3.35,2170,43.51,29.02
45.81,1.79,1095,43.29,29.01
45.94,1.47,1041,43.07,29.01
45.71,1.82,1110,42.86,29.01
45.88,2.86,1934,42.82,29.01
45.64,2.21,1335,42.66,29.01
45.9,3.32,2257,42.7,29.0
45.78,1.6,1072,42.5,29.0
45.84,1.94,1303,42.33,29.0
45.94,2.03,1253,42.17,29.0
45.65,2.9,1871,42.13,29.0
45.73,2.9,1873,42.09,28.99
45.9,1.96,1268,41.93,28.99
46.15,3.51,2342,42.02,28.99
45.81,2.27,1507,41.9,28.99
45.92,2.83,1832,41.86,28.99
45.81,2.56,1712,41.79,28.98
46.12,1.91,1303,41.64,28.98
45.57,3.2,2048,41.66,28.98
45.84,3.15,2018,41.67,28.98
45.58,2.2,1539,41.56,28.98
45.45,2.66,1718,41.51,28.97
45.87,2.01,1272,41.36,28.97
45.85,2.78,1798,41.32,28.97
45.78,2.2,1482,41.22,28.97
45.81,3.21,2123,41.26,28.97
46.29,2.02,1304,41.12,28.96
45.79,1.58,1056,40.95,28.96
45.9,1.87,1225,40.81,28.96
45.73,1.8,1162,40.66,28.96
45.87,2.68,1728,40.62,28.96
45.79,1.99,1298,40.5,28.96
45.76,3.85,2479,40.66,28.95
46.1,3.59,2335,40.78,28.95
46.0,4.6,2990,41.09,28.95
45.84,3.39,2128,41.15,28.95
45.48,4.58,2948,41.45,28.95
45.77,4.46,2884,41.71,28.94
46.23,4.62,3095,42.04,28.94
45.79,4.09,2653,42.22,28.94
45.99,4.33,2827,42.45,28.94
46.04,3.73,2535,42.57,28.94
45.85,4.61,2918,42.83,28.93
45.69,3.78,2382,42.92,28.93
45.45,4.84,3104,43.23,28.93
45.92,3.61,2332,43.29,28.93
45.7,3.79,2450,43.38,28.93
45.84,4.14,2667,43.53,28.92
45.63,4.44,2824,43.74,28.92
45.78,4.48,2963,43.98,28.92
45.82,3.69,2373,44.03,28.92
45.86,3.66,2436,44.09,28.92
45.65,3.82,2432,44.16,28.91
46.0,4.22,2838,44.34,28.91
45.73,4.25,2680,44.49,28.91
45.56,4.08,2653,44.61,28.91
45.8,4.47,2854,44.8,28.91
45.82,4.08,2655,44.92,28.9
45.84,4.75,3037,45.17,28.9
46.02,3.83,2380,45.2,28.9
45.78,4.24,2720,45.34,28.9
45.8,4.22,2825,45.49,28.9
45.65,3.88,2472,45.54,28.89
45.94,4.14,2714,45.66,28.89
45.84,4.03,2621,45.74,28.89
45.75,3.78,2435,45.77,28.89
45.53,4.01,2709,45.88,28.89
46.03,4.05,2620,45.96,28.88
45.63,3.69,2408,45.98,28.88
45.72,4.1,2671,46.07,28.88
45.86,4.1,2746,46.18,28.88
45.63,3.56,2236,46.15,28.88
45.59,3.69,2508,46.18,28.88
45.49,4.37,2913,46.34,28.87
45.92,3.8,2493,46.37,28.87
45.73,2.25,1496,46.16,28.87
46.25,2.21,1425,45.93,28.87
45.66,3.79,2472,45.97,28.87
45.67,3.25,2136,45.91,28.86
45.72,3.59,2286,45.89,28.86
45.84,2.46,1673,45.72,28.86
45.74,3.93,2567,45.78,28.86
45.9,3.92,2556,45.85,28.86
45.66,3.97,2539,45.91,28.85
45.6,2.93,1964,45.8,28.85
45.53,2.75,1788,45.66,28.85
45.47,2.47,1581,45.48,28.85
45.73,4.06,2583,45.56,28.85
45.76,2.63,1702,45.41,28.84
45.71,2.43,1523,45.22,28.84
45.99,2.57,1687,45.07,28.84
45.99,3.72,2456,45.11,28.84
45.75,3.88,2502,45.18,28.84
45.53,3.93,2564,45.25,28.83
45.72,3.28,2194,45.22,28.83
45.71,4.33,2809,45.38,28.83
45.7,2.36,1530,45.19,28.83
45.7,4.07,2649,45.29,28.83
45.7,3.04,1951,45.2,28.82
45.74,3.04,1956,45.12,28.82
45.7,2.56,1625,44.95,28.82
45.83,2.21,1458,44.76,28.82
45.85,2.96,1922,44.67,28.82
45.66,2.61,1725,44.54,28.81
45.99,3.31,2205,44.52,28.81
45.65,2.4,1506,44.35,28.81
45.55,2.57,1630,44.21,28.81
45.85,3.88,2556,44.31,28.81
45.67,3.8,2459,44.37,28.8
45.84,4.22,2746,44.53,28.8
45.43,2.35,1529,44.36,28.8
46.0,3.2,2033,44.31,28.8
45.89,2.07,1373,44.11,28.8
45.57,2.75,1802,44.01,28.8
45.57,2.47,1556,43.86,28.79
46.04,1.98,1279,43.66,28.79
45.68,2.48,1607,43.52,28.79
45.67,3.09,2043,43.49,28.79
45.45,3.18,2126,43.48,28.79
45.74,2.91,1890,43.41,28.78
45.76,2.23,1363,43.24,28.78
45.9,3.22,2131,43.23,28.78
45.58,1.92,1358,43.05,28.78
45.56,2.93,1943,43.0,28.78
45.86,3.44,2219,43.03,28.77
45.94,1.7,1126,42.82,28.77
45.55,2.43,1618,42.7,28.77
45.95,2.82,1837,42.64,28.77
45.79,2.86,1928,42.6,28.77
45.95,1.75,1078,42.39,28.76
45.78,3.45,2220,42.43,28.76
45.41,2.73,1801,42.36,28.76
45.76,1.64,1098,42.16,28.76
45.95,1.47,927,41.95,28.76
45.65,3.18,2046,41.95,28.75
45.73,1.63,1029,41.75,28.75
45.76,1.54,962,41.55,28.75
45.35,2.81,1852,41.51,28.75
46.04,2.62,1700,41.45,28.75
45.65,2.83,1902,41.42,28.74
45.86,2.39,1501,41.32,28.74
45.77,2.97,1925,41.3,28.74
45.97,3.25,2150,41.35,28.74
45.84,2.06,1359,41.21,28.74
45.75,2.99,1886,41.2,28.73
45.65,3.31,2209,41.26,28.73
45.9,2.86,1864,41.23,28.73
45.5,2.74,1880,41.2,28.73
45.88,1.85,1195,41.04,28.73
45.62,2.54,1708,40.98,28.72
45.97,2.69,1731,40.94,28.72
45.8,2.91,1880,40.92,28.72
45.88,4.07,2667,41.12,28.72
45.79,4.85,3067,41.46,28.72
45.52,4.08,2551,41.63,28.71
45.65,3.98,2552,41.78,28.71
45.88,4.17,2642,41.96,28.71
45.8,4.6,2880,42.22,28.71
45.95,4.22,2781,42.43,28.71
45.84,3.65,2332,42.5,28.7
45.63,3.61,2327,42.57,28.7
45.66,4.49,2927,42.82,28.7
45.79,4.51,2960,43.07,28.7
45.43,3.46,2264,43.11,28.7
46.03,4.53,2956,43.36,28.69
45.84,4.39,2874,43.57,28.69
45.96,4.04,2602,43.69,28.69
45.54,3.44,2203,43.7,28.69
45.96,4.4,2745,43.88,28.69
46.11,3.86,2544,43.97,28.68
45.57,4.56,2929,44.2,28.68
45.89,3.56,2411,44.24,28.68
45.77,4.57,3005,44.48,28.68
45.54,3.41,2264,44.48,28.68
45.84,3.83,2523,44.55,28.68
45.9,3.74,2455,44.61,28.67
45.68,3.71,2435,44.65,28.67
45.94,4.09,2688,44.78,28.67
45.52,3.81,2485,44.84,28.67
45.54,4.79,3085,45.1,28.67
45.79,4.32,2750,45.24,28.66
45.77,4.41,2890,45.41,28.66
45.66,3.84,2562,45.48,28.66
45.89,4.26,2762,45.61,28.66
45.85,3.68,2400,45.63,28.66
45.9,4.67,2969,45.83,28.65
45.75,3.97,2560,45.89,28.65
45.86,4.5,2865,46.05,28.65
45.7,3.97,2520,46.1,28.65
46.07,4.82,3135,46.35,28.65
45.64,3.77,2445,46.36,28.64
46.08,3.36,2224,46.31,28.64
45.77,4.34,2861,46.45,28.64
45.56,4.59,2940,46.62,28.64
45.97,2.68,1647,46.43,28.64
45.78,3.85,2454,46.45,28.63
45.89,4.11,2634,46.52,28.63
45.95,2.23,1479,46.29,28.63
45.81,3.65,2401,46.29,28.63
45.67,4.02,2608,46.35,28.63
45.91,4.08,2686,46.44,28.62
45.76,2.56,1791,46.27,28.62
45.86,2.96,1920,46.14,28.62
45.44,4.13,2671,46.23,28.62
45.83,2.4,1520,46.02,28.62
45.66,3.3,2162,45.96,28.61
46.01,3.27,2181,45.9,28.61
45.85,3.41,2189,45.85,28.61
45.79,2.87,1844,45.72,28.61
45.83,4.05,2603,45.79,28.61
45.61,2.74,1726,45.64,28.6
46.0,3.36,2191,45.59,28.6
46.06,3.27,2132,45.53,28.6
45.82,2.84,1843,45.4,28.6
45.99,2.64,1809,45.26,28.6
45.67,4.17,2730,45.39,28.59
45.64,3.22,2039,45.31,28.59
45.76,3.27,2155,45.26,28.59
45.82,3.85,2485,45.31,28.59
45.69,2.37,1521,45.12,28.59
45.83,3.64,2360,45.13,28.58
45.8,2.55,1644,44.97,28.58
45.6,3.71,2423,45.0,28.58
45.83,2.55,1762,44.86,28.58
45.88,3.86,2488,44.92,28.58
45.78,3.37,2196,44.89,28.57
45.92,3.04,1988,44.81,28.57
45.57,2.98,1908,44.72,28.57
45.82,2.37,1519,44.54,28.57
45.57,3.89,2579,44.62,28.57
45.58,2.97,1904,44.53,28.56
45.65,1.63,1017,44.27,28.56
45.61,1.84,1288,44.05,28.56
45.67,2.34,1462,43.87,28.56
45.72,3.15,2091,43.84,28.56
45.87,2.29,1477,43.67,28.55
45.7,1.54,937,43.42,28.55
45.51,2.13,1365,43.24,28.55
45.92,2.56,1655,43.12,28.55
45.62,3.33,2082,43.1,28.55
45.74,3.46,2268,43.13,28.54
45.81,1.96,1289,42.94,28.54
45.78,1.78,1142,42.74,28.54
45.91,1.74,1156,42.53,28.54
45.82,3.09,2018,42.51,28.54
45.61,1.66,1145,42.31,28.53
46.07,1.7,1048,42.1,28.53
45.77,2.54,1634,42.0,28.53
45.72,2.03,1368,41.85,28.53
45.89,1.75,1165,41.67,28.53
45.78,2.27,1362,41.53,28.52
45.8,2.05,1250,41.37,28.52
46.12,2.49,1620,41.28,28.52
45.7,3.49,2352,41.37,28.52
45.69,1.43,907,41.16,28.52
45.76,2.43,1613,41.08,28.51
45.9,3.35,2179,41.13,28.51
45.51,3.27,2156,41.17,28.51
45.44,2.5,1678,41.1,28.51
45.65,2.82,1883,41.07,28.51
45.49,1.91,1286,40.93,28.51
45.67,3.0,1919,40.92,28.5
45.81,3.49,2261,41.0,28.5
45.6,2.64,1742,40.94,28.5
45.52,2.41,1592,40.86,28.5
45.75,1.71,1141,40.69,28.5
45.87,2.65,1634,40.63,28.49
45.48,2.79,1873,40.61,28.49
45.86,2.71,1677,40.56,28.49
45.86,1.39,864,40.36,28.49
45.88,2.59,1693,40.31,28.49
45.92,2.75,1784,40.28,28.48
46.06,4.72,3139,40.65,28.48
45.68,3.81,2419,40.78,28.48
45.75,4.27,2754,41.01,28.48
45.67,4.85,3054,41.34,28.48
45.73,4.37,2848,41.59,28.47
45.96,4.59,2972,41.87,28.47
45.53,3.62,2289,41.94,28.47
45.6,4.66,3095,42.25,28.47
45.94,4.32,2863,42.48,28.47
45.88,3.85,2508,42.59,28.46
45.68,3.56,2371,42.66,28.46
45.86,3.9,2532,42.77,28.46
45.78,4.65,3059,43.06,28.46
45.95,4.48,2956,43.3,28.46
45.74,4.54,2895,43.52,28.45
45.88,4.25,2783,43.7,28.45
46.12,4.52,2949,43.93,28.45
45.82,3.96,2526,44.02,28.45
45.73,3.79,2400,44.07,28.45
45.84,3.64,2393,44.11,28.44
45.67,4.76,3079,44.38,28.44
46.08,3.88,2449,44.44,28.44
45.75,3.63,2388,44.47,28.44
45.68,3.54,2349,44.49,28.44
45.6,3.87,2455,44.54,28.43
45.89,4.74,3084,44.8,28.43
45.85,4.2,2807,44.95,28.43
45.65,4.28,2737,45.08,28.43
45.81,4.78,3190,45.36,28.43
45.5,3.98,2573,45.43,28.42
45.75,4.33,2812,45.57,28.42
45.79,3.76,2376,45.58,28.42
45.98,4.74,3010,45.8,28.42
45.61,3.64,2334,45.79,28.42
45.53,4.18,2758,45.9,28.41
45.59,4.36,2949,46.07,28.41
45.52,3.71,2544,46.1,28.41
45.92,4.02,2606,46.16,28.41
45.95,3.72,2398,46.16,28.41
45.77,3.88,2476,46.19,28.4
45.9,4.26,2827,46.31,28.4
45.74,4.67,2999,46.5,28.4
45.7,3.47,2241,46.45,28.4
45.67,3.08,2026,46.34,28.4
45.67,2.27,1500,46.11,28.39
45.49,2.97,1902,45.98,28.39
45.76,4.04,2620,46.05,28.39
45.71,3.36,2157,45.99,28.39
45.83,2.64,1674,45.81,28.39
45.73,3.65,2318,45.8,28.38
45.69,3.21,2012,45.7,28.38
45.58,3.92,2569,45.76,28.38
45.73,2.41,1558,45.56,28.38
45.82,3.54,2247,45.53,28.38
45.54,3.64,2305,45.52,28.37
45.73,4.23,2686,45.63,28.37
45.75,3.46,2216,45.59,28.37
45.6,4.0,2656,45.67,28.37
45.62,2.19,1387,45.44,28.37
45.75,2.43,1605,45.25,28.36
45.54,2.75,1863,45.12,28.36
45.76,3.5,2284,45.11,28.36
45.58,3.04,1935,45.01,28.36
45.87,2.73,1769,44.87,28.36
46.06,3.44,2233,44.85,28.35
45.58,3.53,2379,44.86,28.35
45.79,3.29,2052,44.8,28.35
45.6,2.42,1630,44.63,28.35
45.86,4.04,2536,44.71,28.35
45.52,3.35,2216,44.69,28.34
45.78,2.7,1736,44.55,28.34
45.58,3.67,2480,44.6,28.34
45.68,2.7,1789,44.47,28.34
45.55,3.22,2120,44.42,28.34
45.83,2.72,1718,44.29,28.33
45.58,4.0,2689,44.41,28.33
45.79,4.14,2833,44.56,28.33
45.65,2.57,1773,44.43,28.33
45.69,2.9,1834,44.32,28.33
45.73,2.29,1477,44.13,28.32
45.59,1.69,1038,43.88,28.32
45.74,3.26,2090,43.84,28.32
45.93,2.77,1814,43.74,28.32
45.59,2.11,1411,43.55,28.32
45.88,2.13,1412,43.37,28.31
45.93,2.2,1347,43.18,28.31
45.58,2.37,1541,43.03,28.31
45.48,2.13,1412,42.86,28.31
45.75,2.63,1760,42.76,28.31
45.62,3.03,1991,42.72,28.3
45.98,2.82,1856,42.65,28.3
45.71,2.02,1301,42.47,28.3
45.58,2.69,1765,42.39,28.3
45.53,3.17,2187,42.4,28.3
45.86,1.58,1087,42.18,28.29
45.61,1.63,1076,41.97,28.29
45.7,2.65,1758,41.9,28.29
45.84,2.92,1905,41.85,28.29
45.62,1.91,1242,41.68,28.29
45.69,2.9,1935,41.65,28.28
45.69,2.98,1910,41.62,28.28
45.8,3.36,2178,41.65,28.28
45.78,1.83,1119,41.47,28.28
45.66,3.01,1995,41.45,28.28
45.7,1.54,1056,41.26,28.27
45.64,2.63,1737,41.19,28.27
45.47,2.68,1730,41.13,28.27
45.73,2.4,1557,41.03,28.27
45.98,3.15,2057,41.04,28.27
45.56,1.53,1048,40.85,28.26
45.58,2.66,1784,40.8,28.26
45.56,1.94,1188,40.65,28.26
45.8,3.06,1944,40.65,28.26
45.76,1.63,1080,40.47,28.26
45.67,3.1,1946,40.48,28.25
45.55,3.08,2051,40.5,28.25
45.7,3.27,2113,40.54,28.25
45.46,1.54,1035,40.36,28.25
45.71,2.69,1753,40.32,28.25
45.82,1.39,898,40.13,28.24
45.5,3.64,2309,40.23,28.24
45.46,4.75,3063,40.58,28.24
45.93,3.92,2541,40.74,28.24
45.6,4.2,2726,40.95,28.24
45.86,4.09,2694,41.15,28.23
45.66,4.06,2607,41.32,28.23
45.66,4.14,2691,41.51,28.23
45.75,4.17,2787,41.72,28.23
45.55,3.57,2365,41.8,28.23
45.71,4.81,3131,42.13,28.22
45.63,4.65,2948,42.39,28.22
45.49,4.59,2912,42.64,28.22
45.74,4.55,2989,42.9,28.22
45.64,4.34,2857,43.1,28.22
45.66,3.83,2395,43.17,28.21
45.5,3.53,2330,43.21,28.21
45.92,3.47,2224,43.22,28.21
45.81,3.97,2559,43.33,28.21
45.83,4.28,2828,43.51,28.21
45.64,4.73,3108,43.79,28.2
45.42,4.23,2746,43.95,28.2
45.97,4.27,2809,44.11,28.2
45.67,4.3,2776,44.27,28.2
45.57,3.67,2346,44.29,28.2
45.74,4.68,3106,44.55,28.19
45.85,4.17,2776,44.69,28.19
45.68,3.62,2318,44.7,28.19
45.87,4.64,2990,44.91,28.19
45.84,4.26,2812,45.06,28.19
45.52,4.32,2772,45.2,28.18
45.58,4.28,2820,45.34,28.18
45.82,4.39,2804,45.48,28.18
45.27,3.66,2363,45.48,28.18
45.65,4.67,3082,45.7,28.18
45.46,4.71,3013,45.91,28.17
45.6,4.18,2687,46.0,28.17
45.63,4.33,2834,46.13,28.17
45.62,4.67,2943,46.31,28.17
45.59,3.85,2506,46.33,28.17
45.51,4.68,3101,46.54,28.16
46.02,4.29,2833,46.65,28.16
45.95,3.94,2559,46.68,28.16
45.5,4.04,2627,46.73,28.16
45.91,3.68,2464,46.73,28.16
45.61,2.61,1763,46.54,28.15
45.69,4.17,2703,46.62,28.15
45.66,2.95,1888,46.47,28.15
45.57,4.1,2709,46.54,28.15
45.82,2.2,1486,46.3,28.15
45.69,2.53,1716,46.11,28.14
45.6,3.54,2333,46.08,28.14
45.47,2.18,1397,45.84,28.14
45.54,2.13,1301,45.59,28.14
45.42,3.66,2474,45.61,28.14
45.67,2.55,1739,45.44,28.13
45.49,4.05,2591,45.51,28.13
45.63,3.17,2071,45.42,28.13
45.87,3.87,2502,45.46,28.13
45.85,3.01,1958,45.35,28.13
45.66,3.26,2100,45.28,28.12
45.65,2.78,1840,45.14,28.12
45.95,3.6,2283,45.13,28.12
45.74,2.96,1904,45.01,28.12
45.62,2.54,1692,44.85,28.12
45.45,2.32,1407,44.64,28.11
45.72,2.45,1606,44.47,28.11
45.79,2.84,1821,44.35,28.11
45.57,3.68,2476,44.39,28.11
45.71,2.65,1736,44.25,28.11
45.61,2.86,1822,44.14,28.1
45.64,4.05,2705,44.26,28.1
45.29,3.5,2276,44.26,28.1
45.63,4.04,2633,44.36,28.1
45.81,4.16,2747,44.5,28.1
45.57,2.3,1465,44.3,28.09
45.67,4.11,2744,44.43,28.09
45.55,2.46,1626,44.27,28.09
45.71,4.08,2622,44.37,28.09
45.63,2.13,1363,44.16,28.09
45.52,2.08,1287,43.94,28.08
45.86,1.56,1032,43.68,28.08
45.8,1.97,1273,43.46,28.08
45.57,2.42,1590,43.31,28.08
45.73,1.82,1095,43.08,28.08
45.74,1.86,1181,42.87,28.07
45.75,2.96,1874,42.8,28.07
45.4,3.2,2102,42.78,28.07
45.81,3.33,2137,42.77,28.07
45.57,2.81,1851,42.69,28.07
45.6,1.5,946,42.45,28.06
46.05,3.25,2196,42.46,28.06
45.7,1.57,1026,42.23,28.06
45.6,2.93,1952,42.19,28.06
45.32,3.01,1951,42.15,28.06
45.86,2.87,1912,42.1,28.05
45.45,3.46,2209,42.13,28.05
45.5,2.93,1903,42.08,28.05
45.6,3.05,1956,42.04,28.05
45.86,1.88,1318,41.86,28.05
45.77,3.41,2154,41.89,28.04
45.63,1.83,1294,41.71,28.04
45.7,3.34,2102,41.72,28.04
45.56,2.18,1452,41.58,28.04
45.67,1.59,1001,41.37,28.04
45.66,3.18,2078,41.38,28.03
45.79,1.61,1040,41.18,28.03
45.79,3.21,2046,41.19,28.03
45.72,1.99,1296,41.03,28.03
45.59,3.13,2012,41.03,28.03
45.76,2.93,1936,41.01,28.02
45.63,3.02,1913,40.99,28.02
45.49,2.3,1517,40.88,28.02
45.59,1.73,1171,40.7,28.02
45.66,3.25,2109,40.74,28.02
45.78,1.8,1105,40.56,28.01
45.62,2.25,1551,40.46,28.01
45.46,2.79,1835,40.43,28.01
45.65,2.31,1463,40.32,28.01
45.66,1.96,1300,40.19,28.01
45.67,1.91,1156,40.03,28.0
45.78,3.78,2518,40.19,28.0
45.8,4.74,3189,40.55,28.0
45.55,4.34,2865,40.81,28.0
45.55,3.64,2316,40.9,28.0
45.49,4.0,2503,41.04,27.99
45.75,4.42,2943,41.31,27.99
45.86,4.24,2746,41.51,27.99
45.59,4.14,2669,41.69,27.99
45.6,4.17,2766,41.88,27.99
45.86,4.73,3046,42.18,27.98
45.72,3.97,2621,42.32,27.98
45.71,4.21,2738,42.5,27.98
45.46,4.91,3200,42.83,27.98
45.74,3.89,2611,42.95,27.98
45.5,4.62,2977,43.19,27.97
45.47,3.95,2538,43.29,27.97
45.59,3.88,2510,43.38,27.97
45.55,4.62,2940,43.61,27.97
45.6,3.46,2297,43.62,27.97
45.42,3.85,2540,43.7,27.96
45.78,4.01,2609,43.81,27.96
45.81,3.96,2531,43.89,27.96
45.34,4.37,2703,44.04,27.96
45.78,3.69,2354,44.06,27.96
45.51,3.73,2415,44.1,27.95
45.76,3.88,2425,44.15,27.95
45.62,3.85,2629,44.24,27.95
45.64,4.15,2720,44.37,27.95
45.61,4.31,2831,44.53,27.95
45.81,4.3,2787,44.67,27.94
45.45,3.78,2493,44.72,27.94
45.72,4.47,2888,44.89,27.94
45.8,3.61,2339,44.89,27.94
45.74,3.93,2626,44.97,27.94
45.98,4.5,2979,45.16,27.93
45.55,3.81,2479,45.2,27.93
45.77,4.35,2926,45.36,27.93
45.61,3.93,2548,45.41,27.93
45.81,3.95,2543,45.46,27.93
45.63,3.81,2484,45.49,27.92
45.57,4.85,3166,45.74,27.92
45.82,3.79,2402,45.74,27.92
45.55,3.46,2271,45.7,27.92
45.42,3.16,2163,45.63,27.92
45.55,3.35,2226,45.57,27.91
45.72,2.43,1616,45.37,27.91
45.84,3.02,1990,45.27,27.91
45.64,2.59,1635,45.09,27.91
45.82,3.18,2018,45.0,27.91
45.42,2.2,1436,44.78,27.9
45.56,3.83,2470,44.82,27.9
45.58,2.28,1407,44.6,27.9
45.61,4.15,2678,44.71,27.9
45.64,4.16,2727,44.83,27.9
45.73,3.79,2495,44.87,27.89
45.56,4.41,2822,45.02,27.89
45.64,2.31,1499,44.81,27.89
45.62,3.52,2310,44.8,27.89
45.48,3.84,2434,44.84,27.89
45.6,2.4,1522,44.64,27.88
45.6,3.38,2199,44.6,27.88
45.6,2.93,1859,44.49,27.88
45.63,2.82,1814,44.36,27.88
45.63,3.96,2698,44.46,27.88
45.56,3.38,2125,44.42,27.87
45.81,2.39,1627,44.25,27.87
45.44,4.08,2671,44.36,27.87
45.51,2.49,1560,44.18,27.87
46.04,4.02,2646,44.28,27.87
45.46,4.31,2802,44.43,27.86
45.41,4.1,2723,44.55,27.86
45.73,3.59,2367,44.56,27.86
45.31,3.6,2351,44.57,27.86
45.58,3.78,2439,44.6,27.86
45.94,3.23,2156,44.55,27.85
45.38,2.6,1671,44.39,27.85
45.32,2.59,1616,44.22,27.85
45.39,3.52,2193,44.2,27.85
45.75,3.15,1987,44.12,27.85
45.78,3.55,2349,44.14,27.84
45.54,3.54,2283,44.14,27.84
45.72,3.08,1963,44.05,27.84
45.82,3.4,2188,44.03,27.84
45.88,3.47,2298,44.03,27.84
45.58,2.96,1955,43.94,27.83
45.27,1.64,1075,43.68,27.83
45.49,1.55,976,43.41,27.83
45.55,3.4,2188,43.4,27.83
45.57,2.55,1652,43.26,27.83
45.58,3.03,1922,43.19,27.82
45.78,2.01,1301,42.98,27.82
45.8,2.13,1335,42.79,27.82
45.58,2.89,1897,42.72,27.82
45.77,3.18,2091,42.69,27.82
45.66,1.56,1069,42.46,27.81
45.62,3.33,2177,42.46,27.81
45.74,3.18,2075,42.44,27.81
45.62,2.28,1440,42.28,27.81
45.92,2.06,1339,42.1,27.81
45.39,1.49,919,41.87,27.8
45.53,1.47,869,41.63,27.8
45.59,2.62,1688,41.53,27.8
45.67,1.7,1078,41.33,27.8
45.8,2.07,1376,41.18,27.8
45.6,3.26,2068,41.19,27.79
45.39,2.63,1851,41.13,27.79
45.73,2.82,1812,41.08,27.79
45.72,1.7,1103,40.89,27.79
45.31,2.95,1890,40.85,27.79
45.6,3.26,2159,40.89,27.78
45.36,2.55,1646,40.8,27.78
45.5,3.52,2238,40.86,27.78
45.47,3.05,1892,40.84,27.78
45.72,3.0,1979,40.82,27.78
45.62,3.04,2007,40.82,27.77
45.41,1.75,1151,40.64,27.77
45.73,2.15,1388,40.51,27.77
45.39,1.57,1005,40.32,27.77
45.65,1.6,1079,40.14,27.77
45.48,1.87,1212,39.98,27.76
45.54,3.69,2455,40.12,27.76
45.67,4.51,2924,40.4,27.76
45.68,3.6,2335,40.49,27.76
45.8,3.95,2584,40.66,27.76
45.59,3.64,2438,40.77,27.75
45.64,4.36,2891,41.02,27.75
45.53,4.35,2824,41.25,27.75
45.62,4.12,2660,41.42,27.75
45.66,4.41,2805,41.64,27.75
45.58,4.21,2773,41.84,27.74
45.32,4.5,2837,42.06,27.74
45.64,3.76,2530,42.17,27.74
45.65,4.05,2672,42.32,27.74
45.49,3.74,2391,42.38,27.74
45.4,4.02,2672,42.53,27.73
45.81,4.33,2845,42.73,27.73
45.67,4.33,2840,42.92,27.73
45.56,4.52,2928,43.15,27.73
45.42,4.03,2647,43.27,27.73
45.47,4.31,2730,43.42,27.72
45.79,3.96,2579,43.52,27.72
45.61,4.56,2928,43.73,27.72
45.51,3.93,2539,43.81,27.72
45.67,4.14,2656,43.93,27.72
45.47,4.43,2845,44.1,27.71
45.81,4.79,3175,44.38,27.71
45.79,3.92,2476,44.43,27.71
45.52,3.88,2541,44.49,27.71
45.49,3.97,2524,44.55,27.71
45.2,3.75,2506,44.6,27.7
45.37,4.44,2905,44.77,27.7
45.39,4.74,3011,44.99,27.7
45.61,3.84,2516,45.03,27.7
45.54,4.13,2649,45.12,27.7
45.38,4.49,2930,45.29,27.69
45.54,3.72,2354,45.28,27.69
45.66,4.11,2730,45.38,27.69
45.66,4.58,2876,45.54,27.69
45.3,4.82,3092,45.77,27.69
45.57,4.19,2667,45.84,27.68
45.38,3.62,2374,45.82,27.68
45.72,3.58,2299,45.79,27.68
45.7,2.89,1869,45.64,27.68
45.45,2.91,1862,45.49,27.68
45.47,3.7,2334,45.48,27.67
45.51,2.8,1807,45.32,27.67
45.24,3.71,2345,45.31,27.67
45.63,3.72,2325,45.3,27.67
45.54,2.68,1776,45.14,27.67
45.73,2.26,1404,44.91,27.66
45.42,3.44,2308,44.88,27.66
45.49,2.78,1879,44.75,27.66
45.35,3.44,2278,44.73,27.66
45.43,3.47,2196,44.69,27.66
45.4,3.04,2080,44.61,27.65
45.73,3.94,2444,44.65,27.65
45.47,2.89,1832,44.52,27.65
45.6,2.97,1972,44.42,27.65
45.52,4.15,2735,44.54,27.65
45.39,2.51,1598,44.36,27.64
45.55,2.25,1420,44.15,27.64
45.67,4.03,2608,44.23,27.64
45.39,2.65,1718,44.09,27.64
45.7,2.47,1585,43.91,27.64
45.45,3.06,2071,43.85,27.63
45.5,2.48,1577,43.68,27.63
45.65,3.36,2255,43.67,27.63
45.47,2.97,1952,43.58,27.63
45.58,3.48,2311,43.59,27.63
45.53,2.89,1801,43.48,27.62
45.59,4.06,2692,43.6,27.62
45.22,2.61,1746,43.47,27.62
45.3,3.33,2129,43.44,27.62
45.66,3.87,2559,43.52,27.62
45.73,2.97,1858,43.43,27.61
45.43,2.48,1585,43.27,27.61
45.53,2.39,1611,43.11,27.61
45.61,4.06,2628,43.23,27.61
45.67,2.17,1397,43.04,27.61
45.27,2.55,1729,42.91,27.61
45.44,2.33,1415,42.73,27.6
45.52,2.58,1668,42.61,27.6
45.67,2.72,1766,42.5,27.6
45.94,2.07,1304,42.31,27.6
45.53,1.83,1258,42.11,27.6
45.36,3.01,1913,42.06,27.59
45.63,2.26,1427,41.9,27.59
45.76,2.59,1561,41.77,27.59
45.58,2.88,1926,41.72,27.59
45.43,3.36,2167,41.74,27.59
45.71,2.95,1902,41.68,27.58
45.66,1.53,987,41.46,27.58
45.41,3.21,2146,41.47,27.58
45.62,3.35,2258,41.5,27.58
45.71,2.69,1664,41.41,27.58
45.74,3.57,2300,41.47,27.57
45.55,2.69,1692,41.37,27.57
45.51,2.46,1588,41.26,27.57
45.75,2.2,1428,41.12,27.57
45.38,2.65,1634,41.02,27.57
45.63,1.83,1210,40.84,27.56
45.36,1.6,1015,40.64,27.56
45.72,1.56,1053,40.45,27.56
45.52,2.06,1338,40.3,27.56
45.75,2.37,1456,40.19,27.56
45.63,2.51,1661,40.12,27.55
45.38,2.19,1355,39.99,27.55
45.77,3.39,2139,40.04,27.55
45.79,2.04,1311,39.9,27.55
45.69,2.47,1592,39.82,27.55
45.44,1.76,1054,39.65,27.54
45.51,1.9,1225,39.5,27.54
45.58,1.7,1103,39.34,27.54
45.45,2.63,1702,39.29,27.54
45.81,2.79,1728,39.26,27.54
45.58,1.81,1182,39.12,27.53
45.15,2.19,1458,39.02,27.53
45.61,1.42,853,38.84,27.53
45.5,3.31,2100,38.9,27.53
45.54,3.02,2004,38.93,27.53
45.5,4.02,2693,39.15,27.52
45.67,4.6,2980,39.47,27.52
45.72,3.98,2562,39.65,27.52
45.6,3.97,2591,39.83,27.52
45.5,4.12,2744,40.05,27.52
45.55,4.59,2938,40.33,27.51
45.55,3.63,2333,40.42,27.51
45.43,4.0,2574,40.58,27.51
45.64,3.98,2518,40.73,27.51
45.62,3.56,2354,40.81,27.51
45.78,4.31,2811,41.03,27.5
45.74,3.86,2410,41.13,27.5
45.45,4.33,2816,41.35,27.5
45.67,4.15,2783,41.55,27.5
45.41,3.82,2494,41.65,27.5
45.65,3.71,2494,41.75,27.49
45.47,3.56,2288,41.8,27.49
45.39,3.46,2294,41.84,27.49
45.59,4.46,2966,42.09,27.49
45.15,4.25,2757,42.26,27.49
45.28,3.64,2343,42.31,27.48
45.52,4.31,2857,42.51,27.48
45.56,4.62,3028,42.77,27.48
45.49,3.51,2329,42.8,27.48
45.31,4.21,2754,42.96,27.48
45.42,4.41,2862,43.15,27.47
45.6,3.73,2419,43.2,27.47
45.63,4.34,2804,43.37,27.47
45.54,4.74,3100,43.64,27.47
45.72,3.57,2312,43.65,27.47
45.6,4.57,2982,43.86,27.46
45.43,3.87,2476,43.92,27.46
45.5,3.63,2316,43.92,27.46
45.33,4.22,2772,44.06,27.46
45.53,3.57,2337,44.07,27.46
45.71,4.07,2625,44.16,27.45
45.64,3.73,2495,44.2,27.45
45.75,4.45,2853,44.37,27.45
45.49,4.2,2749,44.49,27.45
45.74,4.17,2735,44.61,27.45
45.51,3.75,2439,44.63,27.44
45.76,3.89,2592,44.69,27.44
45.54,3.49,2351,44.68,27.44
45.64,2.34,1461,44.46,27.44
45.76,2.42,1458,44.26,27.44
45.51,3.14,2019,44.18,27.43
45.57,4.1,2618,44.27,27.43
45.73,3.39,2179,44.23,27.43
45.52,3.61,2438,44.25,27.43
45.34,2.58,1810,44.1,27.43
45.86,3.08,1956,44.01,27.42
45.46,3.07,2010,43.93,27.42
45.56,3.81,2485,43.98,27.42
45.71,2.54,1670,43.82,27.42
45.44,3.34,2102,43.77,27.42
45.38,4.03,2680,43.88,27.41
45.57,3.93,2597,43.96,27.41
45.26,3.84,2475,44.01,27.41
45.49,2.93,1965,43.91,27.41
45.57,4.17,2636,44.02,27.41
45.49,3.87,2433,44.06,27.4
45.3,4.0,2615,44.14,27.4
45.77,4.18,2736,44.26,27.4
45.55,4.05,2626,44.35,27.4
45.74,2.88,1925,44.24,27.4
45.49,2.44,1556,44.05,27.39
45.4,3.53,2356,44.05,27.39
45.57,3.36,2223,44.02,27.39
45.5,2.9,1980,43.93,27.39
45.35,3.49,2183,43.9,27.39
45.75,2.31,1476,43.7,27.38
45.43,2.25,1417,43.5,27.38
45.25,2.92,1939,43.41,27.38
45.73,2.67,1812,43.29,27.38
45.45,3.61,2328,43.31,27.38
45.43,4.15,2730,43.44,27.37
45.26,3.38,2272,43.44,27.37
45.79,3.6,2355,43.46,27.37
45.33,2.84,1882,43.36,27.37
45.53,2.27,1373,43.16,27.37
45.66,2.32,1586,42.99,27.37
45.59,2.52,1625,42.84,27.36
45.51,2.32,1643,42.7,27.36
45.27,3.07,1952,42.63,27.36
45.4,2.38,1572,42.48,27.36
45.55,2.1,1407,42.3,27.36
45.4,3.1,1889,42.23,27.35
45.55,3.13,2121,42.21,27.35
45.62,2.28,1517,42.05,27.35
45.67,2.86,1786,41.97,27.35
45.34,1.61,1065,41.74,27.35
45.85,2.57,1691,41.63,27.34
45.63,1.33,857,41.38,27.34
45.52,1.53,964,41.16,27.34
45.68,2.81,1824,41.09,27.34
45.87,2.05,1372,40.94,27.34
45.3,3.03,2013,40.92,27.33
45.48,3.17,2062,40.92,27.33
45.16,1.62,1066,40.71,27.33
45.55,2.99,1938,40.69,27.33
45.57,2.52,1592,40.58,27.33
45.51,1.69,1096,40.39,27.32
45.42,2.89,1840,40.35,27.32
45.21,2.69,1697,40.28,27.32
45.57,2.47,1483,40.17,27.32
45.73,3.28,2111,40.2,27.32
45.43,2.45,1630,40.11,27.31
45.58,3.53,2354,40.2,27.31
45.28,2.49,1639,40.12,27.31
45.58,1.85,1135,39.94,27.31
45.45,2.15,1387,39.82,27.31
45.4,1.96,1214,39.66,27.3
45.4,2.73,1870,39.64,27.3
45.45,2.88,1851,39.61,27.3
45.57,2.31,1475,39.51,27.3
45.31,1.53,1040,39.33,27.3
45.45,2.51,1631,39.27,27.29
45.5,1.69,1150,39.11,27.29
45.34,2.89,1820,39.09,27.29
45.78,3.07,2000,39.12,27.29
45.38,4.13,2708,39.34,27.29
45.41,4.21,2608,39.53,27.28
45.36,4.23,2715,39.75,27.28
45.78,3.51,2249,39.83,27.28
45.59,3.75,2442,39.95,27.28
45.37,3.71,2399,40.07,27.28
45.67,4.11,2689,40.26,27.27
45.54,4.14,2682,40.45,27.27
45.54,3.56,2373,40.54,27.27
45.45,4.0,2706,40.72,27.27
45.39,3.92,2472,40.84,27.27
45.56,4.41,2865,41.07,27.26
45.42,3.76,2500,41.18,27.26
45.78,4.18,2682,41.36,27.26
45.31,4.57,2987,41.62,27.26
45.73,4.66,3009,41.89,27.26
45.49,4.62,2952,42.14,27.25
45.55,3.77,2400,42.2,27.25
45.63,4.38,2726,42.38,27.25
45.41,4.52,2949,42.61,27.25
45.63,4.51,2946,42.83,27.25
45.1,3.46,2201,42.82,27.24
45.39,3.43,2215,42.82,27.24
45.36,4.44,2813,43.0,27.24
45.31,4.9,3200,43.31,27.24
45.47,4.42,2852,43.49,27.24
45.56,4.59,3022,43.71,27.24
45.6,4.02,2596,43.8,27.23
45.53,3.88,2470,43.85,27.23
45.4,4.37,2814,44.0,27.23
45.55,4.57,3047,44.22,27.23
45.52,4.31,2905,44.39,27.23
45.64,4.8,3044,44.61,27.22
45.61,3.9,2580,44.67,27.22
45.5,3.56,2259,44.64,27.22
45.36,4.89,3140,44.89,27.22
45.4,3.89,2538,44.93,27.22
45.41,4.6,3016,45.13,27.21
45.45,4.67,3002,45.32,27.21
45.53,3.88,2554,45.35,27.21
45.6,4.61,3054,45.55,27.21
45.49,3.98,2622,45.59,27.21
45.5,3.51,2234,45.54,27.2
45.51,3.47,2234,45.48,27.2
45.42,3.75,2483,45.48,27.2
45.35,2.94,1987,45.35,27.2
45.23,2.48,1548,45.14,27.2
45.39,3.42,2241,45.08,27.19
45.56,2.76,1831,44.93,27.19
45.39,2.28,1410,44.69,27.19
45.45,3.68,2442,44.71,27.19
45.56,2.96,2029,44.6,27.19
45.57,3.23,2135,44.53,27.18
45.33,3.68,2418,44.54,27.18
45.64,3.08,1961,44.43,27.18
45.66,2.17,1384,44.2,27.18
45.32,2.7,1723,44.05,27.18
45.36,2.44,1543,43.86,27.17
45.67,4.21,2727,43.98,27.17
45.46,3.61,2361,43.98,27.17
45.15,3.04,1934,43.88,27.17
45.28,2.14,1373,43.66,27.17
45.45,2.51,1646,43.5,27.16
45.31,3.95,2459,43.55,27.16
45.42,4.02,2662,43.66,27.16
45.49,2.25,1471,43.46,27.16
45.7,3.97,2594,43.55,27.16
45.44,2.94,1968,43.45,27.15
45.64,2.55,1701,43.3,27.15
45.7,2.29,1522,43.12,27.15
45.7,3.88,2536,43.2,27.15
45.53,2.87,1868,43.09,27.15
45.19,3.92,2516,43.17,27.15
45.55,2.68,1694,43.03,27.14
45.64,3.72,2439,43.08,27.14
45.47,2.41,1588,42.92,27.14
45.74,2.34,1530,42.74,27.14
45.61,2.39,1484,42.57,27.14
45.57,3.36,2053,42.54,27.13
45.64,2.79,1818,42.44,27.13
45.53,2.79,1719,42.32,27.13
45.1,3.4,2224,42.33,27.13
45.4,1.56,1109,42.09,27.13
45.66,2.26,1483,41.93,27.12
45.36,1.99,1270,41.73,27.12
45.44,2.74,1730,41.63,27.12
45.32,3.17,2031,41.6,27.12
45.74,3.45,2239,41.63,27.12
45.73,2.29,1541,41.48,27.11
45.34,2.86,1866,41.42,27.11
45.5,3.23,2084,41.41,27.11
45.37,2.94,1947,41.36,27.11
45.57,2.06,1413,41.2,27.11
45.55,2.81,1845,41.13,27.1
45.6,3.52,2300,41.18,27.1
45.52,3.58,2246,41.22,27.1
45.91,2.83,1768,41.14,27.1
45.32,3.45,2171,41.17,27.1
45.22,1.93,1245,40.98,27.09
45.41,2.19,1383,40.83,27.09
45.24,3.34,2148,40.85,27.09
45.25,1.71,1066,40.64,27.09
45.32,1.86,1173,40.46,27.09
45.33,2.34,1427,40.33,27.08
45.33,2.65,1732,40.25,27.08
45.55,2.76,1830,40.2,27.08
45.39,2.07,1351,40.06,27.08
45.44,3.28,2151,40.09,27.08
45.6,3.29,2162,40.13,27.07
45.35,2.41,1585,40.03,27.07
45.43,2.4,1603,39.93,27.07
45.52,2.74,1839,39.89,27.07
45.18,2.98,2014,39.89,27.07
45.11,2.31,1404,39.76,27.07
45.52,2.39,1578,39.67,27.06
45.54,2.29,1427,39.55,27.06
45.78,2.07,1415,39.43,27.06
45.49,2.32,1514,39.33,27.06
45.59,2.77,1812,39.3,27.06
45.44,3.22,2101,39.33,27.05
45.51,4.41,2880,39.6,27.05
45.71,4.56,3045,39.91,27.05
45.14,4.36,2894,40.17,27.05
45.52,4.15,2780,40.38,27.05
45.78,4.45,2884,40.63,27.04
45.5,4.65,2919,40.89,27.04
45.71,3.96,2611,41.04,27.04
45.37,4.59,2929,41.29,27.04
45.46,4.55,2940,41.54,27.04
45.47,3.75,2436,41.62,27.03
45.13,4.4,2859,41.83,27.03
45.28,3.86,2542,41.93,27.03
45.3,3.59,2288,41.97,27.03
45.58,4.29,2820,42.15,27.03
45.59,4.58,2970,42.39,27.02
45.51,3.75,2568,42.48,27.02
45.58,4.61,2915,42.7,27.02
45.43,4.19,2731,42.85,27.02
45.64,4.71,3093,43.11,27.02
45.46,4.55,2936,43.32,27.01
45.47,4.76,3064,43.56,27.01
45.42,4.35,2892,43.74,27.01
45.56,4.53,2989,43.94,27.01
45.39,3.65,2332,43.94,27.01
45.6,3.71,2335,43.95,27.0
45.28,3.76,2475,43.98,27.0
45.29,4.46,2915,44.16,27.0
45.56,3.59,2363,44.15,27.0
45.44,3.61,2342,44.15,27.0
45.39,4.65,3063,44.37,27.0
45.59,4.41,2946,44.54,26.99
45.36,4.61,3074,44.76,26.99
45.42,3.55,2270,44.72,26.99
45.66,3.98,2711,44.8,26.99
45.68,3.8,2504,44.83,26.99
45.69,3.52,2217,44.78,26.98
45.41,3.81,2501,44.8,26.98
45.63,3.99,2605,44.86,26.98
45.31,3.49,2262,44.81,26.98
45.31,4.1,2653,44.89,26.98
45.1,4.05,2670,44.96,26.97
45.7,3.64,2399,44.95,26.97
45.32,3.5,2248,44.9,26.97
45.43,2.25,1437,44.67,26.97
45.31,2.63,1678,44.49,26.97
45.55,2.73,1763,44.33,26.96
45.39,4.06,2680,44.41,26.96
45.25,2.44,1646,44.23,26.96
45.51,4.08,2640,44.31,26.96
45.23,2.37,1596,44.11,26.96
45.32,3.52,2308,44.1,26.95
45.13,2.73,1784,43.95,26.95
45.23,2.9,1977,43.84,26.95
45.47,4.28,2797,43.98,26.95
45.15,2.52,1633,43.8,26.95
45.22,2.46,1641,43.63,26.95
45.44,3.41,2153,43.59,26.94
45.36,3.88,2508,43.64,26.94
45.74,4.25,2778,43.78,26.94
45.72,3.58,2364,43.78,26.94
45.31,3.24,2117,43.72,26.94
45.52,2.9,1818,43.6,26.93
45.55,3.46,2206,43.57,26.93
45.35,3.49,2250,43.55,26.93
45.22,2.57,1684,43.39,26.93
45.44,3.52,2222,43.37,26.93
45.41,2.61,1769,43.23,26.92
45.37,3.36,2200,43.21,26.92
45.5,2.73,1786,43.08,26.92
45.33,2.73,1764,42.95,26.92
45.26,3.31,2081,42.9,26.92
45.45,2.24,1459,42.71,26.91
45.49,2.35,1565,42.55,26.91
45.26,2.51,1625,42.4,26.91
45.58,2.5,1680,42.26,26.91
45.17,2.3,1494,42.09,26.91
45.35,3.66,2415,42.15,26.9
45.4,3.13,2028,42.1,26.9
45.34,2.36,1556,41.95,26.9
45.35,2.43,1621,41.81,26.9
45.71,3.06,1936,41.75,26.9
45.31,2.19,1458,41.59,26.89
45.8,3.19,2124,41.57,26.89
45.5,2.73,1887,41.5,26.89
45.45,2.48,1614,41.37,26.89
45.5,2.26,1363,41.2,26.89
45.81,2.02,1225,41.01,26.89
45.28,2.73,1733,40.92,26.88
45.26,2.53,1710,40.82,26.88
45.32,3.28,2244,40.85,26.88
45.44,2.34,1502,40.72,26.88
45.17,2.63,1712,40.63,26.88
45.43,2.36,1404,40.49,26.87
45.68,3.05,2013,40.47,26.87
45.45,2.29,1492,40.34,26.87
45.38,2.09,1346,40.18,26.87
45.34,3.31,2100,40.2,26.87
45.56,2.62,1683,40.12,26.86
45.3,2.74,1713,40.05,26.86
45.7,2.75,1742,39.98,26.86
45.72,2.85,1792,39.93,26.86
45.46,2.13,1331,39.78,26.86
45.42,1.51,926,39.58,26.85
45.58,3.25,2138,39.61,26.85
45.59,1.69,1043,39.43,26.85
45.3,3.09,2009,39.44,26.85
45.35,1.68,1036,39.25,26.85
45.23,2.08,1297,39.12,26.85
45.48,1.41,861,38.91,26.84
45.52,2.52,1689,38.86,26.84
45.22,2.94,1902,38.85,26.84
45.35,1.97,1240,38.71,26.84
45.22,2.26,1419,38.61,26.84
45.29,3.29,2069,38.66,26.83
45.5,2.34,1487,38.57,26.83
45.31,3.13,1960,38.59,26.83
45.38,3.46,2229,38.67,26.83
45.18,3.51,2243,38.76,26.83
45.45,3.39,2167,38.82,26.82
45.41,2.2,1491,38.73,26.82
45.31,3.86,2498,38.88,26.82
45.39,4.44,2877,39.16,26.82
45.45,3.6,2407,39.27,26.82
45.3,4.28,2715,39.49,26.81
45.2,3.77,2426,39.61,26.81
45.69,4.24,2678,39.81,26.81
45.32,4.16,2705,40.01,26.81
45.4,3.95,2597,40.16,26.81
45.57,4.76,2971,40.45,26.8
45.95,3.51,2325,40.51,26.8
45.23,3.96,2590,40.66,26.8
45.48,4.12,2682,40.83,26.8
45.31,4.2,2666,40.99,26.8
45.33,4.11,2709,41.16,26.8
45.31,3.55,2389,41.22,26.79
45.24,4.76,3073,41.51,26.79
45.41,3.93,2539,41.62,26.79
45.19,3.99,2595,41.74,26.79
45.55,4.05,2613,41.87,26.79
45.42,3.83,2479,41.95,26.78
45.47,3.58,2376,41.99,26.78
45.34,3.75,2433,42.06,26.78
45.36,3.8,2485,42.13,26.78
45.45,3.77,2551,42.22,26.78
45.24,4.0,2672,42.34,26.77
45.36,4.29,2735,42.5,26.77
45.28,4.19,2811,42.66,26.77
45.28,3.52,2357,42.68,26.77
45.09,4.76,3168,42.96,26.77
45.61,4.73,3041,43.21,26.76
45.3,4.88,3185,43.49,26.76
45.58,3.87,2496,43.54,26.76
45.57,4.39,2857,43.7,26.76
45.21,3.71,2496,43.74,26.76
45.24,4.68,3052,43.96,26.76
45.79,3.64,2279,43.95,26.75
45.67,4.01,2589,44.02,26.75
45.4,4.04,2593,44.09,26.75
45.44,4.26,2860,44.23,26.75
45.31,4.14,2650,44.31,26.75
45.47,3.44,2213,44.26,26.74
45.3,3.96,2554,44.31,26.74
45.1,2.88,1954,44.19,26.74
45.2,3.04,2026,44.09,26.74
45.41,2.52,1665,43.91,26.74
45.23,2.72,1777,43.76,26.73
45.39,3.21,2098,43.69,26.73
45.24,3.17,2067,43.61,26.73
45.28,2.54,1754,43.46,26.73
45.53,3.78,2397,43.48,26.73
45.44,2.29,1350,43.26,26.73
45.4,3.67,2410,43.29,26.72
45.53,2.6,1762,43.15,26.72
45.47,3.1,2022,43.07,26.72
45.62,3.02,1866,42.97,26.72
45.33,3.09,2047,42.9,26.72
45.33,3.85,2447,42.95,26.71
45.2,4.21,2674,43.07,26.71
45.33,2.63,1661,42.92,26.71
45.54,3.28,2049,42.86,26.71
45.59,3.25,2122,42.82,26.71
45.54,4.09,2627,42.92,26.7
45.13,3.76,2379,42.95,26.7
45.56,3.27,2245,42.93,26.7
45.12,3.19,2045,42.87,26.7
45.53,2.67,1736,42.73,26.7
45.34,3.66,2459,42.78,26.69
45.5,3.93,2587,42.87,26.69
45.19,4.2,2824,43.02,26.69
45.57,3.12,1991,42.94,26.69
45.17,3.32,2209,42.92,26.69
45.29,2.99,1970,42.83,26.69
45.24,3.4,2262,42.82,26.68
45.13,2.91,1931,42.73,26.68
45.41,3.51,2240,42.72,26.68
45.66,2.22,1587,42.55,26.68
45.79,2.25,1349,42.35,26.68
45.4,3.55,2263,42.36,26.67
45.56,1.68,1125,42.11,26.67
45.42,2.2,1446,41.93,26.67
45.46,2.8,1824,41.84,26.67
45.34,2.08,1389,41.65,26.67
45.42,1.52,943,41.4,26.66
45.47,1.76,1185,41.19,26.66
45.3,1.62,1043,40.96,26.66
45.38,3.0,2020,40.93,26.66
45.38,2.79,1799,40.85,26.66
45.51,1.6,1066,40.63,26.66
45.23,2.29,1520,40.5,26.65
45.38,1.94,1306,40.32,26.65
45.67,2.75,1786,40.25,26.65
45.56,2.72,1752,40.18,26.65
45.59,2.46,1560,40.07,26.65
45.39,2.16,1429,39.93,26.64
45.43,1.56,922,39.71,26.64
45.53,2.94,1927,39.69,26.64
45.62,3.19,2093,39.71,26.64
45.09,3.3,2240,39.76,26.64
45.18,1.55,975,39.55,26.63
45.58,2.92,1910,39.53,26.63
45.34,2.81,1833,39.48,26.63
45.28,3.35,2119,39.52,26.63
45.19,1.9,1236,39.36,26.63
45.3,3.06,1924,39.35,26.62
45.17,1.64,1116,39.17,26.62
45.69,2.8,1847,39.14,26.62
45.38,2.3,1516,39.03,26.62
45.37,2.96,1889,39.02,26.62
45.47,3.25,2186,39.07,26.62
45.52,2.34,1465,38.96,26.61
45.52,2.46,1603,38.88,26.61
45.54,1.53,937,38.69,26.61
45.28,2.26,1463,38.59,26.61
45.33,2.32,1570,38.51,26.61
45.49,1.77,1175,38.36,26.6
45.3,3.24,2062,38.4,26.6
45.37,1.72,1091,38.25,26.6
45.43,2.75,1770,38.22,26.6
45.49,3.18,2022,38.25,26.6
45.11,3.18,2078,38.3,26.59
45.48,3.96,2684,38.51,26.59
45.34,4.12,2652,38.71,26.59
45.48,3.84,2591,38.88,26.59
45.49,4.02,2612,39.06,26.59
45.61,3.88,2541,39.22,26.59
45.58,3.8,2482,39.35,26.58
45.57,4.87,3080,39.69,26.58
45.59,3.55,2332,39.77,26.58
45.41,4.23,2626,39.95,26.58
45.38,3.74,2438,40.05,26.58
45.5,4.51,2941,40.32,26.57
45.48,4.74,3002,40.6,26.57
45.32,4.06,2641,40.76,26.57
45.43,4.46,2882,40.98,26.57
45.36,4.0,2595,41.11,26.57
45.24,3.67,2378,41.18,26.57
45.56,3.64,2339,41.23,26.56
45.38,3.98,2592,41.35,26.56
45.67,3.76,2485,41.44,26.56
45.12,4.09,2646,41.57,26.56
45.28,4.04,2624,41.7,26.56
45.37,4.41,2898,41.91,26.55
45.54,3.81,2590,42.01,26.55
45.43,3.57,2314,42.03,26.55
45.41,4.08,2567,42.14,26.55
45.2,4.07,2603,42.25,26.55
45.19,3.58,2358,42.28,26.54
45.41,3.38,2271,42.28,26.54
45.16,4.21,2692,42.41,26.54
45.28,3.87,2515,42.49,26.54
45.44,4.68,3041,42.73,26.54
45.22,3.75,2402,42.77,26.54
45.6,3.68,2467,42.81,26.53
45.55,4.07,2703,42.93,26.53
45.13,4.77,3119,43.19,26.53
45.22,4.25,2742,43.32,26.53
45.02,3.76,2492,43.36,26.53
45.24,3.56,2339,43.36,26.52
45.47,4.07,2622,43.45,26.52
45.3,3.57,2367,43.45,26.52
45.43,4.33,2830,43.6,26.52
45.13,4.24,2672,43.7,26.52
45.48,3.43,2178,43.65,26.51
45.27,2.27,1411,43.43,26.51
45.36,3.53,2349,43.43,26.51
45.34,4.25,2725,43.55,26.51
45.17,3.18,2099,43.48,26.51
45.18,2.63,1820,43.33,26.51
45.5,4.09,2698,43.44,26.5
45.42,2.81,1809,43.3,26.5
45.51,2.82,1798,43.17,26.5
45.4,2.26,1456,42.96,26.5
45.38,2.28,1428,42.76,26.5
45.1,2.65,1666,42.61,26.49
45.31,3.18,2025,42.55,26.49
45.35,3.26,2148,42.51,26.49
45.65,3.4,2186,42.49,26.49
45.46,3.32,2146,42.46,26.49
45.58,3.05,2006,42.39,26.49
45.44,3.96,2611,42.48,26.48
45.24,4.07,2550,42.57,26.48
45.37,2.9,1797,42.46,26.48
45.39,2.35,1507,42.28,26.48
45.21,3.0,1897,42.19,26.48
45.29,2.25,1507,42.02,26.47
45.32,4.11,2649,42.14,26.47
45.59,2.84,1933,42.05,26.47
45.04,3.25,2086,42.02,26.47
45.53,2.35,1542,41.85,26.47
45.21,3.3,2110,41.83,26.46
45.14,2.39,1578,41.67,26.46
45.52,3.74,2458,41.74,26.46
45.46,4.13,2732,41.89,26.46
45.53,2.92,1894,41.81,26.46
45.47,2.81,1891,41.72,26.46
45.65,3.19,2091,41.69,26.45
45.43,3.5,2244,41.7,26.45
45.32,2.71,1732,41.59,26.45
45.4,2.82,1871,41.5,26.45
45.53,2.59,1750,41.39,26.45
45.23,2.91,1836,41.3,26.44
45.25,1.89,1268,41.1,26.44
45.3,2.55,1584,40.97,26.44
45.03,3.43,2196,40.99,26.44
45.36,1.94,1284,40.8,26.44
45.06,2.83,1798,40.72,26.44
45.35,2.74,1853,40.65,26.43
45.47,2.58,1710,40.55,26.43
45.27,2.82,1773,40.47,26.43
45.59,2.46,1632,40.35,26.43
45.12,1.61,979,40.13,26.43
45.52,3.3,2144,40.15,26.42
45.44,2.97,1975,40.12,26.42
45.08,1.77,1189,39.93,26.42
45.75,2.41,1563,39.82,26.42
45.33,3.01,1940,39.79,26.42
45.21,3.58,2270,39.86,26.42
45.13,3.28,2142,39.88,26.41
45.3,3.37,2230,39.92,26.41
45.32,1.81,1281,39.75,26.41
45.35,3.3,2125,39.77,26.41
45.29,3.14,2083,39.77,26.41
45.43,2.27,1517,39.65,26.4
45.28,2.19,1398,39.51,26.4
45.04,2.36,1568,39.41,26.4
45.31,2.8,1778,39.35,26.4
44.98,1.99,1303,39.2,26.4
45.39,1.65,1061,39.02,26.39
45.19,1.52,1012,38.83,26.39
45.36,2.36,1562,38.74,26.39
45.53,2.03,1292,38.6,26.39
45.19,3.03,1968,38.6,26.39
45.49,1.66,1072,38.43,26.39
45.27,3.44,2180,38.5,26.38
45.59,3.26,2104,38.54,26.38
45.28,3.33,2136,38.59,26.38
45.2,3.07,1938,38.6,26.38
45.43,1.72,1077,38.43,26.38
45.26,2.25,1449,38.33,26.37
45.2,1.72,1121,38.17,26.37
45.26,4.06,2577,38.35,26.37
45.32,3.78,2517,38.51,26.37
45.53,3.56,2346,38.61,26.37
45.04,3.93,2551,38.78,26.37
45.33,3.79,2403,38.9,26.36
45.42,4.58,2967,39.19,26.36
45.36,4.56,2954,39.48,26.36
45.52,4.21,2683,39.67,26.36
45.31,3.9,2475,39.79,26.36
45.3,3.73,2460,39.9,26.35
45.41,4.57,2952,40.17,26.35
45.34,4.51,2979,40.43,26.35
45.27,3.87,2516,40.54,26.35
45.4,4.49,2956,40.79,26.35
45.23,3.99,2628,40.93,26.35
45.23,3.86,2531,41.03,26.34
45.24,3.46,2307,41.07,26.34
45.53,4.1,2667,41.21,26.34
44.84,3.61,2274,41.25,26.34
45.38,3.54,2233,41.26,26.34
45.33,3.59,2300,41.3,26.33
45.07,4.01,2642,41.43,26.33
45.37,4.22,2724,41.59,26.33
45.39,3.75,2448,41.65,26.33
45.41,4.58,3002,41.89,26.33
44.92,3.97,2591,42.0,26.33
45.52,3.98,2476,42.07,26.32
45.21,3.7,2346,42.1,26.32
45.42,3.92,2633,42.21,26.32
45.43,3.43,2248,42.2,26.32
45.19,3.7,2273,42.22,26.32
45.42,4.53,2947,42.43,26.31
45.26,4.2,2818,42.58,26.31
45.01,4.63,3021,42.81,26.31
45.49,3.63,2361,42.83,26.31
45.2,4.05,2542,42.9,26.31
45.19,3.85,2490,42.95,26.31
45.25,4.37,2755,43.09,26.3
45.36,4.63,2949,43.29,26.3
45.31,4.48,2840,43.45,26.3
45.4,3.42,2312,43.43,26.3
45.11,3.85,2539,43.48,26.3
45.2,3.26,2192,43.43,26.29
45.3,3.54,2235,43.4,26.29
45.6,2.55,1666,43.22,26.29
45.3,3.22,2043,43.15,26.29
45.47,2.55,1612,42.97,26.29
45.32,2.75,1808,42.84,26.29
45.24,2.86,1866,42.72,26.28
45.27,3.1,2033,42.65,26.28
45.29,2.46,1536,42.47,26.28
45.4,2.85,1858,42.36,26.28
45.52,2.79,1833,42.25,26.28
45.36,3.97,2548,42.33,26.27
45.49,3.78,2446,42.38,26.27
45.16,2.47,1526,42.21,26.27
45.25,4.05,2522,42.29,26.27
45.2,3.67,2488,42.34,26.27
45.35,3.54,2314,42.35,26.27
45.25,3.23,2082,42.3,26.26
45.42,2.56,1707,42.16,26.26
45.17,4.14,2646,42.28,26.26
45.31,2.32,1514,42.1,26.26
45.41,3.72,2470,42.15,26.26
45.0,3.06,1937,42.07,26.26
45.62,4.03,2594,42.17,26.25
45.26,3.02,1893,42.08,26.25
45.0,3.18,2111,42.04,26.25
45.33,3.81,2488,42.11,26.25
45.31,2.27,1532,41.93,26.25
45.29,2.44,1628,41.78,26.24
45.45,2.59,1668,41.64,26.24
45.41,2.52,1658,41.51,26.24
45.35,2.24,1475,41.33,26.24
45.37,3.61,2385,41.38,26.24
45.29,3.87,2586,41.49,26.24
45.57,4.07,2590,41.6,26.23
45.08,3.05,1892,41.53,26.23
45.32,2.92,1847,41.44,26.23
45.31,3.49,2295,41.46,26.23
45.42,2.01,1327,41.26,26.23
45.17,3.25,2083,41.24,26.22
45.04,2.84,1834,41.15,26.22
45.32,2.54,1608,41.01,26.22
45.34,1.79,1157,40.8,26.22
45.52,2.8,1788,40.71,26.22
45.11,3.25,2194,40.72,26.22
45.47,1.79,1231,40.52,26.21
45.65,1.72,1157,40.31,26.21
45.24,2.93,1904,40.26,26.21
45.1,3.45,2300,40.31,26.21
45.23,2.83,1843,40.24,26.21
45.3,2.19,1429,40.09,26.2
45.38,2.3,1407,39.94,26.2
45.21,2.22,1454,39.8,26.2
45.53,3.31,2084,39.81,26.2
45.13,3.08,1984,39.79,26.2
45.03,2.67,1746,39.71,26.2
45.46,2.0,1255,39.54,26.19
44.95,3.43,2255,39.59,26.19
45.26,2.76,1849,39.54,26.19
45.76,3.42,2178,39.58,26.19
45.29,2.54,1659,39.49,26.19
45.12,3.26,2054,39.49,26.19
45.28,3.28,2075,39.51,26.18
45.28,2.2,1443,39.37,26.18
45.31,3.38,2232,39.42,26.18
45.39,1.64,989,39.22,26.18
45.13,3.1,2115,39.23,26.18
45.54,3.39,2177,39.28,26.17
45.32,2.29,1501,39.16,26.17
45.4,2.75,1763,39.1,26.17
45.19,2.5,1608,39.01,26.17
45.48,3.02,2037,39.01,26.17
45.25,3.34,2247,39.07,26.17
45.33,2.72,1683,39.0,26.16
45.15,3.01,1931,38.98,26.16
45.14,2.08,1502,38.87,26.16
45.39,2.08,1328,38.73,26.16
45.22,2.39,1574,38.64,26.16
45.16,3.89,2587,38.8,26.15
45.19,4.36,2879,39.06,26.15
45.39,3.8,2331,39.15,26.15
45.19,3.89,2545,39.3,26.15
45.26,4.5,3014,39.58,26.15
45.28,4.47,2907,39.84,26.15
44.99,4.2,2678,40.01,26.14
45.06,3.93,2506,40.13,26.14
45.33,3.94,2549,40.26,26.14
45.17,4.36,2868,40.48,26.14
45.44,3.75,2581,40.59,26.14
45.42,4.01,2595,40.72,26.14
45.39,4.13,2715,40.89,26.13
45.55,4.2,2653,41.03,26.13
45.27,3.57,2238,41.06,26.13
45.38,3.67,2359,41.11,26.13
45.19,4.96,3200,41.43,26.13
45.65,4.72,3067,41.7,26.12
45.57,4.13,2685,41.83,26.12
45.28,4.42,2857,42.02,26.12
45.33,4.3,2791,42.18,26.12
45.48,3.73,2412,42.22,26.12
45.25,3.91,2475,42.28,26.12
45.18,3.89,2452,42.34,26.11
45.41,4.44,2957,42.54,26.11
45.29,4.16,2664,42.65,26.11
45.3,4.69,3034,42.88,26.11
45.15,4.58,3034,43.1,26.11
45.02,4.53,2929,43.28,26.11
45.31,4.71,3105,43.51,26.1
45.41,4.65,2978,43.71,26.1
45.24,3.92,2627,43.77,26.1
45.49,3.71,2423,43.78,26.1
45.17,4.21,2736,43.88,26.1
45.11,4.13,2675,43.96,26.09
45.26,4.1,2705,44.04,26.09
45.26,4.63,3021,44.24,26.09
45.39,4.73,2915,44.41,26.09
45.15,4.07,2625,44.46,26.09
45.47,4.2,2749,44.55,26.09
45.56,4.55,2910,44.7,26.08
45.26,3.59,2307,44.65,26.08
45.46,3.69,2382,44.63,26.08
45.11,3.11,2103,44.52,26.08
45.43,3.23,2128,44.43,26.08
45.42,4.18,2733,44.51,26.08
45.4,3.68,2334,44.48,26.07
45.26,3.59,2302,44.44,26.07
44.82,2.1,1410,44.18,26.07
45.17,4.02,2644,44.24,26.07
45.17,4.01,2534,44.28,26.07
45.12,2.81,1896,44.13,26.07
45.28,2.8,1776,43.96,26.06
45.2,2.2,1446,43.73,26.06
45.14,2.09,1498,43.5,26.06
45.1,3.5,2255,43.46,26.06
45.16,2.72,1777,43.31,26.06
45.43,4.18,2690,43.41,26.05
45.16,3.88,2530,43.45,26.05
45.18,2.94,1983,43.34,26.05
45.19,2.84,1835,43.2,26.05
45.31,2.87,1848,43.07,26.05
45.33,2.33,1571,42.88,26.05
44.8,2.27,1411,42.66,26.04
45.41,3.08,2004,42.58,26.04
45.48,4.06,2601,42.67,26.04
45.1,4.13,2675,42.77,26.04
45.11,4.02,2566,42.85,26.04
45.19,3.44,2165,42.81,26.04
45.14,4.05,2525,42.87,26.03
45.29,3.11,1996,42.78,26.03
44.97,2.55,1670,42.62,26.03
45.09,3.44,2276,42.6,26.03
45.49,4.01,2540,42.68,26.03
45.12,2.31,1510,42.48,26.02
45.44,2.81,1858,42.36,26.02
45.31,2.65,1742,42.22,26.02
44.98,2.44,1601,42.06,26.02
45.35,1.66,973,41.79,26.02
45.24,2.87,1859,41.69,26.02
45.19,2.4,1555,41.53,26.01
45.29,2.35,1558,41.36,26.01
45.32,3.07,2063,41.32,26.01
45.36,2.51,1619,41.18,26.01
45.43,3.27,2107,41.15,26.01
45.31,2.84,1855,41.07,26.01
45.05,2.67,1739,40.96,26.0
45.18,3.03,1992,40.9,26.0
45.69,1.59,1063,40.67,26.0
45.36,1.37,882,40.42,26.0
45.61,1.67,1110,40.2,26.0
45.46,2.33,1503,40.06,26.0
45.29,2.19,1349,39.9,25.99
45.29,3.34,2114,39.91,25.99
45.24,2.56,1550,39.79,25.99
44.99,2.86,1944,39.75,25.99
45.25,1.96,1339,39.58,25.99
45.43,2.34,1570,39.46,25.99
45.16,2.37,1527,39.34,25.98
45.31,2.81,1876,39.3,25.98
45.37,2.39,1597,39.19,25.98
45.11,2.75,1715,39.12,25.98
45.18,2.82,1796,39.07,25.98
45.09,3.0,1977,39.06,25.97
45.12,1.72,1096,38.87,25.97
45.05,2.92,1859,38.84,25.97
45.11,2.85,1891,38.81,25.97
45.46,2.85,1808,38.76,25.97
45.11,2.21,1563,38.66,25.97
45.26,2.23,1526,38.55,25.96
45.17,1.85,1191,38.39,25.96
45.42,3.5,2340,38.48,25.96
45.44,2.69,1755,38.43,25.96
45.37,3.44,2214,38.5,25.96
45.29,2.38,1647,38.42,25.96
45.21,1.97,1300,38.28,25.95
45.06,2.68,1696,38.22,25.95
45.53,1.52,1008,38.04,25.95
45.13,3.28,2219,38.1,25.95
45.34,3.22,2094,38.14,25.95
45.4,4.1,2675,38.34,25.95
45.16,4.61,2983,38.65,25.94
45.39,4.6,3009,38.95,25.94
45.35,3.99,2548,39.1,25.94
45.5,3.64,2326,39.18,25.94
45.17,4.48,2893,39.43,25.94
45.04,3.75,2448,39.54,25.94
45.16,3.78,2511,39.66,25.93
45.27,4.3,2787,39.86,25.93
45.24,4.42,2913,40.1,25.93
45.18,4.84,3125,40.42,25.93
44.95,4.28,2809,40.61,25.93
45.31,4.4,2918,40.83,25.92
45.53,3.94,2557,40.94,25.92
45.3,4.45,2909,41.16,25.92
45.32,4.22,2715,41.31,25.92
45.32,4.66,3059,41.57,25.92
45.29,4.01,2465,41.65,25.92
45.37,4.21,2655,41.77,25.91
45.29,4.11,2697,41.9,25.91
45.18,4.85,3071,42.16,25.91
45.11,4.77,3075,42.42,25.91
45.19,4.05,2702,42.53,25.91
45.28,4.21,2777,42.66,25.91
45.18,4.21,2858,42.81,25.9
45.28,4.59,2987,43.01,25.9
45.3,4.1,2659,43.11,25.9
45.35,3.49,2270,43.08,25.9
45.42,3.94,2515,43.13,25.9
45.24,4.08,2640,43.21,25.9
45.03,3.93,2493,43.25,25.89
45.18,3.77,2507,43.28,25.89
45.23,3.74,2468,43.3,25.89
44.95,4.26,2709,43.41,25.89
45.43,4.67,3002,43.61,25.89
45.25,4.64,3037,43.81,25.89
45.28,4.37,2856,43.95,25.88
45.43,4.44,2833,44.08,25.88
45.13,3.76,2449,44.08,25.88
45.31,4.23,2778,44.18,25.88
45.21,3.61,2377,44.16,25.88
45.2,4.46,2984,44.32,25.88
45.11,3.41,2232,44.25,25.87
45.47,2.69,1684,44.06,25.87
45.17,3.09,1955,43.93,25.87
45.33,2.25,1528,43.71,25.87
44.94,3.81,2555,43.74,25.87
45.4,2.45,1592,43.54,25.87
45.38,2.5,1643,43.35,25.86
45.24,2.8,1826,43.2,25.86
45.19,3.54,2284,43.17,25.86
45.28,3.6,2266,43.15,25.86
45.56,2.43,1602,42.96,25.86
44.95,2.46,1687,42.79,25.86
45.34,3.88,2531,42.84,25.85
45.08,3.5,2263,42.82,25.85
45.22,3.75,2414,42.84,25.85
45.18,3.53,2322,42.83,25.85
45.15,3.75,2493,42.86,25.85
45.22,3.08,2028,42.78,25.85
45.05,3.3,2053,42.7,25.84
45.37,3.76,2533,42.75,25.84
44.95,2.52,1679,42.58,25.84
45.3,3.02,1953,42.49,25.84
45.17,3.83,2463,42.53,25.84
45.04,3.25,2093,42.47,25.84
45.24,3.58,2369,42.48,25.83
44.98,2.88,1771,42.34,25.83
45.22,2.42,1601,42.17,25.83
45.0,2.25,1480,41.98,25.83
45.28,4.21,2751,42.12,25.83
45.07,4.27,2719,42.25,25.82
45.14,2.61,1612,42.08,25.82
45.26,2.44,1697,41.93,25.82
45.1,2.45,1602,41.77,25.82
45.2,2.77,1900,41.67,25.82
44.98,2.87,1911,41.57,25.82
45.3,2.75,1791,41.46,25.81
45.47,2.11,1380,41.26,25.81
45.63,2.17,1464,41.08,25.81
45.22,2.67,1795,40.97,25.81
45.33,3.16,2080,40.94,25.81
44.94,3.18,2119,40.91,25.81
45.43,1.65,1126,40.68,25.8
45.32,2.95,1931,40.62,25.8
45.13,1.96,1245,40.42,25.8
45.39,2.43,1602,40.29,25.8
45.17,3.16,2019,40.26,25.8
45.14,2.29,1467,40.1,25.8
45.28,1.84,1219,39.91,25.79
45.05,1.9,1231,39.72,25.79
45.36,2.54,1716,39.63,25.79
45.05,3.04,1943,39.59,25.79
45.05,3.59,2229,39.64,25.79
45.07,3.14,2109,39.64,25.79
45.32,3.21,2090,39.64,25.78
45.11,3.09,2011,39.61,25.78
45.0,3.16,2016,39.6,25.78
45.11,1.7,1012,39.39,25.78
45.2,3.24,2067,39.39,25.78
45.02,2.31,1528,39.26,25.78
45.03,3.47,2242,39.31,25.77
45.52,1.67,1071,39.11,25.77
45.07,2.93,1819,39.06,25.77
45.15,2.99,2037,39.05,25.77
45.14,3.56,2311,39.13,25.77
45.14,3.25,2230,39.16,25.77
45.29,2.33,1533,39.05,25.76
45.34,2.56,1744,38.97,25.76
45.15,2.21,1402,38.83,25.76
45.01,1.8,1096,38.65,25.76
45.39,1.87,1208,38.49,25.76
45.18,1.7,1134,38.31,25.76
45.46,2.55,1692,38.24,25.75
44.86,3.17,2081,38.27,25.75
45.23,3.34,2282,38.34,25.75
45.48,1.56,1033,38.15,25.75
45.14,1.55,993,37.97,25.75
45.16,1.78,1145,37.81,25.75
45.24,1.98,1244,37.67,25.75
45.11,3.82,2499,37.82,25.74
45.15,4.27,2828,38.07,25.74
45.14,4.21,2805,38.31,25.74
45.1,3.69,2385,38.42,25.74
45.38,4.46,2893,38.68,25.74
45.26,4.07,2615,38.85,25.74
45.23,4.59,3031,39.15,25.73
45.31,4.47,2842,39.39,25.73
45.15,3.59,2299,39.45,25.73
45.07,4.08,2447,39.57,25.73
45.1,4.42,2812,39.79,25.73
45.19,3.48,2231,39.82,25.73
45.03,4.71,3035,40.11,25.72
45.11,3.8,2408,40.19,25.72
45.11,4.13,2631,40.33,25.72
45.51,4.93,3200,40.66,25.72
44.77,4.13,2647,40.8,25.72
45.16,4.2,2643,40.94,25.72
45.45,3.59,2281,40.96,25.71
45.21,3.79,2409,41.02,25.71
45.3,4.23,2749,41.18,25.71
45.2,4.15,2714,41.32,25.71
45.09,3.94,2492,41.4,25.71
44.85,4.8,3135,41.68,25.71
45.22,3.97,2651,41.79,25.7
45.07,4.14,2743,41.93,25.7
45.06,4.19,2751,42.06,25.7
45.11,4.18,2740,42.19,25.7
45.45,4.09,2641,42.29,25.7
45.54,4.08,2724,42.41,25.7
45.22,4.76,3117,42.66,25.69
45.11,4.17,2668,42.76,25.69
45.01,4.21,2729,42.87,25.69
45.25,4.27,2742,42.99,25.69
45.45,3.66,2370,42.99,25.69
45.14,4.31,2860,43.14,25.69
44.82,4.18,2711,43.24,25.68
45.28,4.27,2738,43.35,25.68
45.33,4.41,2922,43.5,25.68
44.94,4.59,3047,43.7,25.68
45.21,4.0,2562,43.75,25.68
45.25,4.55,3033,43.93,25.68
45.17,3.96,2624,43.98,25.67
45.06,2.54,1626,43.78,25.67
45.33,2.52,1696,43.58,25.67
45.12,2.38,1484,43.36,25.67
44.95,2.46,1576,43.16,25.67
44.87,2.44,1528,42.95,25.67
45.37,3.94,2511,42.99,25.66
45.27,3.81,2519,43.03,25.66
45.19,2.6,1687,42.86,25.66
45.11,3.47,2200,42.82,25.66
45.1,3.49,2241,42.79,25.66
45.01,2.67,1700,42.62,25.66
45.11,2.56,1678,42.45,25.66
44.86,2.62,1820,42.31,25.65
45.06,3.65,2385,42.33,25.65
45.13,2.88,1887,42.22,25.65
45.26,2.79,1892,42.1,25.65
45.17,2.22,1413,41.89,25.65
45.29,4.08,2718,42.02,25.65
45.37,3.87,2497,42.07,25.64
45.33,3.13,2019,42.0,25.64
45.24,4.1,2645,42.1,25.64
45.17,2.73,1766,41.97,25.64
45.02,3.51,2273,41.96,25.64
45.28,2.94,1926,41.86,25.64
45.42,2.96,1900,41.76,25.63
45.22,3.87,2520,41.83,25.63
45.46,3.82,2404,41.87,25.63
44.94,2.88,1911,41.77,25.63
44.99,2.32,1563,41.6,25.63
45.3,2.78,1821,41.48,25.63
45.21,3.79,2500,41.55,25.62
45.36,2.49,1577,41.39,25.62
45.16,3.62,2428,41.43,25.62
45.04,3.94,2572,41.52,25.62
45.13,2.71,1682,41.38,25.62
44.93,2.43,1642,41.23,25.62
45.0,1.4,948,40.96,25.61
45.31,2.93,1995,40.9,25.61
45.29,2.04,1409,40.71,25.61
45.22,1.54,1070,40.47,25.61
44.9,3.08,2026,40.43,25.61
45.11,2.73,1813,40.34,25.61
44.98,2.91,1838,40.26,25.61
45.34,3.23,2087,40.24,25.6
45.07,2.36,1680,40.12,25.6
45.0,2.53,1558,39.99,25.6
45.17,2.18,1433,39.83,25.6
45.06,2.3,1491,39.68,25.6
45.38,3.07,2040,39.66,25.6
45.05,2.57,1681,39.56,25.59
44.95,1.69,1160,39.36,25.59
44.84,1.65,1076,39.16,25.59
45.15,2.34,1563,39.04,25.59
45.07,2.51,1649,38.94,25.59
44.94,2.68,1725,38.87,25.59
45.34,2.48,1592,38.77,25.58
45.26,1.66,1145,38.58,25.58
45.15,2.69,1781,38.52,25.58
45.36,3.28,2179,38.56,25.58
45.26,1.86,1270,38.4,25.58
45.03,2.7,1730,38.34,25.58
45.0,2.54,1636,38.26,25.57
45.28,2.92,1881,38.23,25.57
45.21,1.89,1278,38.08,25.57
45.18,3.45,2246,38.15,25.57
45.03,2.85,1862,38.13,25.57
45.24,3.04,1925,38.12,25.57
45.04,2.04,1370,37.99,25.57
45.14,2.92,1943,37.98,25.56
45.37,2.98,1966,37.98,25.56
45.05,2.24,1465,37.87,25.56
44.92,2.26,1519,37.77,25.56
44.99,2.88,1871,37.75,25.56
45.3,1.8,1240,37.6,25.56
45.19,3.02,2001,37.62,25.55
45.13,1.65,1009,37.44,25.55
45.07,2.06,1335,37.32,25.55
45.22,4.43,2894,37.6,25.55
45.02,4.62,2966,37.91,25.55
45.19,4.54,3007,38.22,25.55
45.04,4.07,2549,38.38,25.54
45.01,4.35,2866,38.63,25.54
45.05,3.71,2447,38.74,25.54
45.09,4.18,2615,38.91,25.54
45.14,4.52,2942,39.17,25.54
45.18,4.37,2820,39.4,25.54
44.59,4.7,3127,39.71,25.54
45.02,3.71,2367,39.78,25.53
45.09,4.43,2922,40.01,25.53
45.37,3.88,2574,40.13,25.53
44.98,4.2,2708,40.29,25.53
45.17,3.86,2575,40.4,25.53
45.37,4.17,2691,40.55,25.53
44.95,3.76,2508,40.64,25.52
45.2,4.1,2793,40.8,25.52
45.02,4.37,2888,41.0,25.52
45.07,4.27,2809,41.17,25.52
45.02,4.18,2691,41.31,25.52
45.03,4.25,2858,41.48,25.52
45.55,4.87,3200,41.78,25.51
45.27,4.79,3092,42.04,25.51
45.31,3.96,2647,42.13,25.51
45.21,4.0,2606,42.21,25.51
44.9,4.32,2840,42.37,25.51
45.2,3.63,2337,42.37,25.51
45.3,3.97,2536,42.43,25.51
45.01,3.84,2450,42.46,25.5
45.28,3.93,2537,42.52,25.5
45.24,4.4,2886,42.69,25.5
45.41,3.95,2552,42.74,25.5
45.07,3.86,2471,42.78,25.5
44.97,4.7,3007,42.98,25.5
45.08,4.62,3068,43.2,25.49
45.35,4.49,2910,43.36,25.49
44.86,4.03,2522,43.4,25.49
44.82,3.76,2442,43.4,25.49
45.15,3.37,2167,43.33,25.49
45.07,3.59,2344,43.31,25.49
45.13,3.86,2482,43.33,25.49
45.28,4.16,2767,43.44,25.48
45.05,2.6,1685,43.25,25.48
44.85,2.92,1887,43.11,25.48
45.44,3.57,2303,43.09,25.48
44.98,3.45,2265,43.05,25.48
44.97,3.62,2372,43.04,25.48
45.3,3.86,2490,43.07,25.47
45.07,2.21,1440,42.84,25.47
45.12,3.48,2249,42.8,25.47
45.2,3.78,2503,42.84,25.47
45.29,2.34,1459,42.62,25.47
45.08,3.29,2123,42.55,25.47
45.36,3.0,1938,42.44,25.46
44.81,2.23,1517,42.24,25.46
45.24,2.89,1936,42.13,25.46
45.0,3.46,2270,42.12,25.46
45.33,3.98,2538,42.18,25.46
45.15,3.36,2185,42.14,25.46
45.03,3.83,2585,42.21,25.46
45.23,2.43,1572,42.03,25.45
45.26,2.57,1678,41.87,25.45
45.22,4.05,2640,41.97,25.45
44.97,4.16,2658,42.07,25.45
45.05,2.72,1725,41.93,25.45
45.12,3.46,2207,41.9,25.45
45.12,2.92,1882,41.79,25.44
45.24,3.2,2105,41.74,25.44
44.82,3.97,2592,41.83,25.44
45.17,3.57,2345,41.83,25.44
45.08,2.52,1748,41.69,25.44
45.0,2.6,1823,41.56,25.44
45.01,2.96,1928,41.47,25.44
45.09,3.72,2462,41.52,25.43
44.58,3.24,2139,41.48,25.43
45.02,4.12,2733,41.61,25.43
44.99,3.92,2603,41.7,25.43
45.2,3.44,2213,41.68,25.43
45.0,3.24,2207,41.65,25.43
45.09,2.25,1540,41.47,25.42
45.35,2.91,1941,41.38,25.42
45.27,3.0,1985,41.3,25.42
45.25,3.21,2108,41.26,25.42
45.04,1.52,996,40.99,25.42
45.2,2.07,1386,40.8,25.42
45.08,2.09,1372,40.6,25.42
45.09,2.38,1566,40.45,25.41
45.18,1.92,1252,40.24,25.41
45.03,2.47,1598,40.11,25.41
45.34,2.68,1835,40.02,25.41
45.09,2.29,1499,39.87,25.41
45.21,2.85,1837,39.79,25.41
45.33,1.57,1033,39.57,25.41
45.27,3.24,2049,39.55,25.4
44.9,3.41,2271,39.59,25.4
45.18,2.88,1879,39.53,25.4
45.24,3.09,1997,39.5,25.4
45.25,1.66,1065,39.29,25.4
44.94,3.09,1934,39.25,25.4
45.01,1.62,1153,39.05,25.39
45.26,2.17,1425,38.91,25.39
45.0,2.28,1578,38.79,25.39
45.07,2.57,1662,38.7,25.39
45.35,1.97,1311,38.54,25.39
45.1,2.66,1772,38.48,25.39
45.0,2.34,1554,38.37,25.39
44.98,3.15,2033,38.37,25.38
45.16,2.63,1627,38.29,25.38
44.91,1.85,1320,38.14,25.38
45.07,2.17,1379,38.01,25.38
45.16,3.28,2268,38.07,25.38
45.3,2.35,1506,37.97,25.38
45.21,2.49,1697,37.9,25.37
45.0,2.74,1820,37.86,25.37
45.28,2.41,1602,37.77,25.37
45.06,2.19,1397,37.65,25.37
44.92,2.43,1563,37.57,25.37
45.08,1.7,1092,37.4,25.37
45.32,2.02,1328,37.27,25.37
45.13,3.7,2400,37.4,25.36
45.11,4.43,2859,37.67,25.36
45.35,3.64,2324,37.77,25.36
44.89,4.08,2617,37.95,25.36
44.91,4.38,2873,38.21,25.36
44.86,4.68,3008,38.51,25.36
45.16,4.67,2981,38.8,25.36
45.13,4.72,3076,39.11,25.35
45.33,4.38,2740,39.31,25.35
45.14,4.28,2782,39.51,25.35
45.04,4.55,2960,39.77,25.35
45.1,4.55,2985,40.02,25.35
45.12,4.71,3079,40.3,25.35
44.85,4.06,2573,40.42,25.34
45.51,4.04,2617,40.54,25.34
45.18,4.11,2706,40.69,25.34
45.13,4.23,2769,40.85,25.34
45.19,4.54,2911,41.06,25.34
45.2,4.6,3009,41.3,25.34
45.08,4.2,2777,41.44,25.34
45.0,4.05,2586,41.54,25.33
45.19,4.91,3094,41.81,25.33
45.15,3.71,2499,41.85,25.33
44.97,3.92,2562,41.92,25.33
45.31,4.44,2863,42.09,25.33
45.14,3.8,2447,42.13,25.33
45.2,4.09,2664,42.23,25.33
45.3,3.93,2604,42.3,25.32
45.1,3.61,2271,42.28,25.32
45.14,4.35,2807,42.43,25.32
45.21,4.02,2696,42.52,25.32
44.98,3.95,2611,42.59,25.32
45.1,3.71,2446,42.61,25.32
45.11,4.38,2865,42.76,25.31
44.95,3.77,2464,42.78,25.31
45.44,4.03,2597,42.85,25.31
44.88,3.68,2364,42.84,25.31
44.9,3.93,2597,42.9,25.31
45.29,4.3,2768,43.01,25.31
45.2,4.14,2708,43.1,25.31
44.94,4.82,3143,43.34,25.3
45.18,4.79,3200,43.59,25.3
45.31,3.54,2296,43.55,25.3
45.08,2.84,1904,43.4,25.3
45.48,3.87,2550,43.43,25.3
44.83,2.33,1512,43.2,25.3
45.19,3.56,2252,43.16,25.3
45.26,3.93,2550,43.2,25.29
45.22,3.47,2298,43.16,25.29
45.05,2.57,1609,42.96,25.29
45.04,2.96,1965,42.84,25.29
45.15,3.18,2135,42.77,25.29
45.21,2.86,1864,42.63,25.29
45.17,2.25,1510,42.42,25.29
45.24,2.33,1522,42.21,25.28
44.93,3.76,2476,42.25,25.28
45.05,2.24,1532,42.05,25.28
44.94,4.07,2569,42.12,25.28
45.02,3.11,1983,42.03,25.28
45.23,3.83,2552,42.09,25.28
45.1,2.52,1713,41.93,25.28
45.47,4.17,2642,42.03,25.27
45.11,2.17,1487,41.83,25.27
45.09,2.18,1291,41.6,25.27
45.1,2.34,1554,41.42,25.27
44.98,2.52,1649,41.26,25.27
45.07,3.15,2013,41.2,25.27
45.25,3.7,2373,41.23,25.26
45.1,2.61,1665,41.08,25.26
44.96,3.73,2413,41.13,25.26
44.94,3.74,2528,41.2,25.26
45.01,3.97,2624,41.3,25.26
45.09,2.59,1755,41.16,25.26
45.26,2.46,1584,41.0,25.26
44.88,2.44,1600,40.85,25.25
45.03,3.01,1902,40.76,25.25
45.1,3.4,2195,40.75,25.25
44.8,3.08,1974,40.69,25.25
44.95,2.99,1967,40.62,25.25
44.97,2.55,1622,40.48,25.25
44.95,1.73,1081,40.24,25.25
45.1,3.17,2081,40.21,25.24
45.05,3.39,2203,40.22,25.24
44.99,1.88,1185,40.0,25.24
45.14,3.06,1950,39.95,25.24
45.33,3.3,2112,39.94,25.24
45.32,2.43,1618,39.81,25.24
44.78,2.31,1519,39.66,25.24
45.16,2.34,1480,39.51,25.23
45.04,2.54,1616,39.39,25.23
45.09,2.22,1384,39.23,25.23
45.01,3.32,2139,39.24,25.23
45.09,2.89,1884,39.19,25.23
45.09,2.15,1354,39.03,25.23
44.98,2.66,1836,38.96,25.23
44.93,2.9,1916,38.92,25.22
45.0,1.67,1086,38.71,25.22
45.1,2.08,1353,38.56,25.22
45.16,3.27,2054,38.57,25.22
45.19,2.69,1686,38.49,25.22
44.99,1.92,1315,38.33,25.22
45.11,1.84,1280,38.17,25.22
45.21,2.55,1546,38.07,25.21
45.24,2.6,1711,38.0,25.21
45.06,2.22,1514,37.89,25.21
45.03,2.77,1784,37.84,25.21
45.09,1.73,1202,37.68,25.21
44.89,1.85,1238,37.52,25.21
45.03,2.68,1767,37.48,25.21
45.17,1.7,1090,37.31,25.2
45.16,3.4,2213,37.38,25.2
45.02,1.87,1191,37.23,25.2
45.09,3.02,1980,37.24,25.2
44.94,2.23,1461,37.14,25.2
45.17,2.38,1527,37.05,25.2
45.05,2.89,1782,37.03,25.2
45.02,2.59,1676,36.98,25.19
45.01,2.96,1871,36.97,25.19
45.05,2.6,1637,36.91,25.19
44.99,2.85,1820,36.9,25.19
45.16,4.14,2732,37.13,25.19
45.0,3.82,2425,37.26,25.19
45.3,4.24,2710,37.49,25.19
45.28,3.81,2510,37.63,25.18
44.92,4.39,2813,37.88,25.18
45.07,4.57,2915,38.16,25.18
44.96,3.61,2388,38.25,25.18
45.01,4.25,2758,38.46,25.18
45.36,4.73,3075,38.78,25.18
45.01,3.8,2459,38.88,25.18
45.11,4.69,3072,39.19,25.17
45.14,4.21,2769,39.38,25.17
44.9,4.45,2885,39.6,25.17
44.93,3.55,2235,39.64,25.17
44.87,4.25,2775,39.82,25.17
44.92,4.21,2723,39.99,25.17
44.63,4.44,2927,40.21,25.17
45.13,4.53,2903,40.43,25.16
45.36,4.16,2690,40.57,25.16
45.07,3.82,2412,40.63,25.16
44.84,3.85,2542,40.72,25.16
44.95,3.76,2502,40.79,25.16
44.98,4.65,3000,41.03,25.16
44.9,3.63,2353,41.05,25.16
45.18,4.17,2672,41.18,25.15
45.17,4.02,2577,41.27,25.15
44.88,4.72,3105,41.53,25.15
45.16,4.15,2672,41.64,25.15
45.28,4.9,3200,41.93,25.15
45.33,4.5,2923,42.11,25.15
45.48,4.57,3007,42.32,25.15
44.91,3.67,2363,42.32,25.14
45.47,4.04,2679,42.41,25.14
44.99,3.7,2496,42.43,25.14
44.96,4.23,2664,42.53,25.14
45.09,4.55,2955,42.71,25.14
44.96,3.78,2450,42.73,25.14
45.1,3.83,2457,42.75,25.14
44.85,4.08,2673,42.83,25.14
45.01,3.62,2406,42.83,25.13
45.24,4.3,2694,42.92,25.13
45.04,3.5,2174,42.87,25.13
45.06,2.88,1952,42.74,25.13
45.11,4.02,2601,42.8,25.13
45.22,3.03,1975,42.69,25.13
44.79,3.62,2298,42.66,25.13
45.13,2.35,1532,42.45,25.12
45.0,3.82,2549,42.5,25.12
45.07,2.41,1589,42.3,25.12
45.2,4.07,2657,42.39,25.12
44.86,2.39,1463,42.17,25.12
44.89,3.89,2563,42.23,25.12
44.75,2.88,1873,42.11,25.12
44.96,3.41,2184,42.06,25.11
45.24,3.83,2521,42.11,25.11
45.02,2.15,1356,41.88,25.11
44.84,2.84,1876,41.76,25.11
44.96,4.16,2763,41.89,25.11
44.81,3.02,1968,41.79,25.11
44.87,3.55,2285,41.78,25.11
45.09,2.42,1545,41.59,25.1
44.86,3.35,2196,41.56,25.1
45.2,2.38,1528,41.38,25.1
45.02,3.57,2436,41.41,25.1
45.05,2.99,1876,41.3,25.1
44.99,2.99,1940,41.21,25.1
45.15,2.47,1621,41.05,25.1
45.15,3.45,2248,41.05,25.09
45.08,2.92,1871,40.95,25.09
45.12,3.15,2107,40.9,25.09
45.0,3.37,2222,40.89,25.09
45.11,2.53,1680,40.75,25.09
44.98,3.76,2411,40.8,25.09
45.03,3.76,2422,40.85,25.09
44.99,3.29,2163,40.82,25.09
44.96,2.45,1535,40.65,25.08
44.93,3.56,2345,40.68,25.08
45.1,2.25,1456,40.5,25.08
45.23,2.5,1678,40.36,25.08
45.21,2.36,1516,40.2,25.08
44.84,2.19,1514,40.04,25.08
45.22,1.77,1174,39.82,25.08
44.98,3.46,2275,39.85,25.07
45.12,2.14,1355,39.67,25.07
44.89,3.0,1961,39.62,25.07
45.05,3.17,2034,39.59,25.07
45.07,3.25,2034,39.56,25.07
44.8,3.62,2342,39.62,25.07
45.12,2.71,1821,39.53,25.07
45.23,3.21,2085,39.52,25.06
45.0,1.92,1231,39.32,25.06
45.23,2.86,1846,39.25,25.06
45.0,3.06,2104,39.24,25.06
45.15,1.83,1222,39.05,25.06
44.69,2.88,1795,38.98,25.06
45.39,3.1,1987,38.95,25.06
45.25,3.1,1993,38.93,25.06
44.98,1.99,1257,38.75,25.05
44.73,2.84,1848,38.69,25.05
45.07,1.78,1131,38.5,25.05
44.8,2.92,1871,38.46,25.05
45.09,2.38,1557,38.34,25.05
45.08,2.73,1695,38.27,25.05
44.88,2.39,1444,38.14,25.05
45.19,1.86,1272,37.98,25.04
45.14,1.95,1307,37.83,25.04
45.17,1.64,1083,37.64,25.04
45.02,2.59,1699,37.58,25.04
44.81,3.2,2072,37.6,25.04
45.16,1.45,1096,37.42,25.04
44.98,1.5,983,37.23,25.04
44.81,2.47,1738,37.18,25.04
45.22,2.83,1945,37.17,25.03
45.33,1.88,1247,37.03,25.03
45.01,1.91,1234,36.89,25.03
45.34,1.93,1259,36.75,25.03
45.03,2.24,1437,36.66,25.03
44.96,2.06,1364,36.55,25.03
44.92,2.26,1506,36.46,25.03
45.26,2.87,1807,36.45,25.02
44.9,4.25,2891,36.73,25.02
45.12,4.47,2865,37.01,25.02
44.93,4.71,2926,37.31,25.02
44.94,4.55,2954,37.61,25.02
45.17,3.93,2498,37.75,25.02
44.96,4.39,2850,38.0,25.02
44.95,3.62,2356,38.09,25.02
45.18,3.65,2393,38.19,25.01
45.25,4.3,2842,38.42,25.01
45.11,4.01,2554,38.56,25.01
44.91,4.52,2920,38.82,25.01
44.93,4.04,2658,38.98,25.01
45.02,3.71,2378,39.05,25.01
45.06,4.68,2948,39.32,25.01
44.86,3.86,2540,39.43,25.0
45.12,3.87,2484,39.53,25.0
45.02,3.91,2513,39.63,25.0
44.75,4.58,2983,39.88,25.0
44.87,4.08,2653,40.02,25.0
44.93,4.31,2852,40.21,25.0
45.0,4.46,2835,40.41,25.0
45.29,4.55,3068,40.66,25.0
45.04,4.65,2951,40.89,24.99
44.88,4.16,2686,41.01,24.99
45.04,4.66,2989,41.24,24.99
44.95,4.69,3049,41.48,24.99
45.05,3.94,2561,41.55,24.99
45.09,3.94,2569,41.63,24.99
45.18,4.52,2951,41.82,24.99
45.0,4.48,2977,42.02,24.98
45.25,4.37,2846,42.17,24.98
45.14,4.49,2985,42.36,24.98
44.9,4.3,2710,42.47,24.98
45.33,3.77,2342,42.46,24.98
45.05,3.88,2527,42.5,24.98
44.88,4.15,2712,42.6,24.98
45.25,3.35,2152,42.53,24.98
45.31,4.05,2633,42.6,24.97
44.99,4.35,2882,42.75,24.97
44.92,3.73,2458,42.76,24.97
44.97,3.57,2303,42.73,24.97
45.11,4.55,2965,42.91,24.97
45.19,2.33,1551,42.69,24.97
45.08,2.88,1812,42.54,24.97
45.01,2.53,1607,42.35,24.96
45.22,3.24,2153,42.28,24.96
44.95,2.68,1658,42.1,24.96
45.15,3.95,2514,42.15,24.96
44.95,3.98,2528,42.21,24.96
45.06,3.94,2607,42.27,24.96
44.98,2.9,1831,42.14,24.96
44.99,4.08,2693,42.23,24.96
44.94,3.73,2408,42.24,24.95
45.2,2.91,1978,42.13,24.95
44.88,2.27,1481,41.92,24.95
44.88,3.44,2289,41.9,24.95
45.31,3.62,2376,41.9,24.95
45.14,2.33,1492,41.7,24.95
44.63,3.27,2125,41.64,24.95
44.91,4.15,2697,41.75,24.95
44.72,2.76,1771,41.61,24.94
44.85,2.87,1909,41.5,24.94
44.52,3.9,2663,41.59,24.94
44.97,2.56,1669,41.43,24.94
44.82,4.05,2665,41.53,24.94
45.0,3.69,2427,41.56,24.94
44.75,3.04,1843,41.45,24.94
45.0,2.37,1565,41.27,24.94
44.93,2.31,1526,41.08,24.93
45.21,2.75,1726,40.95,24.93
45.2,3.66,2291,40.96,24.93
45.11,3.12,2051,40.9,24.93
44.94,3.68,2475,40.95,24.93
45.28,3.53,2278,40.95,24.93
44.75,3.48,2246,40.94,24.93
44.78,3.95,2682,41.06,24.92
44.97,3.82,2527,41.12,24.92
45.32,4.1,2604,41.22,24.92
44.95,1.89,1193,40.98,24.92
44.96,2.85,1961,40.89,24.92
44.77,2.52,1602,40.73,24.92
45.13,2.53,1615,40.58,24.92
45.13,2.06,1374,40.38,24.92
45.1,2.16,1393,40.19,24.91
44.89,3.49,2290,40.21,24.91
44.88,1.83,1207,39.99,24.91
44.79,3.31,2143,39.97,24.91
44.99,2.77,1861,39.88,24.91
44.82,1.89,1166,39.67,24.91
44.8,2.31,1507,39.51,24.91
44.92,3.36,2156,39.52,24.91
44.91,2.3,1579,39.38,24.9
44.9,3.16,2048,39.35,24.9
45.05,2.1,1463,39.19,24.9
44.99,2.93,1883,39.13,24.9
44.94,3.08,2005,39.1,24.9
45.01,3.38,2254,39.13,24.9
44.83,2.5,1578,39.01,24.9
44.99,2.81,1903,38.95,24.9
45.0,1.64,1067,38.74,24.89
44.75,2.04,1349,38.57,24.89
45.13,1.84,1226,38.39,24.89
44.84,1.54,999,38.18,24.89
44.99,1.95,1229,38.01,24.89
45.15,2.07,1349,37.87,24.89
45.11,3.42,2125,37.9,24.89
44.98,2.82,1765,37.85,24.89
44.92,2.17,1403,37.71,24.88
45.12,3.32,2232,37.77,24.88
45.07,1.59,1112,37.58,24.88
44.88,2.3,1542,37.48,24.88
44.85,2.89,1804,37.44,24.88
44.66,1.58,1045,37.26,24.88
44.99,2.84,1802,37.22,24.88
44.96,1.51,977,37.04,24.88
45.14,1.68,1139,36.87,24.87
45.02,1.88,1255,36.74,24.87
45.17,3.41,2278,36.82,24.87
44.87,2.84,1776,36.79,24.87
45.14,2.78,1759,36.76,24.87
44.89,3.34,2248,36.84,24.87
45.09,3.46,2325,36.94,24.87
44.75,3.84,2496,37.09,24.87
45.0,3.92,2546,37.25,24.86
44.67,4.45,2953,37.54,24.86
44.93,4.9,3200,37.91,24.86
45.03,3.92,2575,38.06,24.86
44.89,3.55,2259,38.12,24.86
44.81,3.98,2642,38.28,24.86
45.09,4.75,3079,38.6,24.86
44.95,4.42,2801,38.81,24.86
44.89,4.55,2916,39.06,24.85
44.97,3.68,2360,39.13,24.85
45.36,3.67,2462,39.21,24.85
45.14,3.54,2265,39.25,24.85
45.14,4.57,2992,39.51,24.85
45.03,3.63,2254,39.54,24.85
44.99,4.41,2912,39.76,24.85
44.6,4.16,2663,39.91,24.85
44.86,4.29,2805,40.09,24.84
44.89,3.63,2377,40.13,24.84
44.68,4.47,2936,40.35,24.84
44.79,3.69,2412,40.4,24.84
44.66,4.63,3108,40.66,24.84
44.95,3.48,2275,40.67,24.84
45.08,3.53,2404,40.7,24.84
45.13,3.78,2488,40.76,24.84
45.02,4.56,2975,40.98,24.83
44.81,3.89,2573,41.06,24.83
44.67,4.07,2653,41.16,24.83
44.69,3.35,2201,41.14,24.83
44.77,3.68,2409,41.17,24.83
44.82,4.21,2750,41.3,24.83
44.93,3.68,2501,41.35,24.83
44.8,4.57,3085,41.58,24.83
45.01,4.56,2981,41.78,24.83
44.92,4.52,3004,41.98,24.82
44.96,3.56,2371,41.98,24.82
45.13,4.19,2777,42.1,24.82
44.78,4.82,3161,42.36,24.82
45.02,4.45,2928,42.52,24.82
44.95,3.53,2321,42.5,24.82
44.9,3.68,2356,42.48,24.82
45.09,3.2,2076,42.4,24.82
45.08,3.22,2035,42.3,24.81
44.81,3.36,2212,42.25,24.81
44.92,3.67,2404,42.25,24.81
44.99,2.44,1621,42.06,24.81
44.91,2.6,1652,41.89,24.81
45.04,4.15,2747,42.0,24.81
44.99,2.91,1913,41.88,24.81
45.22,2.85,1965,41.77,24.81
44.72,3.0,1991,41.67,24.8
44.93,2.67,1704,41.51,24.8
44.81,2.38,1477,41.31,24.8
45.04,2.78,1821,41.19,24.8
44.71,3.3,2096,41.14,24.8
45.0,2.42,1533,40.95,24.8
44.85,3.48,2217,40.94,24.8
44.84,2.36,1506,40.76,24.8
44.73,2.26,1544,40.58,24.79
44.88,3.9,2486,40.65,24.79
45.11,3.82,2462,40.71,24.79
44.94,3.53,2222,40.7,24.79
45.04,2.34,1438,40.52,24.79
45.19,2.43,1566,40.35,24.79
44.98,3.77,2462,40.42,24.79
44.86,2.41,1508,40.25,24.79
45.01,3.6,2262,40.26,24.79
44.86,3.38,2103,40.24,24.78
44.87,3.67,2393,40.28,24.78
44.71,3.44,2284,40.29,24.78
45.08,3.02,1892,40.21,24.78
44.88,2.79,1784,40.1,24.78
44.97,3.65,2425,40.16,24.78
44.79,3.88,2510,40.24,24.78
45.01,2.32,1504,40.07,24.78
44.83,3.19,2093,40.04,24.77
44.92,2.23,1429,39.86,24.77
45.07,2.19,1385,39.68,24.77
45.06,2.6,1705,39.56,24.77
44.94,2.02,1245,39.36,24.77
44.67,2.34,1441,39.21,24.77
45.39,2.66,1694,39.1,24.77
45.2,2.51,1667,38.99,24.77
45.05,3.2,2137,38.99,24.77
44.82,2.6,1665,38.88,24.76
44.92,1.9,1276,38.7,24.76
44.85,3.01,2026,38.67,24.76
45.13,3.29,2141,38.68,24.76
44.97,2.04,1356,38.52,24.76
44.82,2.81,1920,38.47,24.76
44.86,1.89,1190,38.29,24.76
45.1,2.0,1285,38.12,24.76
45.17,3.32,2239,38.16,24.75
45.16,3.16,2005,38.15,24.75
45.05,2.72,1774,38.09,24.75
44.89,2.91,1862,38.04,24.75
44.45,3.17,2129,38.06,24.75
44.98,3.26,2060,38.07,24.75
44.93,2.42,1570,37.96,24.75
44.95,2.68,1686,37.88,24.75
44.94,2.33,1439,37.76,24.75
44.73,1.76,1051,37.57,24.74
45.01,2.46,1590,37.48,24.74
45.02,3.19,2098,37.5,24.74
45.03,3.06,1987,37.5,24.74
45.07,3.31,2166,37.54,24.74
45.02,1.51,957,37.34,24.74
44.87,2.43,1628,37.26,24.74
44.92,1.83,1228,37.1,24.74
44.94,1.78,1165,36.94,24.73
44.94,3.17,2071,36.97,24.73
45.08,2.5,1604,36.89,24.73
45.02,2.99,2041,36.91,24.73
45.24,1.61,1087,36.74,24.73
45.26,2.56,1662,36.68,24.73
44.94,2.75,1778,36.65,24.73
44.35,1.82,1161,36.5,24.73
45.11,2.16,1389,36.39,24.73
44.84,4.8,3130,36.76,24.72
44.8,4.66,2941,37.06,24.72
44.86,4.58,2963,37.36,24.72
44.86,4.62,2999,37.66,24.72
45.01,4.2,2732,37.86,24.72
44.69,3.61,2353,37.95,24.72
44.76,4.45,2893,38.2,24.72
44.97,4.91,3200,38.55,24.72
45.01,4.15,2690,38.73,24.72
45.02,3.82,2531,38.84,24.71
44.8,4.36,2867,39.06,24.71
44.77,4.38,2961,39.3,24.71
44.84,3.85,2537,39.4,24.71
44.96,4.7,3019,39.67,24.71
45.14,4.21,2726,39.83,24.71
44.61,4.28,2756,40.0,24.71
44.88,3.94,2560,40.1,24.71
44.72,3.85,2558,40.19,24.71
44.67,4.3,2778,40.35,24.7
45.06,4.34,2789,40.52,24.7
45.0,3.97,2609,40.62,24.7
44.98,3.88,2480,40.68,24.7
45.05,3.91,2497,40.75,24.7
44.84,4.08,2668,40.87,24.7
44.85,5.0,3160,41.16,24.7
45.24,4.34,2796,41.31,24.7
44.88,4.46,2944,41.5,24.7
45.02,4.18,2627,41.59,24.69
44.91,4.2,2645,41.69,24.69
44.64,3.81,2404,41.71,24.69
44.61,4.35,2691,41.83,24.69
44.83,3.95,2659,41.91,24.69
45.07,4.44,2890,42.07,24.69
45.03,4.12,2646,42.15,24.69
45.05,3.54,2236,42.12,24.69
44.76,3.74,2541,42.15,24.68
45.15,4.5,2960,42.33,24.68
44.77,3.68,2388,42.33,24.68
44.94,3.72,2476,42.34,24.68
44.91,4.8,3139,42.58,24.68
44.88,4.29,2766,42.69,24.68
45.11,3.77,2422,42.69,24.68
44.8,2.66,1696,42.51,24.68
44.71,3.36,2131,42.43,24.68
44.91,2.81,1884,42.29,24.67
44.85,3.19,2045,42.2,24.67
45.41,2.41,1635,42.0,24.67
45.01,2.72,1725,41.84,24.67
44.84,3.54,2270,41.82,24.67
44.75,2.23,1424,41.6,24.67
44.62,2.32,1460,41.39,24.67
44.75,2.51,1603,41.21,24.67
44.92,2.19,1453,41.01,24.67
45.12,2.31,1558,40.83,24.66
45.07,2.74,1793,40.7,24.66
44.94,2.45,1533,40.53,24.66
44.85,3.86,2477,40.59,24.66
44.94,2.19,1392,40.39,24.66
44.82,3.99,2676,40.51,24.66
45.16,3.77,2500,40.57,24.66
44.87,2.58,1741,40.44,24.66
44.89,2.21,1401,40.24,24.66
44.57,2.29,1422,40.06,24.66
44.87,3.15,2076,40.02,24.65
45.03,3.42,2203,40.02,24.65
44.74,3.21,2103,39.98,24.65
44.79,3.31,2174,39.97,24.65
45.02,2.54,1632,39.83,24.65
44.68,3.94,2614,39.95,24.65
45.06,2.94,1835,39.86,24.65
44.82,4.27,2780,40.02,24.65
44.84,2.95,1950,39.95,24.65
44.73,2.73,1863,39.86,24.64
44.95,4.05,2637,39.98,24.64
45.27,3.26,2179,39.97,24.64
45.01,3.55,2367,40.0,24.64
44.77,3.17,2178,39.98,24.64
45.07,3.79,2482,40.06,24.64
44.85,2.72,1872,39.96,24.64
45.1,2.01,1350,39.76,24.64
45.01,2.56,1589,39.62,24.64
44.45,3.23,2103,39.6,24.63
44.74,2.41,1521,39.45,24.63
45.03,3.24,2180,39.44,24.63
44.92,3.39,2212,39.45,24.63
44.74,1.68,1027,39.22,24.63
44.8,1.71,1156,39.0,24.63
44.61,2.52,1703,38.9,24.63
44.88,2.74,1759,38.81,24.63
45.22,2.51,1606,38.69,24.63
45.01,2.26,1477,38.54,24.62
45.22,2.78,1719,38.46,24.62
45.02,1.57,1055,38.25,24.62
45.04,3.48,2346,38.31,24.62
45.18,1.98,1255,38.14,24.62
44.94,3.25,2203,38.17,24.62
44.86,1.73,1177,37.98,24.62
45.04,1.77,1146,37.8,24.62
45.11,2.08,1382,37.65,24.62
44.81,3.53,2373,37.74,24.61
44.78,1.49,978,37.53,24.61
44.91,2.74,1799,37.48,24.61
45.01,3.3,2121,37.51,24.61
45.01,3.03,1962,37.5,24.61
44.67,2.26,1506,37.39,24.61
45.17,3.61,2335,37.48,24.61
44.79,3.37,2162,37.52,24.61
44.84,2.29,1544,37.41,24.61
44.75,2.7,1776,37.36,24.61
45.29,3.47,2234,37.42,24.6
44.92,3.38,2288,37.49,24.6
44.75,2.36,1639,37.4,24.6
45.01,3.15,2099,37.42,24.6
45.0,2.11,1314,37.28,24.6
44.85,2.22,1461,37.16,24.6
45.01,1.86,1236,37.01,24.6
44.76,1.96,1196,36.85,24.6
44.81,2.94,1971,36.85,24.6
44.58,2.58,1685,36.79,24.59
44.68,1.89,1286,36.65,24.59
45.15,4.48,2897,36.93,24.59
45.12,4.47,2928,37.22,24.59
44.89,3.79,2488,37.35,24.59
45.13,3.61,2355,37.44,24.59
44.85,4.84,3170,37.8,24.59
44.84,4.81,3119,38.13,24.59
44.89,3.54,2239,38.18,24.59
44.86,4.56,2859,38.42,24.59
44.84,3.8,2437,38.52,24.58
45.05,4.72,3111,38.83,24.58
44.9,4.4,2807,39.03,24.58
44.98,4.52,2988,39.28,24.58
45.03,4.54,3023,39.54,24.58
44.93,3.41,2237,39.55,24.58
44.73,3.49,2262,39.57,24.58
44.67,4.25,2812,39.75,24.58
44.9,3.59,2394,39.8,24.58
44.85,4.23,2738,39.96,24.58
44.89,4.68,3048,40.22,24.57
44.87,3.99,2556,40.31,24.57
45.26,4.36,2850,40.49,24.57
44.67,3.92,2448,40.55,24.57
44.57,4.57,2953,40.76,24.57
44.92,3.75,2397,40.8,24.57
44.81,3.77,2449,40.84,24.57
44.92,4.59,2942,41.05,24.57
44.96,4.51,2839,41.22,24.57
45.06,4.67,3000,41.44,24.56
44.64,4.63,2988,41.64,24.56
44.78,4.23,2801,41.78,24.56
44.93,4.32,2774,41.9,24.56
44.98,4.02,2572,41.96,24.56
45.2,3.48,2200,41.92,24.56
45.01,4.11,2730,42.02,24.56
44.86,3.66,2366,42.01,24.56
44.73,4.06,2652,42.09,24.56
44.78,3.84,2417,42.11,24.56
44.78,4.1,2579,42.17,24.55
44.96,4.06,2593,42.23,24.55
44.9,4.51,3015,42.42,24.55
44.67,4.18,2662,42.5,24.55
44.8,4.48,2883,42.65,24.55
44.99,2.69,1751,42.47,24.55
44.92,3.95,2537,42.51,24.55
44.95,3.72,2442,42.51,24.55
44.92,2.33,1474,42.28,24.55
45.11,3.9,2477,42.31,24.55
44.9,2.95,2052,42.2,24.54
44.8,2.71,1718,42.03,24.54
44.72,3.43,2269,41.99,24.54
44.9,3.39,2155,41.93,24.54
44.49,3.49,2194,41.88,24.54
44.83,2.7,1752,41.72,24.54
44.83,4.2,2665,41.82,24.54
44.65,3.98,2569,41.88,24.54
44.72,2.38,1506,41.67,24.54
44.98,2.79,1879,41.54,24.54
44.89,2.28,1404,41.32,24.53
44.87,3.95,2602,41.4,24.53
44.9,3.9,2546,41.46,24.53
44.87,3.34,2163,41.41,24.53
45.04,3.81,2441,41.44,24.53
44.87,3.69,2407,41.46,24.53
44.64,3.31,2160,41.4,24.53
45.1,2.99,1960,41.3,24.53
44.91,2.8,1809,41.17,24.53
44.77,2.97,1875,41.06,24.53
44.67,3.37,2232,41.03,24.52
44.91,2.54,1654,40.87,24.52
44.84,2.58,1648,40.71,24.52
45.09,2.35,1476,40.52,24.52
44.8,3.66,2425,40.56,24.52
44.73,4.17,2781,40.71,24.52
44.99,3.89,2555,40.78,24.52
44.99,3.73,2455,40.83,24.52
44.88,3.63,2421,40.86,24.52
44.95,3.06,1971,40.77,24.52
44.84,2.83,1944,40.67,24.51
44.88,3.45,2189,40.65,24.51
45.02,2.58,1665,40.5,24.51
44.94,1.82,1144,40.26,24.51
44.82,1.8,1171,40.02,24.51
45.05,1.88,1307,39.81,24.51
44.49,2.2,1419,39.63,24.51
45.16,1.54,1019,39.38,24.51
44.59,2.36,1388,39.21,24.51
44.75,3.28,2152,39.21,24.51
44.84,3.01,2006,39.16,24.5
44.82,2.92,1902,39.1,24.5
45.0,1.79,1112,38.88,24.5
44.69,2.4,1500,38.74,24.5
44.88,1.99,1264,38.55,24.5
44.76,3.26,2062,38.54,24.5
44.89,1.83,1266,38.36,24.5
44.83,2.4,1583,38.24,24.5
44.86,2.6,1761,38.16,24.5
44.76,2.43,1563,38.04,24.5
44.77,3.26,2081,38.05,24.5
44.89,1.96,1241,37.88,24.49
44.98,2.25,1439,37.74,24.49
44.75,3.0,1922,37.71,24.49
44.71,2.71,1825,37.66,24.49
44.93,2.3,1538,37.55,24.49
44.84,1.37,904,37.33,24.49
44.96,3.03,1889,37.31,24.49
44.7,3.37,2204,37.36,24.49
44.57,2.83,1825,37.32,24.49
44.76,3.32,2226,37.37,24.49
44.72,2.63,1752,37.31,24.48
44.83,1.92,1253,37.15,24.48
44.74,1.52,882,36.94,24.48
44.95,2.83,1834,36.91,24.48
44.79,2.58,1641,36.84,24.48
44.86,2.96,1945,36.84,24.48
44.86,2.9,1827,36.81,24.48
44.87,3.66,2394,36.92,24.48
44.83,2.47,1493,36.82,24.48
44.91,2.35,1459,36.72,24.48
44.72,2.33,1474,36.62,24.48
45.04,2.43,1552,36.54,24.47
44.8,3.36,2205,36.6,24.47
44.64,3.72,2336,36.71,24.47
44.86,4.72,3035,37.04,24.47
44.71,4.32,2774,37.27,24.47
44.93,3.85,2534,37.41,24.47
45.16,4.33,2806,37.64,24.47
44.71,4.44,2840,37.88,24.47
44.88,4.04,2573,38.03,24.47
44.57,4.04,2601,38.18,24.47
44.9,3.63,2279,38.24,24.46
44.7,4.47,2985,38.5,24.46
44.74,3.7,2406,38.59,24.46
44.66,4.12,2634,38.74,24.46
44.94,4.18,2665,38.9,24.46
44.98,4.17,2648,39.05,24.46
44.83,4.17,2730,39.21,24.46
44.7,4.01,2523,39.32,24.46
45.07,3.45,2233,39.34,24.46
44.71,4.23,2776,39.51,24.46
44.5,4.61,2965,39.75,24.46
44.9,4.59,2930,39.97,24.45
44.66,4.92,3200,40.28,24.45
44.97,3.81,2421,40.33,24.45
44.77,3.89,2514,40.41,24.45
44.92,4.38,2856,40.58,24.45
45.03,4.01,2576,40.67,24.45
44.64,3.56,2255,40.67,24.45
44.74,4.17,2680,40.79,24.45
44.81,3.92,2563,40.86,24.45
45.05,3.82,2447,40.91,24.45
44.72,4.73,3100,41.16,24.45
44.73,3.91,2530,41.22,24.44
44.89,3.81,2449,41.25,24.44
44.74,3.72,2382,41.27,24.44
44.84,4.51,2942,41.45,24.44
44.59,4.38,2904,41.62,24.44
45.15,3.48,2270,41.59,24.44
44.62,3.82,2436,41.62,24.44
44.77,4.5,2980,41.81,24.44
44.81,3.75,2395,41.82,24.44
45.11,4.82,3200,42.08,24.44
44.62,4.25,2753,42.19,24.44
45.12,3.53,2251,42.14,24.43
44.93,3.98,2616,42.21,24.43
44.88,4.2,2711,42.3,24.43
44.67,3.64,2387,42.29,24.43
44.9,2.69,1752,42.12,24.43
44.71,4.21,2667,42.2,24.43
45.01,2.85,1847,42.05,24.43
44.67,3.61,2373,42.04,24.43
44.8,3.98,2595,42.1,24.43
44.73,2.68,1803,41.94,24.43
44.67,3.39,2217,41.89,24.43
44.93,3.0,1940,41.77,24.42
44.89,2.77,1813,41.63,24.42
44.99,2.21,1413,41.4,24.42
44.55,3.87,2535,41.46,24.42
44.97,2.49,1634,41.28,24.42
45.19,3.9,2470,41.32,24.42
44.74,3.33,2204,41.28,24.42
45.1,3.46,2363,41.27,24.42
44.77,3.84,2522,41.33,24.42
44.6,3.24,2002,41.24,24.42
44.76,2.76,1772,41.1,24.42
44.97,2.46,1535,40.91,24.41
44.68,3.11,2010,40.83,24.41
44.72,3.2,2115,40.78,24.41
44.9,2.78,1770,40.65,24.41
44.81,3.52,2383,40.67,24.41
44.9,3.13,1892,40.57,24.41
44.84,3.82,2471,40.63,24.41
44.88,3.28,2152,40.59,24.41
44.74,4.04,2567,40.68,24.41
44.84,3.37,2134,40.64,24.41
44.67,3.86,2550,40.71,24.41
45.0,3.17,2156,40.66,24.41
44.71,3.42,2327,40.66,24.4
44.97,2.9,1867,40.56,24.4
44.77,2.31,1570,40.38,24.4
44.83,1.66,1073,40.12,24.4
44.73,2.23,1498,39.95,24.4
44.65,1.46,937,39.68,24.4
44.54,2.08,1294,39.48,24.4
44.64,1.95,1345,39.28,24.4
44.75,3.56,2407,39.34,24.4
44.83,1.93,1237,39.13,24.4
44.95,2.0,1347,38.95,24.4
44.73,2.76,1789,38.86,24.39
44.67,3.05,2089,38.84,24.39
44.58,2.29,1413,38.68,24.39
44.87,3.22,2085,38.67,24.39
45.01,2.09,1287,38.49,24.39
44.99,1.73,1042,38.27,24.39
44.91,1.89,1224,38.09,24.39
44.89,2.77,1779,38.02,24.39
45.05,2.21,1385,37.87,24.39
44.85,2.79,1852,37.81,24.39
44.89,2.0,1362,37.66,24.39
44.75,3.0,1978,37.64,24.39
44.59,2.22,1350,37.5,24.38
44.69,2.37,1556,37.39,24.38
44.79,2.83,1855,37.35,24.38
44.8,2.81,1784,37.3,24.38
45.08,1.84,1211,37.13,24.38
44.81,3.18,2043,37.15,24.38
44.97,2.92,1856,37.11,24.38
44.73,2.06,1282,36.97,24.38
44.75,3.4,2250,37.03,24.38
44.59,2.81,1893,37.01,24.38
44.68,2.32,1500,36.9,24.38
44.87,1.9,1282,36.75,24.37
44.79,2.58,1754,36.7,24.37
44.93,1.8,1178,36.54,24.37
44.82,2.34,1520,36.45,24.37
44.74,2.32,1528,36.36,24.37
45.11,2.8,1776,36.33,24.37
44.78,2.0,1328,36.2,24.37
44.96,3.25,2123,36.25,24.37
44.73,2.16,1336,36.14,24.37
44.9,2.38,1483,36.05,24.37
44.93,4.37,2791,36.31,24.37
44.82,4.04,2652,36.51,24.37
44.44,4.43,2862,36.77,24.36
44.79,3.72,2419,36.89,24.36
44.97,3.73,2496,37.03,24.36
44.87,4.45,2917,37.3,24.36
44.85,4.71,3029,37.61,24.36
44.53,3.5,2227,37.66,24.36
44.68,3.61,2360,37.74,24.36
44.85,4.28,2735,37.94,24.36
44.85,3.8,2535,38.06,24.36
44.97,4.37,2853,38.29,24.36
44.76,3.84,2505,38.4,24.36
44.84,3.68,2342,38.47,24.36
44.79,3.95,2598,38.6,24.35
44.64,4.74,3136,38.91,24.35
44.44,4.47,2902,39.14,24.35
44.85,4.77,3148,39.44,24.35
44.81,3.8,2449,39.51,24.35
44.69,4.47,2901,39.72,24.35
44.54,3.97,2686,39.85,24.35
44.88,4.65,3006,40.09,24.35
44.74,4.07,2671,40.21,24.35
44.86,3.99,2571,40.3,24.35
45.06,3.77,2466,40.36,24.35
44.46,4.23,2783,40.51,24.35
44.67,3.58,2281,40.51,24.35
44.75,4.99,3200,40.81,24.34
45.0,3.76,2474,40.86,24.34
44.53,3.99,2605,40.94,24.34
45.07,3.68,2453,40.97,24.34
44.8,3.54,2313,40.97,24.34
44.76,4.3,2891,41.14,24.34
44.75,4.38,2880,41.3,24.34
44.71,4.64,3112,41.54,24.34
44.93,3.58,2412,41.54,24.34
44.62,4.57,2937,41.72,24.34
44.83,3.92,2625,41.79,24.34
44.72,4.66,3074,42.01,24.34
44.66,3.72,2463,42.02,24.33
45.16,4.38,2904,42.17,24.33
44.84,4.37,2824,42.3,24.33
44.87,4.3,2809,42.42,24.33
44.94,3.8,2450,42.42,24.33
44.56,4.04,2744,42.51,24.33
45.03,3.44,2200,42.44,24.33
44.4,4.02,2548,42.48,24.33
44.66,2.77,1760,42.31,24.33
44.7,2.28,1476,42.08,24.33
44.86,4.15,2692,42.16,24.33
44.8,2.66,1775,41.99,24.33
44.74,3.47,2258,41.95,24.32
44.77,3.47,2230,41.91,24.32
44.62,2.61,1719,41.73,24.32
44.54,2.67,1793,41.58,24.32
44.88,2.63,1722,41.41,24.32
44.87,3.73,2470,41.44,24.32
45.01,2.37,1547,41.24,24.32
44.65,3.07,1981,41.15,24.32
44.87,3.6,2372,41.15,24.32
44.72,2.75,1798,41.02,24.32
44.94,2.43,1633,40.84,24.32
44.92,3.01,2034,40.76,24.32
44.8,2.68,1736,40.62,24.32
44.71,3.43,2265,40.61,24.31
44.91,4.11,2722,40.73,24.31
44.86,2.29,1512,40.54,24.31
44.66,3.93,2580,40.62,24.31
44.56,3.19,2081,40.56,24.31
44.72,3.42,2235,40.55,24.31
44.99,3.97,2604,40.64,24.31
44.93,3.4,2181,40.61,24.31
44.6,2.42,1488,40.42,24.31
44.59,2.58,1672,40.27,24.31
44.95,3.7,2399,40.31,24.31
44.59,2.61,1779,40.18,24.31
44.84,3.24,2122,40.14,24.31
44.67,3.06,2015,40.07,24.3
45.0,2.17,1390,39.88,24.3
44.64,3.04,1945,39.8,24.3
44.93,2.91,1847,39.71,24.3
44.79,2.81,1762,39.6,24.3
44.8,2.72,1802,39.49,24.3
44.46,2.91,1905,39.42,24.3
44.43,2.45,1667,39.28,24.3
44.72,3.1,2045,39.24,24.3
44.79,1.64,1079,39.01,24.3
44.59,3.33,2066,38.99,24.3
44.59,2.1,1460,38.83,24.3
44.84,1.61,1050,38.6,24.3
44.84,2.75,1686,38.5,24.29
44.73,2.15,1410,38.34,24.29
44.87,3.28,2095,38.34,24.29
44.58,2.38,1503,38.2,24.29
44.7,2.82,1844,38.14,24.29
45.0,2.03,1293,37.97,24.29
44.76,1.94,1313,37.8,24.29
44.77,2.12,1370,37.65,24.29
45.1,2.47,1623,37.55,24.29
44.54,2.66,1756,37.48,24.29
44.87,2.77,1813,37.43,24.29
45.0,3.38,2210,37.47,24.29
44.7,2.74,1787,37.42,24.29
44.88,3.35,2255,37.47,24.29
44.6,1.96,1315,37.31,24.28
44.65,1.73,1091,37.13,24.28
44.81,2.04,1272,36.98,24.28
44.87,1.69,1060,36.79,24.28
44.92,2.47,1628,36.71,24.28
44.98,2.45,1535,36.62,24.28
44.74,2.7,1725,36.57,24.28
44.93,2.96,1855,36.55,24.28
44.7,3.33,2212,36.61,24.28
44.88,3.12,2063,36.64,24.28
44.78,1.97,1322,36.5,24.28
44.81,2.25,1439,36.39,24.28
44.81,1.93,1164,36.24,24.28
44.5,1.97,1242,36.1,24.27
44.58,2.47,1541,36.03,24.27
44.76,2.59,1617,35.97,24.27
44.49,4.21,2796,36.22,24.27
44.87,3.65,2361,36.33,24.27
44.87,3.67,2399,36.45,24.27
44.79,3.82,2537,36.61,24.27
44.57,3.9,2485,36.75,24.27
44.95,3.52,2320,36.84,24.27
45.05,4.28,2711,37.06,24.27
44.76,4.81,3139,37.4,24.27
44.82,3.46,2304,37.47,24.27
44.77,4.17,2652,37.65,24.27
44.82,4.37,2881,37.89,24.27
44.72,3.97,2590,38.03,24.26
44.73,3.7,2382,38.11,24.26
44.87,3.59,2277,38.17,24.26
45.09,4.51,2941,38.42,24.26
44.53,4.23,2776,38.61,24.26
44.72,3.82,2468,38.7,24.26
44.56,4.44,2838,38.91,24.26
44.98,4.62,3040,39.18,24.26
44.65,3.84,2557,39.28,24.26
44.52,4.4,2906,39.49,24.26
44.83,3.84,2575,39.59,24.26
45.0,4.58,2943,39.82,24.26
44.83,3.87,2443,39.88,24.26
44.77,4.3,2817,40.05,24.26
44.8,3.93,2533,40.13,24.25
44.95,4.28,2830,40.3,24.25
44.6,3.82,2433,40.35,24.25
44.72,4.47,2858,40.53,24.25
44.67,3.64,2370,40.55,24.25
44.56,3.85,2509,40.61,24.25
44.68,3.56,2351,40.62,24.25
44.9,3.59,2328,40.63,24.25
44.82,4.35,2733,40.77,24.25
44.83,4.73,3200,41.04,24.25
44.75,4.51,2934,41.23,24.25
44.81,4.52,3081,41.45,24.25
44.61,3.45,2236,41.41,24.25
44.68,3.51,2231,41.38,24.25
44.76,4.17,2693,41.48,24.25
44.77,4.82,3190,41.74,24.24
44.78,4.45,2921,41.91,24.24
44.71,3.16,2071,41.81,24.24
44.67,3.16,2054,41.72,24.24
45.2,2.35,1532,41.51,24.24
44.86,4.07,2641,41.59,24.24
44.79,3.75,2500,41.62,24.24
44.69,3.42,2268,41.59,24.24
44.66,2.8,1771,41.43,24.24
44.71,2.08,1281,41.19,24.24
44.77,2.44,1527,40.99,24.24
44.44,2.28,1466,40.79,24.24
44.49,2.97,1944,40.69,24.24
44.63,2.67,1732,40.55,24.24
44.75,2.74,1813,40.42,24.23
44.69,3.74,2429,40.46,24.23
44.94,4.32,2886,40.64,24.23
44.5,2.5,1652,40.48,24.23
44.61,3.14,2044,40.41,24.23
44.95,4.27,2703,40.54,24.23
44.74,3.9,2553,40.61,24.23
44.85,3.01,1982,40.53,24.23
45.03,3.01,1921,40.43,24.23
44.62,2.81,1770,40.31,24.23
44.71,2.55,1715,40.16,24.23
44.68,3.27,2080,40.12,24.23
44.43,2.92,1905,40.02,24.23
44.67,3.56,2314,40.04,24.23
44.85,2.62,1726,39.91,24.23
44.8,3.65,2323,39.93,24.22
44.81,2.77,1794,39.82,24.22
44.66,3.38,2146,39.8,24.22
44.62,3.44,2242,39.8,24.22
44.91,3.57,2343,39.83,24.22
44.64,2.7,1800,39.71,24.22
44.76,2.79,1886,39.62,24.22
44.74,2.76,1778,39.51,24.22
44.93,3.13,2022,39.46,24.22
44.86,2.37,1604,39.31,24.22
44.52,2.36,1566,39.16,24.22
44.54,2.09,1419,38.99,24.22
44.8,2.89,1974,38.93,24.22
44.7,2.9,1844,38.85,24.22
44.64,2.48,1650,38.73,24.22
44.86,1.54,974,38.49,24.22
44.74,3.42,2302,38.53,24.21
44.72,3.39,2147,38.54,24.21
44.83,2.43,1625,38.42,24.21
44.65,2.73,1748,38.33,24.21
44.95,2.4,1589,38.2,24.21
44.59,2.24,1522,38.07,24.21
44.81,1.71,1080,37.86,24.21
44.92,2.44,1513,37.74,24.21
44.5,3.09,1994,37.72,24.21
44.66,1.69,1082,37.52,24.21
44.88,2.7,1689,37.44,24.21
44.88,3.34,2068,37.46,24.21
44.68,1.94,1324,37.3,24.21
44.6,1.8,1243,37.14,24.21
44.85,3.08,1972,37.13,24.21
44.88,1.95,1253,36.97,24.2
44.53,1.93,1293,36.82,24.2
44.53,1.93,1295,36.67,24.2
44.74,2.24,1548,36.58,24.2
44.8,3.25,2141,36.62,24.2
44.66,2.64,1666,36.55,24.2
44.81,2.35,1566,36.46,24.2
44.6,2.53,1607,36.39,24.2
44.39,3.41,2211,36.46,24.2
44.64,1.67,1142,36.29,24.2
44.71,2.01,1263,36.16,24.2
44.66,3.48,2258,36.24,24.2
44.53,3.44,2178,36.31,24.2
44.43,1.86,1160,36.16,24.2
44.62,2.04,1301,36.03,24.2
44.84,2.33,1594,35.95,24.2
44.89,1.53,996,35.78,24.19
44.88,2.69,1882,35.77,24.19
44.58,1.75,1182,35.63,24.19
44.53,1.78,1206,35.49,24.19
44.77,3.78,2404,35.64,24.19
44.79,4.68,3034,35.98,24.19
44.76,4.65,2965,36.29,24.19
44.4,4.15,2685,36.5,24.19
44.57,3.66,2356,36.61,24.19
44.69,3.71,2412,36.73,24.19
44.77,3.82,2526,36.87,24.19
44.81,3.99,2579,37.04,24.19
44.72,4.08,2692,37.23,24.19
44.75,3.72,2342,37.32,24.19
44.71,3.78,2482,37.44,24.19
44.8,4.25,2742,37.64,24.19
44.74,4.65,3033,37.94,24.19
44.7,4.39,2898,38.17,24.18
44.65,4.47,2833,38.39,24.18
44.71,3.98,2657,38.54,24.18
44.77,4.2,2722,38.71,24.18
44.73,4.37,2932,38.94,24.18
44.75,4.57,2976,39.18,24.18
44.89,4.04,2693,39.32,24.18
44.73,4.04,2631,39.45,24.18
44.59,4.62,3017,39.7,24.18
44.82,4.36,2839,39.88,24.18
44.49,4.31,2788,40.04,24.18
44.53,4.48,2900,40.24,24.18
44.74,3.67,2397,40.27,24.18
44.77,4.22,2768,40.41,24.18
44.5,4.62,3017,40.64,24.18
44.63,4.09,2686,40.75,24.18
44.6,3.87,2440,40.79,24.17
44.61,4.32,2855,40.95,24.17
44.83,3.8,2431,40.98,24.17
44.79,4.18,2636,41.08,24.17
44.68,3.79,2558,41.13,24.17
44.6,4.26,2841,41.28,24.17
44.48,4.29,2788,41.41,24.17
44.9,3.8,2520,41.45,24.17
44.77,4.08,2635,41.53,24.17
44.58,3.8,2448,41.55,24.17
44.79,4.01,2574,41.61,24.17
44.67,4.31,2771,41.73,24.17
44.64,3.9,2525,41.77,24.17
44.75,3.81,2444,41.79,24.17
44.57,3.14,1901,41.67,24.17
44.63,2.77,1791,41.51,24.17
44.7,3.69,2347,41.51,24.17
44.61,2.88,1889,41.38,24.17
44.78,2.41,1555,41.18,24.16
44.96,3.03,2003,41.08,24.16
44.57,2.48,1610,40.9,24.16
44.43,4.25,2701,41.02,24.16
44.38,2.84,1786,40.88,24.16
44.66,3.33,2100,40.83,24.16
44.58,4.09,2613,40.91,24.16
44.71,3.13,2000,40.83,24.16
44.7,2.84,1892,40.71,24.16
44.44,2.55,1667,40.55,24.16
44.41,4.13,2590,40.65,24.16
44.72,3.66,2337,40.66,24.16
44.7,2.49,1619,40.49,24.16
44.61,2.79,1766,40.36,24.16
44.43,4.05,2639,40.46,24.16
44.75,3.29,2094,40.41,24.16
44.87,3.3,2139,40.37,24.16
44.72,3.56,2287,40.37,24.16
44.55,3.64,2371,40.39,24.15
44.68,4.06,2712,40.51,24.15
44.47,3.79,2510,40.57,24.15
44.83,3.99,2537,40.64,24.15
44.69,4.07,2772,40.76,24.15
44.41,2.08,1409,40.55,24.15
44.63,2.56,1629,40.39,24.15
44.74,4.05,2589,40.48,24.15
44.62,2.34,1536,40.29,24.15
44.63,3.8,2504,40.35,24.15
44.49,4.03,2710,40.47,24.15
44.76,2.99,1966,40.38,24.15
44.57,2.95,1884,40.28,24.15
44.35,1.93,1229,40.05,24.15
44.61,2.59,1718,39.91,24.15
44.82,3.41,2151,39.89,24.15
44.61,2.62,1779,39.76,24.15
44.93,2.04,1299,39.55,24.15
44.73,2.94,1956,39.48,24.14
44.72,3.04,2035,39.43,24.14
44.65,2.75,1938,39.35,24.14
44.66,1.9,1221,39.13,24.14
44.63,2.79,1802,39.04,24.14
44.62,2.41,1547,38.89,24.14
44.75,1.59,1043,38.66,24.14
44.52,2.68,1712,38.56,24.14
44.5,3.63,2422,38.63,24.14
44.5,2.11,1423,38.46,24.14
44.97,3.71,2401,38.54,24.14
44.74,1.71,1074,38.32,24.14
44.71,2.98,1914,38.27,24.14
44.5,1.69,1073,38.05,24.14
44.76,2.01,1329,37.88,24.14
44.64,2.7,1767,37.81,24.14
44.69,2.75,1828,37.74,24.14
44.51,3.11,2094,37.74,24.14
44.69,2.69,1760,37.67,24.14
44.6,2.42,1601,37.56,24.13
44.55,3.15,2167,37.58,24.13
44.77,2.41,1592,37.47,24.13
44.43,1.98,1265,37.31,24.13
44.74,1.78,1155,37.13,24.13
44.76,2.23,1367,36.99,24.13
44.53,2.96,1948,36.98,24.13
44.54,1.57,996,36.78,24.13
44.62,1.71,1067,36.6,24.13
44.7,1.55,965,36.41,24.13
44.63,2.59,1738,36.35,24.13
44.72,2.08,1338,36.23,24.13
44.92,1.74,1167,36.07,24.13
44.58,2.75,1808,36.04,24.13
44.4,3.16,2065,36.08,24.13
44.78,2.09,1336,35.96,24.13
44.91,2.61,1723,35.91,24.13
44.71,1.79,1145,35.76,24.13
44.49,4.25,2770,36.01,24.13
44.64,3.71,2465,36.15,24.13
44.49,4.62,3070,36.48,24.12
44.75,4.75,3066,36.81,24.12
44.45,4.71,3082,37.14,24.12
44.61,4.43,2910,37.4,24.12
44.5,3.8,2481,37.52,24.12
44.67,4.12,2716,37.7,24.12
44.6,4.61,3033,37.99,24.12
44.68,3.52,2381,38.06,24.12
44.65,4.2,2841,38.27,24.12
44.5,4.09,2653,38.42,24.12
44.74,3.87,2601,38.55,24.12
44.64,4.05,2655,38.69,24.12
44.5,4.8,3113,38.99,24.12
44.98,4.47,2935,39.22,24.12
44.72,3.93,2540,39.32,24.12
44.62,4.22,2744,39.48,24.12
44.86,3.78,2405,39.53,24.12
44.92,4.33,2821,39.71,24.12
44.62,4.73,3121,39.98,24.12
44.7,4.16,2739,40.12,24.12
44.5,4.35,2843,40.29,24.12
44.62,3.92,2636,40.39,24.11
44.62,4.06,2743,40.51,24.11
44.67,4.35,2852,40.68,24.11
44.69,4.51,3012,40.89,24.11
44.73,4.33,2831,41.04,24.11
44.68,4.65,3027,41.26,24.11
44.46,4.38,2898,41.42,24.11
44.5,4.52,2936,41.59,24.11
44.56,4.61,2879,41.76,24.11
44.6,3.93,2540,41.8,24.11
44.8,4.14,2618,41.87,24.11
44.47,4.27,2758,41.98,24.11
44.59,4.11,2646,42.05,24.11
44.78,4.69,3021,42.25,24.11
44.6,3.68,2338,42.22,24.11
44.71,3.7,2348,42.2,24.11
44.62,4.72,3038,42.4,24.11
44.68,3.51,2266,42.35,24.11
44.6,3.82,2466,42.36,24.11
44.74,3.56,2328,42.32,24.11
44.41,2.29,1521,42.09,24.11
44.58,3.91,2492,42.11,24.1
44.68,2.19,1380,41.87,24.1
44.72,3.71,2496,41.88,24.1
44.86,3.05,2021,41.78,24.1
44.58,3.96,2533,41.82,24.1
44.86,3.18,2007,41.71,24.1
44.54,3.42,2199,41.66,24.1
44.83,2.83,1826,41.51,24.1
44.76,3.6,2371,41.51,24.1
44.5,2.64,1599,41.32,24.1
44.68,3.75,2392,41.33,24.1
44.63,2.58,1764,41.17,24.1
44.73,3.86,2508,41.21,24.1
44.6,2.78,1812,41.07,24.1
44.59,2.7,1727,40.92,24.1
44.84,3.92,2585,40.99,24.1
44.62,3.66,2289,40.98,24.1
44.76,3.6,2320,40.97,24.1
44.6,3.93,2448,41.01,24.1
44.88,2.29,1490,40.81,24.1
44.53,2.73,1750,40.66,24.1
44.54,2.87,1785,40.53,24.1
44.86,2.83,1891,40.42,24.1
44.56,2.87,1897,40.32,24.09
44.87,3.33,2219,40.29,24.09
44.76,2.73,1697,40.15,24.09
44.6,2.76,1742,40.02,24.09
44.36,3.4,2272,40.02,24.09
44.62,2.48,1653,39.87,24.09
44.64,3.01,2028,39.8,24.09
44.8,2.26,1460,39.62,24.09
44.86,4.08,2643,39.74,24.09
44.52,2.89,1908,39.65,24.09
44.75,3.78,2390,39.7,24.09
44.74,3.11,2032,39.64,24.09
44.79,2.0,1429,39.45,24.09
44.7,3.47,2237,39.46,24.09
44.33,2.77,1719,39.34,24.09
44.6,2.4,1578,39.19,24.09
44.45,2.13,1339,39.0,24.09
44.59,2.26,1465,38.83,24.09
44.77,1.94,1319,38.64,24.09
44.67,2.43,1606,38.51,24.09
44.79,2.55,1635,38.4,24.09
44.67,2.49,1661,38.28,24.09
44.43,3.11,1936,38.24,24.09
44.24,2.17,1418,38.08,24.08
44.64,3.04,1955,38.05,24.08
44.59,2.68,1626,37.94,24.08
44.47,3.33,2106,37.95,24.08
44.36,2.36,1536,37.82,24.08
44.51,3.36,2223,37.86,24.08
44.59,3.23,2101,37.86,24.08
44.72,2.76,1777,37.79,24.08
44.65,2.87,1905,37.74,24.08
44.86,1.86,1224,37.56,24.08
44.46,3.42,2271,37.61,24.08
44.75,1.67,1117,37.42,24.08
44.62,2.78,1772,37.35,24.08
44.72,2.23,1481,37.23,24.08
44.55,2.31,1553,37.12,24.08
44.78,2.89,1951,37.09,24.08
44.66,3.2,2052,37.1,24.08
44.51,2.47,1586,37.01,24.08
44.61,3.59,2378,37.1,24.08
44.58,2.79,1857,37.06,24.08
44.69,1.73,1100,36.87,24.08
44.44,1.76,1108,36.7,24.08
44.61,2.96,1899,36.68,24.08
44.67,1.67,1090,36.5,24.08
44.62,2.35,1485,36.4,24.08
44.81,1.83,1208,36.24,24.07
44.73,2.22,1357,36.12,24.07
44.61,3.11,1977,36.14,24.07
44.64,2.36,1544,36.05,24.07
44.65,1.81,1131,35.9,24.07
44.67,3.89,2507,36.06,24.07
44.33,4.81,3118,36.42,24.07
44.56,4.15,2803,36.65,24.07
44.39,4.15,2630,36.83,24.07
44.8,3.56,2324,36.92,24.07
44.6,3.71,2361,37.02,24.07
44.58,4.2,2676,37.21,24.07
44.74,4.26,2726,37.41,24.07
44.67,4.24,2747,37.61,24.07
44.44,3.62,2426,37.7,24.07
44.59,4.01,2664,37.86,24.07
44.55,4.58,2952,38.13,24.07
44.34,3.81,2463,38.22,24.07
44.5,4.53,2973,38.48,24.07
44.58,3.89,2530,38.59,24.07
44.59,3.68,2361,38.65,24.07
44.38,4.15,2730,38.81,24.07
44.78,4.71,3141,39.11,24.07
44.59,3.94,2612,39.22,24.07
44.61,4.3,2864,39.42,24.07
44.66,4.29,2779,39.58,24.07
44.48,3.75,2385,39.63,24.07
44.67,3.58,2229,39.64,24.06
44.55,4.68,2936,39.86,24.06
44.47,3.7,2397,39.9,24.06
44.69,4.64,3038,40.14,24.06
44.82,4.84,3188,40.43,24.06
44.71,3.81,2486,40.48,24.06
44.74,4.07,2613,40.58,24.06
44.52,3.8,2502,40.63,24.06
44.36,3.82,2426,40.66,24.06
44.82,3.77,2393,40.69,24.06
44.91,4.52,2968,40.89,24.06
44.83,4.5,2864,41.06,24.06
44.55,4.32,2768,41.19,24.06
44.42,4.79,3068,41.42,24.06
44.44,3.6,2351,41.41,24.06
44.34,3.95,2600,41.47,24.06
44.58,4.02,2641,41.55,24.06
44.84,3.79,2435,41.56,24.06
44.57,3.59,2328,41.55,24.06
44.64,4.09,2693,41.63,24.06
44.8,2.42,1545,41.43,24.06
44.53,2.34,1476,41.21,24.06
44.9,2.65,1692,41.05,24.06
44.89,2.21,1405,40.82,24.06
44.57,3.76,2447,40.86,24.06
44.5,2.86,1857,40.73,24.06
44.7,3.69,2388,40.75,24.06
44.54,3.69,2356,40.76,24.06
44.42,2.65,1676,40.6,24.06
44.78,3.15,2082,40.54,24.05
44.77,3.29,2155,40.49,24.05
44.61,3.81,2453,40.54,24.05
44.4,2.26,1466,40.34,24.05
44.4,2.77,1861,40.22,24.05
44.6,4.14,2688,40.34,24.05
44.51,2.73,1772,40.21,24.05
44.54,2.47,1684,40.06,24.05
44.74,3.24,2161,40.02,24.05
44.7,2.68,1707,39.89,24.05
44.79,3.18,2123,39.85,24.05
44.44,4.02,2604,39.95,24.05
44.53,3.28,2081,39.9,24.05
44.7,3.25,2177,39.88,24.05
44.65,2.78,1768,39.76,24.05
44.81,3.8,2442,39.81,24.05
44.65,3.7,2386,39.85,24.05
44.86,2.6,1792,39.73,24.05
44.66,2.74,1735,39.61,24.05
44.74,3.79,2432,39.66,24.05
44.53,3.06,1975,39.6,24.05
44.58,3.08,2031,39.54,24.05
44.72,2.81,1820,39.44,24.05
44.82,2.5,1590,39.29,24.05
44.69,2.95,1952,39.22,24.05
44.57,3.96,2640,39.34,24.05
44.79,3.36,2104,39.32,24.05
44.25,2.91,1860,39.23,24.05
44.37,2.08,1380,39.04,24.05
44.68,2.71,1698,38.93,24.05
44.58,2.56,1654,38.8,24.05
44.67,3.2,2140,38.79,24.05
44.59,2.97,1959,38.73,24.04
44.66,3.28,2159,38.73,24.04
44.45,1.78,1196,38.52,24.04
44.66,2.83,1854,38.45,24.04
44.73,1.73,1111,38.23,24.04
44.76,1.78,1206,38.04,24.04
44.88,2.98,1916,37.99,24.04
44.61,1.47,949,37.76,24.04
44.62,2.74,1696,37.68,24.04
44.35,3.31,2130,37.69,24.04
44.49,2.21,1439,37.55,24.04
44.54,1.63,1058,37.35,24.04
44.73,2.91,1936,37.32,24.04
44.48,3.3,2122,37.34,24.04
44.69,2.9,1867,37.3,24.04
44.57,2.67,1708,37.22,24.04
44.55,1.87,1226,37.05,24.04
44.61,1.42,1002,36.85,24.04
44.51,2.8,1705,36.79,24.04
44.51,1.99,1272,36.64,24.04
44.31,3.07,1978,36.64,24.04
44.53,2.21,1331,36.51,24.04
44.5,2.7,1748,36.45,24.04
44.49,2.91,1872,36.43,24.04
44.63,3.04,1954,36.43,24.04
44.67,2.88,1815,36.4,24.04
44.6,3.23,2097,36.43,24.04
44.72,3.32,2100,36.47,24.04
44.65,3.33,2123,36.52,24.04
44.52,3.24,2099,36.55,24.04
44.5,2.91,1942,36.54,24.04
44.61,2.83,1857,36.51,24.04
44.65,1.68,1121,36.34,24.04
44.78,2.1,1463,36.22,24.04
44.74,1.65,1097,36.06,24.04
44.48,2.07,1295,35.93,24.04
44.55,2.36,1508,35.84,24.03
44.66,4.32,2763,36.08,24.03
44.72,4.49,2909,36.37,24.03
44.7,4.12,2660,36.56,24.03
44.55,3.39,2153,36.61,24.03
44.37,3.49,2312,36.7,24.03
44.41,3.89,2580,36.85,24.03
44.6,3.73,2434,36.97,24.03
44.61,4.66,2978,37.26,24.03
44.4,3.67,2393,37.36,24.03
44.57,4.22,2710,37.55,24.03
44.65,4.56,3026,37.83,24.03
44.39,4.36,2773,38.04,24.03
44.73,4.09,2693,38.2,24.03
44.5,3.8,2501,38.3,24.03
44.75,3.99,2635,38.45,24.03
44.48,4.0,2612,38.58,24.03
44.4,3.95,2553,38.69,24.03
44.49,3.96,2695,38.84,24.03
44.54,3.74,2386,38.9,24.03
44.5,4.53,2983,39.14,24.03
44.52,3.34,2170,39.13,24.03
44.61,4.2,2745,39.29,24.03
44.53,4.68,3056,39.55,24.03
44.55,4.57,2916,39.77,24.03
44.3,3.88,2452,39.83,24.03
44.61,3.67,2323,39.85,24.03
44.54,4.79,3091,40.12,24.03
44.8,3.3,2161,40.09,24.03
44.41,4.67,3003,40.32,24.03
44.28,4.6,2921,40.52,24.03
44.65,3.45,2288,40.51,24.03
44.6,4.33,2735,40.64,24.03
44.4,4.83,3167,40.91,24.03
44.32,4.36,2797,41.06,24.03
44.78,3.93,2613,41.13,24.03
44.76,4.5,2898,41.3,24.03
44.18,4.33,2724,41.41,24.03
44.48,4.41,2864,41.56,24.03
44.8,4.09,2618,41.63,24.03
44.48,3.53,2338,41.61,24.03
44.48,3.74,2445,41.62,24.02
44.51,3.8,2437,41.64,24.02
44.38,3.9,2485,41.67,24.02
44.29,2.91,1834,41.52,24.02
44.71,4.17,2680,41.61,24.02
44.27,3.56,2383,41.6,24.02
44.58,2.98,1933,41.48,24.02
44.68,2.98,1986,41.37,24.02
44.33,3.55,2234,41.34,24.02
44.41,2.96,1830,41.2,24.02
44.73,3.97,2531,41.25,24.02
44.62,2.44,1617,41.07,24.02
44.45,3.96,2557,41.13,24.02
44.72,2.96,1966,41.02,24.02
44.72,2.45,1656,40.84,24.02
44.58,3.91,2494,40.89,24.02
44.41,2.85,1894,40.77,24.02
44.48,3.89,2600,40.85,24.02
44.59,2.77,1851,40.72,24.02
44.51,4.05,2553,40.79,24.02
44.68,2.56,1574,40.61,24.02
44.31,2.38,1527,40.42,24.02
44.32,3.98,2567,40.5,24.02
44.57,2.61,1738,40.35,24.02
44.47,4.09,2610,40.45,24.02
44.45,3.87,2537,40.51,24.02
44.27,2.54,1595,40.34,24.02
44.54,2.95,1932,40.25,24.02
44.53,2.35,1504,40.06,24.02
44.64,2.92,1918,39.97,24.02
44.55,2.84,1829,39.86,24.02
44.52,3.49,2161,39.84,24.02
44.71,4.1,2689,39.96,24.02
44.34,2.57,1728,39.83,24.02
44.62,2.85,1808,39.72,24.02
44.29,3.39,2244,39.71,24.02
44.41,2.55,1627,39.56,24.02
44.35,3.62,2284,39.58,24.02
44.65,2.9,1855,39.49,24.02
44.52,3.06,1981,39.43,24.02
44.53,2.54,1586,39.28,24.02
44.37,2.3,1565,39.12,24.02
44.49,3.26,2044,39.09,24.02
44.42,2.0,1270,38.88,24.02
44.59,1.97,1233,38.68,24.02
44.38,2.38,1614,38.55,24.02
44.73,3.47,2179,38.56,24.02
44.28,3.52,2327,38.6,24.02
44.41,2.07,1358,38.43,24.02
44.78,3.31,2089,38.42,24.02
44.46,2.0,1279,38.23,24.01
44.33,3.25,2104,38.23,24.01
44.56,2.59,1714,38.13,24.01
44.46,1.45,908,37.89,24.01
44.4,1.69,1129,37.69,24.01
44.36,1.82,1186,37.5,24.01
44.94,1.81,1199,37.32,24.01
44.49,2.85,1809,37.27,24.01
44.24,2.18,1403,37.13,24.01
44.75,3.49,2275,37.19,24.01
44.62,2.86,1865,37.15,24.01
44.41,2.83,1838,37.1,24.01
44.39,1.92,1354,36.95,24.01
44.63,3.25,2142,36.99,24.01
44.49,2.84,1884,36.95,24.01
44.24,3.41,2231,37.01,24.01
44.79,3.29,2167,37.04,24.01
44.46,1.75,1146,36.86,24.01
44.75,1.73,1215,36.7,24.01
44.71,3.1,2009,36.7,24.01
44.37,3.33,2207,36.75,24.01
44.68,2.49,1725,36.68,24.01
44.42,2.42,1606,36.6,24.01
44.24,2.67,1720,36.54,24.01
44.46,2.0,1262,36.39,24.01
44.58,1.93,1231,36.24,24.01
44.45,2.41,1587,36.16,24.01
44.47,1.97,1373,36.04,24.01
44.69,2.5,1654,35.97,24.01
44.54,3.42,2207,36.04,24.01
44.39,3.62,2340,36.15,24.01
44.62,3.64,2359,36.26,24.01
44.55,4.61,2932,36.56,24.01
44.14,3.66,2359,36.66,24.01
44.58,4.77,3078,36.99,24.01
44.58,4.08,2792,37.2,24.01
44.52,4.02,2658,37.37,24.01
44.65,4.19,2668,37.55,24.01
44.42,3.63,2284,37.61,24.01
44.57,3.48,2197,37.65,24.01
44.28,4.74,3150,37.98,24.01
44.58,4.22,2675,38.15,24.01
44.81,4.33,2893,38.37,24.01
44.36,3.78,2472,38.46,24.01
44.4,3.62,2339,38.51,24.01
44.41,3.93,2499,38.62,24.01
44.53,4.23,2816,38.81,24.01
44.35,4.37,2866,39.01,24.01
44.58,4.02,2660,39.14,24.01
44.64,4.48,2895,39.35,24.01
44.59,3.84,2529,39.44,24.01
44.25,3.53,2370,39.47,24.01
44.66,3.67,2414,39.52,24.01
44.65,4.53,2893,39.73,24.01
44.63,4.58,3001,39.96,24.01
44.57,3.81,2514,40.03,24.01
44.54,3.43,2312,40.03,24.01
44.66,4.38,2877,40.21,24.01
44.8,4.63,3067,40.45,24.01
44.37,4.51,2964,40.65,24.01
44.67,3.85,2435,40.69,24.01
44.49,4.34,2863,40.85,24.01
44.49,4.49,2923,41.03,24.01
44.28,3.95,2666,41.12,24.01
44.46,4.28,2712,41.23,24.01
44.36,4.0,2542,41.29,24.01
44.44,3.74,2468,41.31,24.01
44.34,4.83,3200,41.57,24.01
44.44,4.81,3118,41.81,24.01
44.44,4.03,2612,41.87,24.01
44.52,3.69,2409,41.87,24.01
44.26,4.6,2968,42.04,24.01
44.29,3.33,2212,41.98,24.01
44.56,2.45,1565,41.77,24.0
44.38,3.13,2068,41.67,24.0
44.66,2.22,1380,41.43,24.0
44.54,3.55,2396,41.43,24.0
44.59,2.45,1485,41.21,24.0
44.71,3.5,2223,41.18,24.0
44.45,3.65,2486,41.2,24.0
44.41,2.94,1916,41.08,24.0
44.63,3.57,2288,41.07,24.0
44.58,3.75,2370,41.08,24.0
44.47,2.55,1633,40.9,24.0
44.71,3.49,2280,40.88,24.0
44.47,3.63,2384,40.89,24.0
44.5,2.96,1942,40.78,24.0
44.5,2.45,1500,40.59,24.0
44.36,2.67,1740,40.44,24.0
44.51,3.98,2604,40.53,24.0
44.71,2.91,1910,40.42,24.0
44.56,2.35,1529,40.24,24.0
44.5,2.3,1436,40.04,24.0
44.47,2.55,1609,39.88,24.0
44.54,2.45,1652,39.73,24.0
44.61,3.03,1934,39.65,24.0
44.59,2.64,1682,39.51,24.0
44.44,3.92,2535,39.6,24.0
44.54,3.98,2524,39.69,24.0
44.57,3.01,1988,39.62,24.0
44.34,4.02,2550,39.71,24.0
44.52,3.14,2098,39.67,24.0
44.17,3.45,2178,39.66,24.0
44.56,2.72,1755,39.54,24.0
44.59,2.43,1598,39.38,24.0
44.6,2.48,1652,39.24,24.0
44.43,2.67,1721,39.12,24.0
44.54,3.56,2276,39.15,24.0
44.7,2.63,1778,39.04,24.0
44.7,3.02,1970,38.98,24.0
44.48,2.57,1663,38.85,24.0
44.51,1.54,912,38.6,24.0
44.65,2.72,1776,38.51,24.0
44.26,2.43,1581,38.38,24.0
44.44,2.59,1618,38.26,24.0
44.69,3.31,2112,38.26,24.0
44.63,3.29,2142,38.26,24.0
44.54,2.34,1543,38.13,24.0
44.26,2.45,1542,38.0,24.0
44.48,2.45,1540,37.87,24.0
44.4,2.64,1725,37.78,24.0
44.53,3.33,2122,37.79,24.0
44.36,2.8,1811,37.73,24.0
44.33,1.98,1376,37.57,24.0
44.17,2.58,1674,37.48,24.0
44.67,2.65,1774,37.4,24.0
44.42,2.7,1692,37.32,24.0
44.51,2.9,1847,37.28,24.0
44.48,1.94,1221,37.11,24.0
44.32,1.6,987,36.91,24.0
44.29,2.23,1359,36.77,24.0
44.33,2.39,1560,36.67,24.0
44.37,1.61,1069,36.49,24.0
44.54,3.21,2036,36.51,24.0
44.36,2.11,1331,36.37,24.0
44.74,3.49,2270,36.45,24.0
44.63,1.82,1185,36.29,24.0
44.6,1.69,1153,36.13,24.0
44.46,2.62,1761,36.09,24.0
44.71,1.93,1219,35.94,24.0
44.45,3.29,2138,36.0,24.0
44.47,1.64,1018,35.82,24.0
44.5,2.49,1697,35.77,24.0
44.58,3.16,2067,35.81,24.0
44.57,2.26,1518,35.72,24.0
44.4,1.72,1097,35.57,24.0
44.4,2.08,1403,35.46,24.0
44.57,2.37,1579,35.39,24.0
44.58,1.78,1222,35.26,24.0
44.42,2.25,1394,35.17,24.0
44.24,4.71,3064,35.52,24.0
44.44,4.66,3081,35.87,24.0
44.57,4.7,3006,36.2,24.0
44.74,4.78,3136,36.55,24.0
44.29,4.5,2954,36.84,24.0
44.41,3.65,2408,36.94,24.0
44.41,3.74,2450,37.06,24.0
44.67,3.45,2274,37.12,24.0
44.47,3.69,2420,37.22,24.0
44.33,3.6,2398,37.32,24.0
44.55,4.08,2617,37.48,24.0
44.41,3.58,2347,37.55,24.0
44.29,3.98,2647,37.71,24.0
44.34,4.64,2980,37.99,24.0
44.73,4.51,2899,38.23,24.0
44.53,4.74,3107,38.53,24.0
44.48,3.72,2488,38.62,24.0
44.43,4.26,2765,38.8,24.0
44.51,3.94,2566,38.91,24.0
44.51,3.93,2575,39.02,24.0
44.51,4.27,2751,39.18,24.0
44.48,3.5,2388,39.22,24.0
44.6,3.75,2392,39.28,24.0
44.47,4.33,2821,39.46,24.0
44.32,4.4,2868,39.65,24.0
44.37,4.26,2660,39.79,24.0
44.17,3.91,2497,39.86,24.0
44.77,4.04,2560,39.95,24.0
44.59,3.72,2454,40.0,24.0
44.34,4.8,3034,40.25,24.0
44.42,4.43,2926,40.44,24.0
44.37,3.49,2212,40.42,24.0
44.69,3.84,2541,40.48,24.0
44.25,4.13,2614,40.58,24.0
44.48,3.53,2315,40.58,24.0
44.44,4.9,3200,40.86,24.0
44.58,4.51,2961,41.05,24.0
44.44,3.79,2400,41.07,24.0
44.2,3.42,2281,41.04,24.0
44.42,4.6,3019,41.25,24.0
44.31,4.1,2547,41.31,24.0
44.47,4.37,2845,41.46,24.0
44.67,2.89,2018,41.35,24.0
44.2,2.2,1489,41.13,24.0
44.34,3.63,2333,41.13,24.0
44.37,4.28,2810,41.26,24.0
44.4,3.63,2337,41.25,24.0
44.57,3.95,2617,41.32,24.0
44.43,3.11,1982,41.22,24.0
44.52,2.47,1667,41.04,24.0
44.36,3.56,2357,41.04,24.0
44.49,2.71,1796,40.89,24.0
44.57,3.02,2068,40.81,24.0
44.34,3.54,2350,40.81,24.0
44.57,4.05,2681,40.91,24.0
44.46,3.17,2117,40.84,24.0
44.61,4.12,2713,40.95,24.0
44.42,3.17,2085,40.88,24.0
44.51,2.54,1620,40.7,24.0
44.45,3.14,2009,40.62,24.0
44.44,3.95,2589,40.69,24.0
44.49,3.19,2105,40.63,24.0
44.53,3.69,2399,40.65,24.0
44.26,3.36,2160,40.61,24.0
44.66,3.26,2114,40.55,24.0
44.17,2.46,1598,40.38,24.0
44.35,2.47,1618,40.21,24.0
44.43,2.54,1641,40.05,24.0
44.51,3.09,2066,39.99,24.0
44.68,3.82,2477,40.05,24.0
44.17,3.82,2453,40.11,24.0
44.37,2.46,1598,39.94,24.0
44.13,3.33,2108,39.9,24.0
44.45,2.89,1977,39.82,24.0
44.49,3.44,2267,39.82,24.0
44.68,3.5,2276,39.82,24.0
44.46,2.66,1803,39.71,24.0
44.6,4.0,2588,39.8,24.0
44.53,2.25,1462,39.62,24.0
44.38,2.98,1901,39.54,24.0
44.23,2.65,1677,39.4,24.0
44.48,1.62,1061,39.16,24.0
44.22,2.45,1647,39.02,24.0
44.64,2.18,1371,38.84,24.0
44.42,2.72,1756,38.74,24.0
44.62,2.12,1369,38.56,24.0
44.37,3.37,2229,38.58,24.0
44.48,1.45,920,38.33,24.0
44.47,3.02,2003,38.29,24.0
44.43,3.23,2133,38.29,24.0
44.38,3.35,2144,38.3,24.0
44.5,1.83,1174,38.09,24.0
44.3,2.7,1757,38.01,24.0
44.26,1.63,1039,37.79,24.0
44.63,2.56,1617,37.69,24.0
44.55,1.9,1309,37.52,24.0
44.45,3.27,2037,37.52,24.0
44.69,1.84,1208,37.34,24.0
44.4,2.51,1702,37.25,24.0
44.64,2.32,1466,37.13,24.0
44.46,3.45,2246,37.18,24.0
44.28,2.74,1828,37.13,24.0
44.71,2.15,1248,36.97,24.0
44.58,1.8,1170,36.8,24.0
44.42,1.84,1117,36.63,24.0
44.54,3.03,2019,36.63,24.0
44.37,2.92,1856,36.6,24.0
44.56,2.78,1897,36.58,24.0
44.07,1.58,978,36.38,24.0
44.28,2.99,1968,36.38,24.0
44.58,2.9,1839,36.36,24.0
44.39,3.49,2255,36.43,24.0
44.46,2.74,1783,36.39,24.0
44.23,2.1,1366,36.27,24.0
44.71,2.27,1561,36.17,24.0
44.61,1.85,1274,36.03,24.0
44.4,2.77,1764,36.0,24.0
44.37,2.78,1807,35.97,24.0
44.58,1.89,1170,35.82,24.0
44.73,1.63,989,35.65,24.0
44.57,3.8,2435,35.79,24.0
44.75,3.5,2359,35.9,24.0
44.29,4.06,2553,36.08,24.0
44.3,4.03,2646,36.28,24.01
44.25,3.55,2327,36.37,24.01
44.49,3.71,2372,36.48,24.01
44.45,4.62,3036,36.8,24.01
44.4,3.36,2213,36.85,24.01
44.55,3.58,2327,36.93,24.01
44.61,3.86,2499,37.07,24.01
44.2,4.7,3042,37.38,24.01
44.34,3.56,2275,37.44,24.01
44.55,4.58,2983,37.71,24.01
44.35,4.61,2972,37.98,24.01
44.3,3.96,2585,38.12,24.01
44.58,3.75,2407,38.2,24.01
44.23,4.33,2781,38.4,24.01
44.38,4.6,2964,38.65,24.01
44.47,4.53,3009,38.9,24.01
44.34,4.61,2925,39.14,24.01
44.54,3.78,2549,39.23,24.01
44.34,4.35,2868,39.42,24.01
44.63,3.65,2296,39.45,24.01
44.4,4.25,2734,39.6,24.01
44.52,4.42,2790,39.77,24.01
44.53,3.66,2414,39.82,24.01
44.33,3.6,2402,39.85,24.01
44.11,3.73,2436,39.9,24.01
44.47,4.12,2741,40.04,24.01
44.43,4.7,3065,40.29,24.01
44.5,4.18,2767,40.42,24.01
44.38,4.57,2988,40.63,24.01
44.35,3.78,2457,40.67,24.01
44.72,3.56,2353,40.68,24.01
44.2,3.81,2470,40.72,24.01
44.53,3.89,2602,40.79,24.01
44.33,4.11,2658,40.89,24.01
44.36,4.62,3033,41.11,24.01
44.37,4.17,2674,41.2,24.01
44.29,4.28,2706,41.32,24.01
44.5,3.6,2356,41.31,24.01
44.62,3.62,2264,41.28,24.01
44.48,2.81,1937,41.16,24.01
44.43,2.9,1868,41.03,24.01
44.26,2.99,1940,40.92,24.01
44.49,3.78,2439,40.95,24.01
44.74,2.47,1615,40.77,24.01
44.35,3.07,2015,40.69,24.01
44.35,3.93,2510,40.74,24.01
44.33,2.29,1364,40.53,24.01
44.34,4.06,2584,40.61,24.01
44.0,4.05,2610,40.7,24.01
44.47,2.88,1887,40.58,24.01
44.28,3.63,2371,40.6,24.01
44.17,4.07,2684,40.7,24.01
44.52,3.17,1981,40.62,24.01
44.25,2.52,1591,40.44,24.01
44.36,3.91,2518,40.5,24.01
44.63,2.44,1661,40.34,24.01
44.2,2.87,2002,40.25,24.01
44.18,4.02,2546,40.33,24.01
44.45,2.67,1788,40.2,24.01
44.58,3.68,2394,40.23,24.01
44.17,3.2,2110,40.18,24.01
44.47,3.62,2289,40.18,24.01
44.49,2.81,1894,40.08,24.01
44.1,2.99,1836,39.97,24.01
44.52,2.75,1721,39.84,24.01
44.53,2.81,1811,39.73,24.01
44.36,2.9,1857,39.63,24.01
44.59,2.67,1736,39.51,24.01
44.57,4.1,2631,39.63,24.01
44.42,3.16,2034,39.57,24.01
44.33,3.2,2073,39.53,24.01
44.26,3.38,2185,39.52,24.01
44.4,4.25,2767,39.68,24.01
44.49,3.43,2275,39.68,24.01
44.35,3.7,2365,39.72,24.02
44.07,2.81,1894,39.62,24.02
44.59,3.03,1969,39.55,24.02
44.43,2.6,1751,39.43,24.02
44.34,3.3,2125,39.4,24.02
44.53,2.05,1287,39.2,24.02
44.63,1.74,1138,38.97,24.02
43.98,3.24,2235,38.97,24.02
44.46,2.74,1711,38.86,24.02
44.18,1.54,1033,38.62,24.02
44.47,2.01,1313,38.44,24.02
44.42,3.27,2144,38.44,24.02
44.49,1.56,952,38.2,24.02
44.32,1.56,1034,37.98,24.02
44.11,1.9,1250,37.8,24.02
44.33,3.2,2009,37.78,24.02
44.46,3.12,2032,37.77,24.02
44.55,2.55,1647,37.67,24.02
44.22,2.57,1654,37.57,24.02
44.55,2.15,1395,37.42,24.02
44.3,1.85,1256,37.25,24.02
44.45,3.01,1979,37.23,24.02
44.32,1.46,899,37.02,24.02
44.42,2.34,1546,36.91,24.02
44.52,2.7,1755,36.85,24.02
44.21,1.65,1040,36.66,24.02
44.29,2.53,1584,36.57,24.02
44.42,2.73,1816,36.53,24.02
44.75,2.92,1867,36.51,24.02
44.26,2.02,1357,36.38,24.02
44.69,2.16,1353,36.25,24.02
44.69,2.75,1890,36.23,24.02
44.37,3.52,2417,36.34,24.02
44.34,1.94,1290,36.2,24.02
44.28,3.36,2251,36.28,24.02
44.38,2.96,1899,36.27,24.02
44.18,3.11,1997,36.28,24.02
44.37,1.82,1241,36.13,24.02
44.61,2.11,1379,36.01,24.02
44.29,1.6,971,35.83,24.02
44.35,2.38,1554,35.76,24.02
44.13,3.41,2158,35.82,24.02
44.44,1.71,1102,35.67,24.02
44.42,4.74,3133,36.03,24.02
44.39,4.74,3152,36.39,24.02
44.35,3.62,2366,36.5,24.02
44.34,3.95,2636,36.68,24.02
44.46,4.02,2588,36.84,24.02
44.38,4.32,2895,37.1,24.02
44.43,4.66,2991,37.39,24.02
44.41,4.86,3121,37.72,24.03
44.55,4.47,2884,37.96,24.03
44.48,3.91,2503,38.08,24.03
44.41,4.62,3031,38.35,24.03
44.61,3.69,2464,38.44,24.03
44.44,4.93,3200,38.77,24.03
44.57,3.42,2237,38.79,24.03
44.47,4.28,2714,38.96,24.03
44.1,3.54,2308,38.99,24.03
44.57,4.12,2764,39.15,24.03
44.4,4.5,2996,39.39,24.03
44.37,4.44,2832,39.58,24.03
44.42,4.55,2937,39.79,24.03
44.32,4.26,2939,39.99,24.03
44.41,3.84,2515,40.06,24.03
44.29,4.62,3080,40.3,24.03
44.57,4.72,3146,40.57,24.03
44.36,3.79,2406,40.6,24.03
44.32,4.54,2987,40.8,24.03
44.24,4.77,3110,41.05,24.03
44.41,4.62,3090,41.28,24.03
44.4,3.89,2629,41.35,24.03
44.43,4.43,2840,41.5,24.03
44.22,3.89,2699,41.57,24.03
44.13,4.43,2885,41.73,24.03
44.47,4.15,2726,41.82,24.03
44.59,4.65,2893,41.99,24.03
44.22,4.38,2899,42.13,24.03
44.61,3.69,2290,42.1,24.03
44.41,4.32,2803,42.21,24.03
44.37,3.96,2546,42.25,24.03
44.31,3.81,2497,42.26,24.03
44.16,3.98,2597,42.3,24.03
44.52,3.34,2197,42.23,24.03
44.25,4.63,3074,42.43,24.03
44.25,4.14,2638,42.49,24.03
44.52,2.86,1847,42.33,24.03
44.08,3.72,2375,42.31,24.03
44.14,3.62,2306,42.27,24.03
44.36,3.19,2171,42.19,24.03
44.41,2.46,1537,41.97,24.03
44.44,2.73,1734,41.79,24.04
44.32,2.73,1883,41.65,24.04
44.74,3.13,2027,41.55,24.04
44.33,2.77,1800,41.39,24.04
44.33,3.41,2235,41.35,24.04
44.24,2.69,1691,41.18,24.04
44.38,2.24,1411,40.96,24.04
44.46,2.96,1895,40.84,24.04
44.54,3.47,2309,40.83,24.04
44.14,3.75,2469,40.87,24.04
44.33,2.4,1528,40.67,24.04
44.43,2.93,1896,40.56,24.04
44.45,4.23,2791,40.7,24.04
44.36,2.76,1672,40.55,24.04
44.44,3.76,2456,40.59,24.04
44.24,3.09,2045,40.51,24.04
44.59,2.3,1450,40.31,24.04
44.51,3.37,2224,40.29,24.04
44.16,4.16,2704,40.41,24.04
44.2,3.95,2661,40.51,24.04
44.2,3.73,2400,40.54,24.04
44.46,2.97,1963,40.45,24.04
44.16,2.84,1774,40.32,24.04
44.31,2.96,1926,40.22,24.04
44.43,2.98,1979,40.14,24.04
44.35,4.06,2612,40.24,24.04
44.4,2.66,1784,40.11,24.04
44.2,2.97,1979,40.03,24.04
44.44,3.11,2027,39.96,24.04
44.26,3.02,1947,39.88,24.04
44.31,3.05,1826,39.78,24.04
44.39,3.51,2247,39.78,24.04
44.37,2.73,1831,39.67,24.04
44.36,2.87,1851,39.57,24.04
44.24,1.64,1090,39.33,24.04
44.31,2.91,1866,39.24,24.04
44.35,2.16,1332,39.05,24.05
44.15,3.28,2168,39.04,24.05
44.28,2.27,1417,38.87,24.05
44.41,2.91,1878,38.8,24.05
44.16,1.98,1307,38.61,24.05
44.52,2.17,1377,38.43,24.05
44.54,2.26,1549,38.29,24.05
44.16,2.1,1465,38.14,24.05
44.55,2.1,1326,37.97,24.05
44.33,1.75,1101,37.76,24.05
44.41,3.24,2085,37.77,24.05
44.27,1.73,1182,37.58,24.05
44.49,3.25,2139,37.59,24.05
44.41,1.76,1184,37.41,24.05
44.23,1.78,1222,37.23,24.05
44.17,2.68,1696,37.16,24.05
44.13,2.48,1638,37.06,24.05
44.37,2.49,1618,36.97,24.05
44.43,2.75,1811,36.92,24.05
44.44,2.19,1479,36.8,24.05
44.33,2.74,1775,36.75,24.05
44.17,2.54,1617,36.67,24.05
44.24,2.17,1357,36.54,24.05
44.52,3.15,2133,36.57,24.05
44.27,3.09,2005,36.58,24.05
44.36,2.26,1403,36.46,24.05
44.18,3.14,2109,36.49,24.05
44.39,3.26,2033,36.51,24.05
44.27,2.56,1584,36.43,24.05
44.5,1.86,1191,36.28,24.05
44.46,3.25,2082,36.31,24.05
44.27,1.79,1179,36.16,24.06
44.32,1.51,888,35.96,24.06
44.26,2.08,1368,35.85,24.06
44.13,2.99,2010,35.87,24.06
44.21,3.15,1999,35.89,24.06
44.37,4.73,3055,36.23,24.06
44.39,3.61,2308,36.33,24.06
44.36,3.89,2546,36.49,24.06
44.29,3.83,2435,36.62,24.06
44.48,4.29,2728,36.84,24.06
44.35,4.46,2892,37.1,24.06
44.44,4.3,2809,37.32,24.06
44.07,3.58,2333,37.4,24.06
43.75,4.41,2844,37.63,24.06
44.38,4.4,2894,37.88,24.06
44.12,4.42,2887,38.11,24.06
44.3,3.86,2453,38.21,24.06
44.29,4.39,2718,38.4,24.06
44.57,4.02,2638,38.54,24.06
44.39,3.77,2435,38.62,24.06
44.36,3.8,2417,38.7,24.06
44.46,4.04,2709,38.85,24.06
44.39,3.72,2496,38.93,24.06
44.26,4.46,2964,39.16,24.06
44.49,4.88,3180,39.48,24.06
44.16,4.11,2514,39.57,24.06
44.38,3.93,2615,39.68,24.06
44.1,4.46,2853,39.87,24.06
44.36,4.4,2834,40.05,24.06
44.36,3.9,2580,40.13,24.07
44.58,4.27,2874,40.3,24.07
44.09,4.4,2940,40.5,24.07
44.24,3.68,2403,40.52,24.07
44.45,3.87,2555,40.59,24.07
44.38,3.79,2410,40.62,24.07
44.35,4.75,3005,40.85,24.07
44.18,3.57,2375,40.85,24.07
44.24,3.57,2335,40.85,24.07
44.51,4.08,2578,40.93,24.07
44.32,4.72,3066,41.16,24.07
44.38,4.02,2645,41.25,24.07
44.31,4.58,3023,41.45,24.07
44.15,4.26,2799,41.58,24.07
44.46,4.21,2717,41.68,24.07
44.4,4.71,3020,41.88,24.07
44.67,3.6,2347,41.86,24.07
44.17,4.68,3083,42.07,24.07
44.45,3.76,2489,42.09,24.07
44.13,3.32,2240,42.03,24.07
44.35,2.99,1946,41.9,24.07
44.47,3.46,2192,41.84,24.07
44.01,4.22,2799,41.95,24.07
44.29,2.71,1768,41.79,24.07
44.24,3.26,2056,41.7,24.07
44.22,3.81,2506,41.72,24.07
44.38,2.48,1679,41.54,24.07
44.49,2.58,1697,41.36,24.08
44.3,3.38,2269,41.33,24.08
44.35,3.29,2114,41.26,24.08
44.34,2.32,1473,41.05,24.08
44.32,3.16,2094,40.97,24.08
44.15,3.32,2139,40.92,24.08
44.48,3.04,2039,40.83,24.08
44.36,3.71,2423,40.86,24.08
44.38,3.99,2658,40.95,24.08
44.2,3.05,2012,40.86,24.08
44.25,3.1,1969,40.77,24.08
44.29,3.57,2221,40.75,24.08
44.09,3.22,2130,40.69,24.08
44.06,3.84,2527,40.75,24.08
44.22,3.32,2108,40.69,24.08
44.39,3.17,2098,40.63,24.08
44.22,2.51,1700,40.47,24.08
44.16,3.79,2428,40.51,24.08
44.19,3.22,1998,40.43,24.08
44.24,3.61,2396,40.46,24.08
44.26,3.02,2028,40.38,24.08
44.64,2.36,1497,40.19,24.08
44.47,3.09,2046,40.13,24.08
44.46,2.55,1674,39.98,24.08
44.49,3.08,1995,39.91,24.08
44.16,2.73,1806,39.79,24.09
44.13,2.68,1716,39.66,24.09
44.14,3.45,2188,39.65,24.09
44.51,2.27,1497,39.48,24.09
44.23,2.25,1477,39.31,24.09
44.12,2.66,1604,39.17,24.09
44.24,3.48,2205,39.18,24.09
44.27,3.43,2198,39.18,24.09
44.35,2.79,1840,39.09,24.09
44.34,2.99,1870,39.01,24.09
44.18,2.63,1693,38.9,24.09
44.41,3.07,2093,38.87,24.09
44.21,2.98,1941,38.81,24.09
44.28,2.51,1639,38.68,24.09
44.41,2.69,1744,38.58,24.09
44.21,2.66,1775,38.49,24.09
44.22,2.62,1708,38.39,24.09
44.39,3.25,2099,38.38,24.09
44.18,2.19,1433,38.22,24.09
44.25,1.95,1334,38.05,24.09
44.39,2.5,1647,37.94,24.09
44.61,1.83,1190,37.75,24.09
44.39,2.46,1659,37.65,24.09
44.37,3.45,2219,37.69,24.09
44.38,2.7,1594,37.59,24.1
44.14,3.25,2133,37.61,24.1
44.32,1.71,1133,37.41,24.1
44.3,3.13,2004,37.41,24.1
44.35,2.6,1676,37.32,24.1
44.32,1.49,1034,37.12,24.1
44.36,2.87,1888,37.08,24.1
44.25,3.52,2360,37.17,24.1
44.31,1.47,966,36.96,24.1
44.11,2.61,1689,36.89,24.1
44.25,3.4,2246,36.95,24.1
44.51,1.51,999,36.75,24.1
44.34,2.91,1915,36.73,24.1
44.29,2.52,1625,36.65,24.1
44.58,2.17,1380,36.53,24.1
44.09,2.74,1752,36.48,24.1
44.13,1.6,1066,36.3,24.1
44.55,2.92,1931,36.3,24.1
44.3,1.6,910,36.11,24.1
44.26,2.19,1386,35.99,24.1
44.11,3.67,2307,36.1,24.1
44.36,3.94,2539,36.27,24.1
44.37,4.22,2716,36.49,24.1
44.13,4.47,2916,36.76,24.11
44.27,4.66,3037,37.08,24.11
44.24,4.4,2969,37.35,24.11
44.33,3.88,2542,37.49,24.11
44.12,3.89,2563,37.63,24.11
44.48,4.44,2816,37.85,24.11
44.43,4.42,2856,38.08,24.11
44.24,4.5,2873,38.31,24.11
44.26,4.87,3197,38.65,24.11
44.27,4.0,2602,38.78,24.11
44.17,4.17,2695,38.93,24.11
44.22,4.22,2791,39.11,24.11
44.25,3.56,2301,39.14,24.11
44.53,3.5,2341,39.18,24.11
44.43,4.69,3115,39.46,24.11
44.43,4.12,2645,39.58,24.11
44.34,4.43,2937,39.8,24.11
44.12,4.37,2846,39.98,24.11
44.28,4.48,2893,40.17,24.11
44.43,3.64,2388,40.2,24.11
44.1,4.24,2678,40.33,24.11
44.38,4.27,2749,40.47,24.12
44.63,4.6,3011,40.69,24.12
44.44,4.27,2760,40.82,24.12
44.5,4.73,3127,41.07,24.12
44.32,4.03,2600,41.15,24.12
44.43,4.67,3045,41.37,24.12
44.18,4.6,2987,41.57,24.12
44.4,4.26,2691,41.67,24.12
44.38,3.9,2552,41.71,24.12
44.33,4.11,2690,41.8,24.12
44.48,4.43,2782,41.92,24.12
44.2,4.2,2605,41.99,24.12
44.25,4.16,2680,42.07,24.12
44.29,4.44,2950,42.24,24.12
44.13,4.61,3134,42.45,24.12
44.31,3.34,2079,42.35,24.12
44.02,3.64,2445,42.35,24.12
44.44,3.63,2419,42.33,24.12
44.29,2.17,1379,42.08,24.12
44.2,3.0,2045,41.97,24.12
44.15,3.9,2557,42.01,24.12
44.24,2.68,1728,41.83,24.13
44.38,3.92,2461,41.86,24.13
44.36,3.18,2075,41.76,24.13
44.17,3.73,2425,41.77,24.13
44.15,2.61,1810,41.61,24.13
44.37,2.7,1705,41.44,24.13
44.17,2.58,1630,41.26,24.13
44.28,3.13,2010,41.17,24.13
44.29,2.78,1937,41.05,24.13
44.32,3.8,2410,41.07,24.13
44.4,2.7,1819,40.93,24.13
44.08,3.68,2317,40.93,24.13
43.99,4.11,2692,41.04,24.13
44.19,3.56,2317,41.03,24.13
44.54,2.46,1565,40.84,24.13
44.57,4.01,2640,40.93,24.13
44.55,2.18,1375,40.71,24.13
44.24,2.84,1765,40.57,24.13
44.0,3.0,1932,40.48,24.13
43.92,2.64,1668,40.32,24.14
44.18,3.45,2258,40.31,24.14
44.24,3.27,2113,40.27,24.14
44.46,2.95,1995,40.19,24.14
44.4,2.75,1773,40.06,24.14
44.3,2.92,1912,39.97,24.14
44.13,2.73,1719,39.84,24.14
44.12,2.57,1651,39.7,24.14
44.31,2.75,1744,39.58,24.14
44.37,3.45,2302,39.6,24.14
44.32,3.5,2236,39.6,24.14
44.11,2.82,1800,39.5,24.14
44.36,4.16,2722,39.64,24.14
44.33,2.7,1719,39.52,24.14
44.1,1.45,1016,39.27,24.14
44.15,2.22,1544,39.11,24.14
44.37,2.82,1789,39.01,24.14
44.23,3.08,2047,38.97,24.14
44.5,2.57,1626,38.84,24.14
44.34,2.55,1640,38.72,24.15
44.19,2.61,1728,38.62,24.15
44.26,1.71,1122,38.4,24.15
44.27,2.29,1496,38.26,24.15
44.15,1.59,1086,38.04,24.15
44.12,2.42,1625,37.93,24.15
44.37,2.37,1546,37.81,24.15
44.39,2.71,1729,37.73,24.15
44.35,2.81,1827,37.67,24.15
44.49,2.43,1528,37.55,24.15
44.18,1.54,1037,37.34,24.15
44.51,1.85,1190,37.17,24.15
44.12,3.04,1923,37.15,24.15
44.11,1.8,1239,36.98,24.15
43.99,1.69,1099,36.8,24.15
44.19,2.88,1832,36.77,24.15
44.18,3.09,2069,36.79,24.15
44.34,2.21,1498,36.67,24.15
44.29,2.34,1427,36.56,24.15
44.08,3.42,2281,36.64,24.16
44.2,3.54,2307,36.73,24.16
44.2,2.17,1456,36.61,24.16
43.99,3.16,2050,36.63,24.16
44.11,2.63,1731,36.57,24.16
44.14,3.36,2169,36.63,24.16
44.47,2.3,1543,36.53,24.16
44.28,3.13,1998,36.54,24.16
44.35,3.01,2011,36.55,24.16
44.03,2.36,1543,36.45,24.16
44.43,3.19,2111,36.49,24.16
44.45,1.96,1226,36.34,24.16
43.95,1.66,1099,36.18,24.16
44.15,2.3,1522,36.09,24.16
44.32,3.37,2282,36.17,24.16
44.35,2.55,1691,36.12,24.16
44.15,2.68,1715,36.07,24.16
44.2,2.85,1821,36.05,24.16
44.16,4.84,3181,36.43,24.17
44.27,3.81,2450,36.56,24.17
44.43,4.67,3013,36.88,24.17
44.13,3.62,2311,36.96,24.17
44.4,4.74,3091,37.29,24.17
44.13,4.62,3015,37.59,24.17
44.12,3.91,2523,37.72,24.17
44.37,3.91,2629,37.87,24.17
44.38,4.27,2802,38.08,24.17
44.37,4.32,2899,38.3,24.17
44.05,4.72,3076,38.6,24.17
44.17,4.63,2972,38.86,24.17
44.37,4.12,2628,38.99,24.17
44.25,4.77,3098,39.28,24.17
44.08,4.4,2896,39.49,24.17
44.31,4.56,2950,39.71,24.17
44.14,4.58,3020,39.95,24.17
44.51,4.71,3134,40.23,24.18
44.47,3.56,2276,40.23,24.18
44.33,4.28,2725,40.37,24.18
44.45,4.18,2762,40.51,24.18
44.25,4.13,2696,40.62,24.18
44.36,4.09,2672,40.73,24.18
44.46,4.62,3035,40.95,24.18
44.28,3.87,2442,40.99,24.18
44.2,4.07,2665,41.09,24.18
43.98,3.67,2395,41.1,24.18
44.23,3.82,2508,41.15,24.18
44.36,4.4,2814,41.29,24.18
44.38,3.63,2360,41.29,24.18
44.31,3.67,2359,41.3,24.18
44.16,4.18,2767,41.41,24.18
43.94,3.6,2333,41.4,24.18
44.16,3.68,2361,41.4,24.18
44.19,4.85,3100,41.65,24.19
44.19,4.53,2991,41.83,24.19
44.33,3.94,2608,41.89,24.19
44.53,4.03,2716,41.98,24.19
44.25,4.65,3005,42.17,24.19
44.2,3.73,2372,42.16,24.19
44.2,4.25,2759,42.26,24.19
44.25,4.33,2781,42.37,24.19
44.11,2.64,1686,42.18,24.19
44.25,2.54,1672,41.99,24.19
44.3,2.12,1432,41.75,24.19
44.26,3.21,2109,41.67,24.19
44.3,2.9,1892,41.54,24.19
44.3,3.66,2419,41.55,24.19
43.97,4.08,2640,41.62,24.19
44.33,2.65,1793,41.47,24.19
44.13,2.59,1833,41.32,24.2
44.07,2.99,1913,41.2,24.2
44.06,3.0,2012,41.11,24.2
44.29,3.61,2408,41.12,24.2
44.2,2.87,1889,41.0,24.2
43.98,2.25,1528,40.8,24.2
44.3,3.57,2336,40.8,24.2
44.01,3.83,2525,40.86,24.2
44.25,2.61,1698,40.7,24.2
44.26,2.41,1571,40.52,24.2
44.36,3.29,2172,40.49,24.2
44.49,2.71,1781,40.36,24.2
44.02,3.01,1907,40.26,24.2
44.22,3.75,2463,40.31,24.2
44.18,2.66,1717,40.17,24.2
44.29,3.82,2458,40.23,24.2
44.26,3.44,2287,40.23,24.21
44.17,2.67,1687,40.09,24.21
44.16,3.15,2033,40.03,24.21
44.06,3.49,2215,40.02,24.21
44.37,2.61,1679,39.88,24.21
44.29,2.27,1597,39.72,24.21
44.36,3.36,2146,39.7,24.21
44.18,3.54,2290,39.72,24.21
44.12,3.07,2065,39.67,24.21
44.06,2.44,1605,39.52,24.21
44.27,4.03,2615,39.63,24.21
44.06,3.65,2338,39.67,24.21
44.5,1.69,1131,39.43,24.21
44.02,2.1,1349,39.24,24.21
44.26,1.73,1231,39.02,24.21
44.45,2.57,1655,38.9,24.21
44.31,1.62,1139,38.68,24.22
44.24,2.11,1415,38.51,24.22
44.07,2.57,1712,38.41,24.22
44.01,2.23,1440,38.26,24.22
44.33,2.72,1747,38.17,24.22
44.44,2.8,1809,38.1,24.22
44.15,1.65,1122,37.9,24.22
44.04,1.48,990,37.68,24.22
43.85,1.66,987,37.47,24.22
44.07,2.26,1406,37.34,24.22
44.2,1.54,993,37.13,24.22
44.45,2.95,1944,37.12,24.22
44.31,1.87,1206,36.95,24.22
44.26,3.31,2125,36.99,24.22
44.15,2.43,1532,36.89,24.22
44.13,2.38,1591,36.79,24.23
44.42,3.09,2016,36.8,24.23
44.24,3.11,2107,36.83,24.23
43.9,2.62,1638,36.75,24.23
44.11,3.38,2233,36.82,24.23
44.08,2.42,1602,36.73,24.23
44.13,3.05,2022,36.74,24.23
44.29,2.03,1364,36.61,24.23
44.19,2.99,1915,36.6,24.23
44.2,1.8,1159,36.44,24.23
44.41,2.23,1459,36.33,24.23
44.1,2.92,1846,36.31,24.23
44.49,2.0,1352,36.19,24.23
44.11,2.06,1213,36.05,24.23
44.22,2.05,1276,35.92,24.23
44.16,3.09,1923,35.94,24.24
44.23,3.31,2208,36.01,24.24
44.27,2.84,1858,36.0,24.24
44.27,3.27,2097,36.05,24.24
44.09,2.65,1730,36.01,24.24
44.04,1.77,1165,35.86,24.24
44.58,1.84,1134,35.71,24.24
44.13,2.57,1680,35.67,24.24
44.31,3.52,2359,35.79,24.24
43.96,4.4,2940,36.08,24.24
44.16,3.7,2446,36.22,24.24
44.18,4.01,2621,36.41,24.24
44.27,4.69,3096,36.75,24.24
43.79,3.37,2226,36.81,24.24
44.23,4.63,2956,37.11,24.24
44.03,3.51,2234,37.17,24.25
44.25,4.74,3110,37.5,24.25
44.05,4.3,2759,37.71,24.25
44.07,3.57,2269,37.77,24.25
44.16,4.36,2898,38.01,24.25
44.04,4.73,3077,38.31,24.25
44.13,4.03,2619,38.46,24.25
44.02,4.35,2766,38.65,24.25
43.92,4.71,3042,38.93,24.25
44.35,3.84,2476,39.02,24.25
44.0,4.55,2912,39.25,24.25
44.17,3.95,2508,39.34,24.25
44.31,4.09,2746,39.5,24.25
44.1,3.57,2394,39.54,24.25
44.07,3.9,2533,39.63,24.26
44.23,3.46,2180,39.63,24.26
44.36,3.99,2509,39.72,24.26
44.02,4.01,2586,39.82,24.26
44.17,4.36,2721,39.98,24.26
43.93,4.39,2830,40.15,24.26
44.13,4.31,2702,40.29,24.26
44.2,3.83,2482,40.35,24.26
44.06,4.62,3011,40.58,24.26
44.12,3.88,2512,40.64,24.26
43.98,4.08,2760,40.77,24.26
44.2,4.27,2763,40.91,24.26
44.35,4.66,3114,41.15,24.26
44.03,3.43,2246,41.12,24.26
44.1,3.98,2690,41.22,24.27
44.27,4.52,2853,41.38,24.27
44.37,4.16,2647,41.47,24.27
43.97,4.0,2587,41.54,24.27
44.16,4.62,3085,41.76,24.27
44.23,3.53,2283,41.73,24.27
44.17,4.3,2759,41.85,24.27
43.82,3.25,2143,41.78,24.27
44.26,2.73,1821,41.63,24.27
44.42,3.72,2382,41.63,24.27
44.2,3.08,1968,41.52,24.27
44.03,3.13,2116,41.45,24.27
44.11,2.42,1635,41.26,24.27
44.45,3.0,2024,41.17,24.27
44.32,2.52,1688,41.0,24.28
44.28,2.91,1851,40.88,24.28
44.24,2.65,1724,40.73,24.28
44.09,2.25,1410,40.53,24.28
44.15,3.05,2032,40.45,24.28
44.17,3.27,2095,40.41,24.28
44.27,3.27,2039,40.35,24.28
44.41,3.2,2087,40.3,24.28
44.35,3.93,2614,40.39,24.28
43.97,2.36,1465,40.2,24.28
44.22,3.5,2269,40.2,24.28
44.29,3.88,2495,40.27,24.28
44.27,2.21,1485,40.08,24.28
44.09,3.16,1952,40.01,24.28
44.62,3.38,2253,40.01,24.29
43.99,2.62,1665,39.87,24.29
44.02,2.75,1779,39.75,24.29
44.21,3.77,2492,39.83,24.29
44.5,3.27,2197,39.81,24.29
44.05,2.77,1805,39.7,24.29
44.14,3.78,2422,39.76,24.29
44.34,3.63,2332,39.79,24.29
44.17,2.95,1974,39.72,24.29
44.13,3.24,2060,39.68,24.29
44.26,3.68,2410,39.73,24.29
44.22,2.84,1845,39.63,24.29
44.33,3.43,2265,39.64,24.29
44.37,2.47,1608,39.5,24.3
44.22,2.69,1727,39.38,24.3
44.22,1.84,1170,39.16,24.3
44.21,2.06,1314,38.97,24.3
44.25,2.29,1418,38.81,24.3
44.18,2.76,1817,38.72,24.3
44.17,2.54,1663,38.61,24.3
44.35,2.1,1293,38.43,24.3
44.4,2.13,1363,38.27,24.3
43.95,2.22,1428,38.12,24.3
44.17,3.38,2169,38.14,24.3
44.07,1.88,1216,37.95,24.3
44.12,3.16,2047,37.95,24.3
44.23,2.8,1863,37.89,24.31
44.27,1.59,1036,37.68,24.31
44.15,3.45,2270,37.74,24.31
43.88,3.01,1886,37.7,24.31
44.02,2.87,1816,37.65,24.31
44.3,2.26,1403,37.51,24.31
43.76,2.74,1759,37.45,24.31
44.35,1.85,1203,37.28,24.31
44.25,1.7,1188,37.1,24.31
44.36,3.14,1998,37.1,24.31
44.14,3.39,2243,37.16,24.31
43.86,1.85,1158,36.99,24.31
44.23,3.16,2055,37.01,24.31
44.36,2.97,1923,36.99,24.32
44.3,1.88,1176,36.83,24.32
44.07,2.45,1552,36.74,24.32
44.18,2.36,1611,36.65,24.32
44.08,3.15,2023,36.67,24.32
44.04,3.21,2137,36.71,24.32
44.31,1.62,1085,36.54,24.32
43.98,2.59,1653,36.47,24.32
44.03,3.11,2023,36.49,24.32
44.0,2.95,1922,36.49,24.32
43.94,1.88,1243,36.34,24.32
44.18,2.51,1614,36.27,24.32
44.34,3.09,1931,36.28,24.32
44.13,2.16,1368,36.17,24.33
43.93,2.28,1540,36.08,24.33
44.29,3.05,1982,36.1,24.33
44.41,1.62,1029,35.93,24.33
44.06,3.23,2026,35.97,24.33
44.09,3.99,2655,36.18,24.33
44.24,4.34,2810,36.43,24.33
44.4,4.46,2951,36.72,24.33
44.08,4.53,2979,37.02,24.33
43.96,4.55,2997,37.31,24.33
44.25,4.67,3121,37.64,24.33
44.28,4.35,2832,37.87,24.33
44.16,4.01,2599,38.02,24.33
44.07,3.65,2448,38.11,24.34
44.3,4.53,2988,38.38,24.34
44.23,3.76,2410,38.47,24.34
44.04,4.75,3141,38.78,24.34
44.16,4.6,3069,39.06,24.34
43.95,4.3,2683,39.22,24.34
44.26,4.72,3007,39.48,24.34
44.11,4.17,2673,39.62,24.34
44.09,3.43,2264,39.63,24.34
44.15,4.36,2876,39.83,24.34
44.16,3.97,2605,39.93,24.34
44.29,3.94,2607,40.03,24.34
44.24,4.2,2677,40.17,24.35
44.13,4.38,2784,40.33,24.35
44.27,4.14,2751,40.47,24.35
44.21,4.13,2693,40.59,24.35
44.09,4.02,2673,40.7,24.35
44.13,4.22,2709,40.82,24.35
44.13,3.88,2467,40.87,24.35
44.22,3.79,2401,40.9,24.35
44.09,4.51,2972,41.1,24.35
44.09,4.07,2703,41.21,24.35
44.44,3.41,2240,41.18,24.35
44.29,4.06,2615,41.26,24.35
44.03,4.31,2833,41.41,24.36
44.23,4.42,2902,41.58,24.36
44.16,4.72,2969,41.78,24.36
44.2,4.6,2972,41.97,24.36
44.17,4.01,2620,42.03,24.36
44.32,3.92,2603,42.09,24.36
44.2,3.51,2275,42.05,24.36
44.13,4.13,2694,42.14,24.36
44.3,4.06,2632,42.2,24.36
44.18,4.48,2927,42.36,24.36
44.16,3.05,1913,42.23,24.36
44.19,2.5,1597,42.03,24.36
44.13,3.93,2442,42.05,24.37
44.14,2.51,1607,41.85,24.37
44.05,3.27,2152,41.79,24.37
44.03,3.55,2268,41.76,24.37
43.99,4.16,2694,41.85,24.37
43.93,2.42,1593,41.65,24.37
44.01,2.99,2082,41.57,24.37
44.11,3.44,2229,41.53,24.37
44.15,3.79,2500,41.56,24.37
44.1,4.05,2625,41.64,24.37
43.79,2.16,1423,41.42,24.37
44.37,3.41,2214,41.38,24.37
44.3,2.18,1393,41.15,24.38
44.2,3.9,2522,41.21,24.38
44.42,2.34,1584,41.02,24.38
43.99,3.94,2575,41.09,24.38
44.42,2.48,1551,40.91,24.38
43.99,3.71,2388,40.93,24.38
44.17,2.81,1781,40.8,24.38
43.94,3.18,2113,40.74,24.38
44.14,3.52,2250,40.73,24.38
44.19,2.7,1800,40.6,24.38
44.11,2.86,1911,40.5,24.38
44.24,2.39,1563,40.33,24.38
44.15,2.14,1416,40.13,24.39
44.05,2.65,1695,40.0,24.39
44.05,3.24,2147,39.97,24.39
44.25,3.69,2339,40.0,24.39
44.03,3.78,2433,40.06,24.39
44.27,2.38,1529,39.89,24.39
44.31,2.7,1805,39.78,24.39
43.88,3.77,2535,39.86,24.39
44.3,3.14,2016,39.81,24.39
44.44,2.59,1679,39.67,24.39
44.17,2.22,1382,39.49,24.39
44.22,2.2,1424,39.31,24.39
44.28,3.03,2026,39.27,24.4
44.09,2.78,1718,39.16,24.4
44.16,2.96,1926,39.1,24.4
43.93,1.58,1061,38.87,24.4
44.15,2.05,1336,38.69,24.4
44.2,2.17,1402,38.53,24.4
44.2,2.23,1490,38.38,24.4
44.29,2.44,1543,38.26,24.4
44.01,2.2,1389,38.1,24.4
44.05,2.52,1545,37.99,24.4
44.41,2.25,1478,37.85,24.4
44.1,3.01,1966,37.83,24.41
44.15,2.54,1622,37.73,24.41
44.11,2.75,1746,37.66,24.41
44.0,1.8,1165,37.48,24.41
44.37,2.06,1344,37.34,24.41
44.04,1.59,976,37.14,24.41
43.95,1.79,1068,36.96,24.41
44.05,2.11,1285,36.82,24.41
43.82,1.66,1003,36.63,24.41
44.02,2.76,1732,36.59,24.41
43.98,3.34,2165,36.64,24.41
44.21,1.57,1026,36.47,24.42
44.02,3.12,2021,36.49,24.42
44.25,1.8,1186,36.34,24.42
44.33,2.8,1837,36.32,24.42
44.24,2.65,1739,36.27,24.42
44.09,3.24,2108,36.32,24.42
44.14,1.63,1010,36.15,24.42
43.89,1.96,1206,36.01,24.42
44.1,1.9,1209,35.88,24.42
43.99,2.44,1642,35.82,24.42
44.22,3.13,2149,35.88,24.42
44.5,2.87,1894,35.89,24.42
44.19,2.87,1880,35.89,24.43
43.82,2.42,1624,35.83,24.43
44.06,3.51,2354,35.95,24.43
44.13,2.32,1461,35.86,24.43
44.13,1.84,1338,35.74,24.43
44.0,3.12,2110,35.8,24.43
44.15,4.05,2566,35.99,24.43
43.93,4.49,2871,36.28,24.43
43.97,3.68,2531,36.43,24.43
44.21,4.63,3058,36.76,24.43
43.96,4.51,2902,37.04,24.43
44.19,4.81,3130,37.39,24.44
43.91,3.49,2305,37.46,24.44
44.38,4.77,3147,37.8,24.44
43.99,4.57,3039,38.09,24.44
44.08,3.84,2505,38.21,24.44
44.16,3.93,2570,38.34,24.44
44.02,4.35,2809,38.55,24.44
44.13,4.02,2565,38.68,24.44
44.2,4.13,2636,38.83,24.44
44.25,4.62,2995,39.1,24.44
44.23,3.65,2388,39.16,24.44
44.08,4.23,2676,39.31,24.45
44.09,4.37,2940,39.53,24.45
44.46,4.21,2699,39.68,24.45
44.25,3.84,2455,39.76,24.45
43.97,4.24,2757,39.92,24.45
44.12,4.38,2729,40.08,24.45
44.06,4.12,2697,40.21,24.45
44.09,4.35,2781,40.37,24.45
43.92,3.82,2389,40.42,24.45
44.04,4.44,2892,40.61,24.45
44.38,3.99,2602,40.7,24.46
44.19,4.71,3160,40.97,24.46
43.73,3.34,2183,40.93,24.46
44.29,4.01,2613,41.02,24.46
44.27,3.76,2445,41.05,24.46
44.05,4.17,2580,41.14,24.46
44.21,3.68,2395,41.16,24.46
43.97,4.5,2922,41.35,24.46
44.03,4.7,3048,41.57,24.46
44.33,3.78,2418,41.59,24.46
44.06,3.71,2442,41.61,24.46
43.82,4.7,3004,41.82,24.47
44.09,3.96,2609,41.89,24.47
44.09,3.97,2602,41.95,24.47
44.28,3.78,2527,41.99,24.47
44.1,4.01,2586,42.05,24.47
44.03,3.53,2360,42.03,24.47
44.25,2.81,1837,41.88,24.47
44.12,2.15,1394,41.65,24.47
43.98,3.55,2264,41.63,24.47
44.27,3.48,2283,41.6,24.47
44.13,2.16,1380,41.37,24.47
44.1,3.74,2432,41.4,24.48
44.12,4.12,2719,41.51,24.48
43.93,2.57,1671,41.34,24.48
44.02,3.08,2016,41.25,24.48
44.09,3.57,2396,41.26,24.48
44.06,2.45,1623,41.08,24.48
44.28,3.71,2375,41.1,24.48
44.13,3.81,2457,41.14,24.48
44.22,3.88,2532,41.2,24.48
44.09,2.73,1883,41.08,24.48
44.25,3.69,2330,41.09,24.49
44.15,3.06,2002,41.0,24.49
44.09,2.94,1981,40.91,24.49
44.09,2.52,1666,40.75,24.49
43.95,4.11,2662,40.86,24.49
44.17,2.84,1762,40.73,24.49
44.08,3.98,2661,40.83,24.49
44.01,2.46,1577,40.66,24.49
44.26,3.71,2362,40.69,24.49
43.9,2.48,1624,40.52,24.49
44.03,2.21,1508,40.34,24.49
44.24,4.03,2639,40.45,24.5
44.14,2.5,1607,40.29,24.5
44.08,2.98,1948,40.21,24.5
44.12,3.87,2523,40.29,24.5
44.11,3.85,2480,40.35,24.5
43.86,3.16,2055,40.3,24.5
44.03,3.46,2211,40.29,24.5
44.33,3.47,2208,40.28,24.5
43.99,2.53,1675,40.14,24.5
44.04,2.01,1287,39.93,24.5
44.0,1.48,960,39.67,24.51
44.07,2.65,1682,39.54,24.51
44.0,3.47,2228,39.55,24.51
44.16,2.54,1627,39.42,24.51
44.11,1.89,1202,39.21,24.51
44.2,1.71,1090,38.99,24.51
43.92,2.11,1382,38.81,24.51
44.03,2.2,1502,38.67,24.51
44.05,2.46,1637,38.55,24.51
44.15,2.97,1917,38.51,24.51
43.96,2.07,1314,38.33,24.52
44.22,1.51,892,38.1,24.52
44.26,2.16,1368,37.95,24.52
43.93,3.16,1997,37.94,24.52
44.01,2.6,1693,37.86,24.52
44.0,3.38,2280,37.91,24.52
44.47,2.6,1672,37.82,24.52
44.01,1.9,1162,37.65,24.52
44.33,1.92,1235,37.48,24.52
43.89,2.81,1807,37.43,24.52
43.93,2.62,1769,37.37,24.52
43.97,2.68,1649,37.3,24.53
43.95,3.09,1959,37.29,24.53
44.04,2.91,1928,37.27,24.53
43.97,1.58,951,37.07,24.53
43.95,3.19,2100,37.1,24.53
44.25,2.56,1628,37.02,24.53
44.26,2.29,1539,36.92,24.53
44.22,2.65,1721,36.87,24.53
44.15,2.72,1758,36.82,24.53
44.09,1.64,1096,36.65,24.53
44.0,2.28,1481,36.55,24.54
43.93,1.98,1224,36.41,24.54
44.13,2.18,1388,36.3,24.54
43.9,1.73,1043,36.14,24.54
43.92,1.83,1148,36.0,24.54
44.24,1.96,1169,35.86,24.54
44.36,2.37,1660,35.81,24.54
44.13,3.31,2153,35.88,24.54
44.24,1.67,1114,35.74,24.54
44.03,2.4,1518,35.67,24.54
43.87,3.45,2271,35.77,24.55
44.16,4.22,2779,36.03,24.55
44.15,4.08,2701,36.25,24.55
44.08,4.12,2673,36.46,24.55
44.03,3.82,2535,36.63,24.55
44.21,4.97,3200,37.01,24.55
43.92,3.56,2331,37.11,24.55
43.95,4.53,2948,37.39,24.55
43.91,4.57,2909,37.66,24.55
44.08,3.68,2301,37.74,24.56
43.9,4.25,2746,37.95,24.56
43.96,4.94,3196,38.31,24.56
43.96,4.4,2846,38.53,24.56
44.02,3.54,2352,38.59,24.56
43.84,4.05,2701,38.76,24.56
44.08,4.24,2791,38.95,24.56
44.25,4.74,3112,39.25,24.56
44.08,4.7,3049,39.52,24.56
44.29,3.58,2335,39.56,24.56
44.26,3.79,2485,39.65,24.57
44.18,3.77,2458,39.72,24.57
44.07,4.82,3161,40.02,24.57
44.06,4.3,2795,40.19,24.57
44.17,4.5,2897,40.39,24.57
44.0,4.14,2702,40.52,24.57
43.78,4.58,2963,40.74,24.57
44.13,3.94,2631,40.83,24.57
43.89,4.85,3132,41.1,24.57
43.91,4.13,2826,41.25,24.57
44.06,4.58,3060,41.47,24.58
44.04,3.87,2457,41.51,24.58
43.85,4.54,3012,41.71,24.58
44.08,4.08,2646,41.8,24.58
44.2,3.49,2295,41.78,24.58
43.89,4.08,2730,41.88,24.58
44.25,4.26,2729,41.99,24.58
43.82,3.68,2366,41.99,24.58
44.37,3.84,2535,42.03,24.58
43.99,4.11,2655,42.11,24.58
44.08,4.02,2499,42.15,24.59
43.77,4.12,2729,42.25,24.59
44.04,4.03,2636,42.32,24.59
44.09,4.07,2643,42.39,24.59
44.04,4.07,2652,42.46,24.59
43.97,3.2,2195,42.39,24.59
43.91,3.44,2289,42.35,24.59
44.22,3.53,2252,42.31,24.59
44.06,2.99,1946,42.19,24.59
44.28,3.61,2407,42.18,24.6
43.97,3.19,2133,42.11,24.6
43.98,2.23,1374,41.87,24.6
44.17,4.01,2582,41.94,24.6
43.81,4.14,2633,42.02,24.6
43.87,2.2,1459,41.79,24.6
44.21,3.74,2384,41.8,24.6
43.87,2.98,2015,41.7,24.6
43.78,3.4,2278,41.67,24.6
44.33,3.32,2149,41.62,24.6
43.84,3.36,2118,41.56,24.61
44.07,3.09,1970,41.46,24.61
44.06,3.83,2511,41.51,24.61
43.62,3.6,2381,41.52,24.61
44.01,3.04,1974,41.42,24.61
44.11,3.49,2142,41.38,24.61
44.1,4.24,2787,41.51,24.61
44.18,2.14,1287,41.27,24.61
43.99,3.01,1850,41.16,24.61
44.15,3.79,2511,41.21,24.62
43.94,3.77,2389,41.24,24.62
43.83,4.04,2641,41.33,24.62
43.85,2.35,1535,41.14,24.62
43.82,3.89,2486,41.19,24.62
44.19,3.92,2556,41.26,24.62
43.81,3.64,2341,41.27,24.62
44.08,3.48,2266,41.25,24.62
44.0,2.24,1439,41.04,24.62
44.03,3.32,2130,41.0,24.63
44.24,3.06,1954,40.91,24.63
43.97,2.83,1793,40.79,24.63
44.13,2.22,1485,40.6,24.63
44.04,1.94,1239,40.37,24.63
44.02,3.13,1976,40.3,24.63
44.38,3.15,2027,40.24,24.63
43.82,2.51,1604,40.09,24.63
44.23,2.64,1694,39.96,24.63
44.14,2.85,1885,39.88,24.63
43.96,2.6,1660,39.75,24.64
44.28,2.39,1535,39.59,24.64
43.76,3.47,2289,39.62,24.64
43.96,1.98,1309,39.42,24.64
43.85,2.73,1741,39.32,24.64
44.1,3.29,2188,39.32,24.64
43.87,2.93,1951,39.27,24.64
44.1,3.25,2155,39.26,24.64
44.01,2.29,1505,39.11,24.64
43.96,2.04,1319,38.93,24.65
44.09,3.28,2081,38.92,24.65
43.99,2.18,1349,38.75,24.65
43.87,2.74,1777,38.67,24.65
44.45,1.84,1194,38.48,24.65
43.96,2.97,1920,38.44,24.65
43.7,2.58,1671,38.34,24.65
43.9,1.8,1240,38.16,24.65
43.84,2.66,1810,38.09,24.65
44.15,2.9,1833,38.04,24.66
44.08,1.66,1092,37.85,24.66
44.09,2.64,1716,37.77,24.66
43.97,2.59,1719,37.7,24.66
43.99,1.98,1375,37.55,24.66
43.97,3.02,2072,37.56,24.66
44.02,2.13,1421,37.43,24.66
44.15,1.91,1247,37.28,24.66
44.08,2.47,1590,37.19,24.66
44.1,2.77,1924,37.17,24.67
44.1,3.3,2104,37.2,24.67
44.16,1.78,1201,37.04,24.67
44.07,2.26,1454,36.93,24.67
44.08,1.6,976,36.75,24.67
44.2,3.13,2120,36.79,24.67
43.92,2.38,1460,36.69,24.67
43.9,3.89,2421,36.83,24.67
43.85,4.18,2751,37.06,24.67
44.05,3.43,2215,37.12,24.68
43.74,4.8,3139,37.47,24.68
44.09,4.64,3019,37.78,24.68
44.01,4.36,2862,38.02,24.68
44.19,3.58,2314,38.09,24.68
43.92,3.66,2422,38.19,24.68
43.99,4.15,2746,38.38,24.68
44.19,3.87,2596,38.52,24.68
44.23,4.45,2955,38.77,24.68
43.92,4.25,2756,38.96,24.69
44.05,4.65,3058,39.24,24.69
44.06,3.93,2575,39.36,24.69
44.07,4.18,2735,39.52,24.69
43.98,4.58,2910,39.75,24.69
44.21,4.08,2688,39.89,24.69
43.73,4.62,3035,40.15,24.69
43.95,3.61,2436,40.2,24.69
44.08,4.48,2972,40.42,24.69
44.09,4.74,3088,40.69,24.7
44.22,3.94,2558,40.77,24.7
44.2,4.0,2552,40.85,24.7
43.97,3.56,2402,40.88,24.7
44.21,4.22,2688,41.0,24.7
43.91,4.23,2654,41.12,24.7
44.15,3.66,2426,41.15,24.7
44.29,4.54,2953,41.35,24.7
44.2,4.62,3018,41.57,24.7
44.03,4.63,3018,41.78,24.71
43.96,4.23,2695,41.89,24.71
43.78,4.01,2622,41.96,24.71
44.06,4.6,2972,42.16,24.71
43.84,4.05,2612,42.22,24.71
43.89,4.17,2782,42.34,24.71
43.83,4.47,2947,42.51,24.71
43.94,3.85,2388,42.51,24.71
44.01,3.8,2482,42.53,24.71
44.05,3.44,2292,42.49,24.72
43.92,3.97,2519,42.53,24.72
44.17,4.09,2613,42.59,24.72
43.98,4.53,2992,42.77,24.72
43.89,4.13,2664,42.84,24.72
44.04,3.09,1909,42.71,24.72
44.3,2.26,1530,42.49,24.72
44.06,2.26,1462,42.26,24.72
43.95,2.45,1610,42.06,24.73
43.78,2.45,1592,41.87,24.73
43.97,2.54,1708,41.7,24.73
44.04,3.03,1918,41.59,24.73
43.95,2.5,1658,41.42,24.73
43.75,3.1,2082,41.35,24.73
43.88,2.87,1800,41.22,24.73
44.22,3.49,2231,41.2,24.73
44.22,2.68,1825,41.07,24.73
43.87,4.29,2842,41.23,24.74
44.1,3.45,2202,41.21,24.74
43.83,3.29,2081,41.15,24.74
44.21,2.26,1482,40.95,24.74
44.04,3.33,2178,40.92,24.74
44.14,3.07,1993,40.85,24.74
43.74,4.04,2743,40.97,24.74
44.1,3.9,2565,41.05,24.74
44.0,3.48,2220,41.03,24.74
44.13,3.7,2456,41.07,24.75
44.14,3.59,2335,41.08,24.75
44.01,2.47,1573,40.91,24.75
43.91,3.7,2448,40.95,24.75
44.12,2.65,1796,40.82,24.75
43.99,3.69,2408,40.86,24.75
43.87,2.27,1424,40.66,24.75
43.86,2.78,1814,40.55,24.75
43.78,3.2,2035,40.5,24.76
43.92,2.98,1946,40.42,24.76
44.16,3.62,2389,40.45,24.76
44.02,3.15,1947,40.38,24.76
43.92,4.25,2798,40.55,24.76
44.12,2.84,1826,40.44,24.76
43.87,2.57,1645,40.3,24.76
44.01,2.49,1552,40.14,24.76
43.97,3.53,2239,40.15,24.76
44.11,2.69,1838,40.05,24.77
43.76,2.37,1580,39.89,24.77
43.87,3.26,2186,39.88,24.77
43.75,1.89,1184,39.67,24.77
43.95,1.77,1242,39.46,24.77
44.17,2.76,1790,39.37,24.77
43.92,1.73,1082,39.15,24.77
43.91,2.23,1397,38.98,24.77
44.12,2.38,1493,38.84,24.78
44.15,2.63,1675,38.74,24.78
43.98,3.73,2377,38.82,24.78
44.09,1.98,1334,38.65,24.78
43.83,2.21,1568,38.52,24.78
44.2,1.78,1146,38.33,24.78
44.31,2.62,1692,38.24,24.78
44.07,2.86,1766,38.18,24.78
43.67,2.59,1637,38.08,24.78
43.9,2.02,1233,37.92,24.79
44.08,2.85,1896,37.88,24.79
43.92,2.42,1667,37.79,24.79
44.18,1.74,1080,37.61,24.79
44.07,2.34,1512,37.5,24.79
43.88,2.29,1475,37.39,24.79
43.99,3.32,2194,37.44,24.79
43.85,3.09,2014,37.44,24.79
43.96,2.94,2015,37.44,24.8
43.9,3.32,2120,37.48,24.8
44.16,3.14,2088,37.5,24.8
44.3,3.2,2051,37.52,24.8
43.77,1.51,901,37.31,24.8
43.69,2.27,1545,37.22,24.8
43.95,3.05,2077,37.24,24.8
43.75,2.68,1762,37.19,24.8
43.99,1.75,1108,37.02,24.81
44.09,2.1,1307,36.89,24.81
44.2,2.12,1408,36.77,24.81
44.01,2.02,1204,36.63,24.81
43.95,2.08,1397,36.52,24.81
43.68,2.55,1635,36.47,24.81
43.98,3.99,2574,36.65,24.81
43.99,4.54,2900,36.94,24.81
44.07,4.3,2722,37.17,24.81
43.87,3.68,2387,37.28,24.82
43.91,4.77,3113,37.63,24.82
43.76,4.66,3022,37.93,24.82
43.63,3.92,2604,38.09,24.82
43.81,4.1,2670,38.27,24.82
43.74,4.34,2855,38.5,24.82
44.03,4.54,2877,38.74,24.82
43.9,4.15,2677,38.91,24.82
43.89,4.49,2995,39.17,24.83
43.83,3.68,2438,39.25,24.83
43.49,4.12,2696,39.41,24.83
44.2,4.63,2991,39.66,24.83
43.82,4.62,2954,39.91,24.83
43.91,4.43,2855,40.11,24.83
43.75,4.78,3141,40.4,24.83
44.12,4.44,2786,40.57,24.83
43.99,4.4,2947,40.78,24.84
43.85,4.36,2897,40.97,24.84
43.91,4.22,2801,41.12,24.84
44.22,4.02,2645,41.22,24.84
43.96,4.36,2838,41.38,24.84
43.94,4.17,2729,41.5,24.84
43.83,3.75,2422,41.53,24.84
43.68,3.72,2522,41.58,24.84
43.94,4.83,3133,41.84,24.85
44.02,3.79,2437,41.87,24.85
44.13,3.54,2290,41.85,24.85
43.63,4.15,2661,41.95,24.85
43.8,3.89,2567,42.0,24.85
43.88,3.99,2567,42.07,24.85
43.97,3.59,2326,42.06,24.85
43.94,3.84,2560,42.11,24.85
43.95,4.44,2939,42.28,24.86
44.03,4.35,2774,42.4,24.86
43.83,3.58,2386,42.4,24.86
44.1,4.19,2653,42.48,24.86
44.03,4.21,2660,42.57,24.86
43.92,4.32,2793,42.69,24.86
44.2,4.13,2696,42.77,24.86
44.2,4.04,2614,42.83,24.86
44.1,3.13,2057,42.73,24.86
43.51,2.68,1722,42.55,24.87
44.2,3.75,2334,42.54,24.87
44.08,2.82,1820,42.39,24.87
44.26,3.33,2091,42.32,24.87
44.15,2.38,1545,42.11,24.87
44.2,3.5,2213,42.07,24.87
44.09,3.0,1979,41.97,24.87
44.16,2.9,1954,41.85,24.87
44.26,4.07,2559,41.92,24.88
43.99,3.0,1849,41.8,24.88
43.72,3.41,2199,41.76,24.88
43.91,3.46,2307,41.75,24.88
44.02,2.37,1550,41.56,24.88
43.97,3.75,2416,41.58,24.88
43.77,2.92,1842,41.46,24.88
43.71,3.76,2483,41.51,24.88
43.85,3.44,2315,41.5,24.89
44.08,2.81,1735,41.36,24.89
44.19,2.8,1835,41.23,24.89
44.09,3.58,2456,41.27,24.89
44.11,3.07,1967,41.18,24.89
43.94,3.5,2264,41.18,24.89
43.69,2.46,1596,41.01,24.89
43.89,3.66,2361,41.03,24.9
43.91,2.92,1955,40.94,24.9
43.88,3.49,2360,40.96,24.9
43.96,2.48,1530,40.78,24.9
44.02,2.91,1846,40.68,24.9
44.08,3.5,2336,40.7,24.9
43.91,2.75,1816,40.59,24.9
43.67,4.04,2650,40.7,24.9
43.88,3.59,2368,40.73,24.91
43.96,4.04,2633,40.84,24.91
44.13,2.99,1965,40.76,24.91
43.86,1.79,1147,40.52,24.91
44.03,1.71,1098,40.28,24.91
43.99,2.1,1361,40.08,24.91
43.96,2.34,1503,39.92,24.91
44.09,2.14,1415,39.74,24.91
43.85,1.78,1169,39.53,24.92
43.86,1.96,1182,39.32,24.92
43.95,2.96,1917,39.27,24.92
43.85,2.36,1538,39.13,24.92
44.02,2.71,1837,39.06,24.92
43.84,2.45,1578,38.93,24.92
43.98,2.62,1705,38.84,24.92
43.93,2.12,1371,38.68,24.92
43.98,2.42,1637,38.57,24.93
43.88,1.59,977,38.35,24.93
43.89,2.28,1444,38.22,24.93
43.96,2.54,1611,38.12,24.93
43.97,1.96,1273,37.96,24.93
43.94,2.08,1276,37.81,24.93
44.2,1.92,1324,37.66,24.93
43.79,1.72,1139,37.49,24.93
43.93,2.26,1501,37.38,24.94
43.71,3.31,2256,37.45,24.94
44.0,2.22,1423,37.33,24.94
43.77,2.56,1708,37.27,24.94
43.9,2.85,1884,37.25,24.94
43.88,2.54,1725,37.19,24.94
43.98,3.29,2175,37.25,24.94
43.86,3.31,2129,37.29,24.94
43.85,3.03,1992,37.3,24.95
44.15,3.52,2253,37.38,24.95
43.98,2.17,1385,37.25,24.95
43.85,2.71,1761,37.21,24.95
43.9,3.21,2079,37.24,24.95
44.18,2.65,1676,37.18,24.95
43.9,3.53,2181,37.25,24.95
43.83,1.64,1081,37.08,24.96
43.83,2.34,1538,36.99,24.96
43.85,3.34,2192,37.05,24.96
43.85,2.22,1536,36.96,24.96
43.74,2.91,1814,36.94,24.96
43.77,1.36,963,36.75,24.96
43.81,3.48,2389,36.87,24.96
44.02,4.2,2821,37.12,24.96
43.88,4.56,2949,37.41,24.97
43.9,4.05,2654,37.6,24.97
44.12,4.64,2978,37.9,24.97
44.13,4.35,2794,38.13,24.97
43.89,4.94,3200,38.49,24.97
43.84,3.77,2484,38.61,24.97
43.8,4.59,3024,38.89,24.97
44.03,4.28,2728,39.08,24.97
43.9,4.51,2857,39.31,24.98
43.87,4.67,3088,39.6,24.98
43.81,4.08,2673,39.74,24.98
43.81,4.71,3046,40.02,24.98
43.98,4.19,2811,40.19,24.98
43.73,4.33,2847,40.38,24.98
44.08,4.23,2710,40.53,24.98
43.85,3.54,2206,40.53,24.99
43.9,4.05,2661,40.65,24.99
43.73,4.83,3114,40.93,24.99
43.92,4.32,2801,41.09,24.99
43.88,4.43,2870,41.27,24.99
43.92,4.28,2853,41.44,24.99
44.15,3.99,2635,41.53,24.99
43.95,3.65,2370,41.55,24.99
43.81,3.84,2491,41.6,25.0
43.82,3.4,2225,41.57,25.0
44.01,4.25,2829,41.72,25.0
44.12,4.56,2966,41.92,25.0
43.97,3.86,2480,41.96,25.0
44.03,3.65,2312,41.96,25.0
44.01,4.08,2651,42.05,25.0
44.13,4.01,2545,42.11,25.0
43.63,4.13,2702,42.21,25.01
44.02,3.92,2573,42.27,25.01
44.07,3.97,2639,42.34,25.01
43.72,4.8,3108,42.58,25.01
43.79,3.97,2633,42.65,25.01
43.79,4.47,2983,42.83,25.01
43.81,4.24,2759,42.93,25.01
43.85,4.05,2747,43.02,25.02
43.95,4.54,3026,43.21,25.02
44.05,3.73,2403,43.2,25.02
44.08,2.2,1578,42.97,25.02
43.79,3.67,2384,42.96,25.02
43.79,2.79,1881,42.82,25.02
44.11,2.96,1953,42.69,25.02
44.01,2.88,1888,42.55,25.02
43.93,2.72,1830,42.4,25.03
43.99,4.03,2627,42.48,25.03
43.91,4.05,2628,42.55,25.03
43.99,3.39,2204,42.5,25.03
43.86,3.3,2087,42.42,25.03
43.95,2.44,1639,42.23,25.03
43.69,3.58,2296,42.22,25.03
43.81,3.25,2121,42.15,25.04
43.81,2.37,1539,41.95,25.04
43.86,2.69,1780,41.8,25.04
43.77,2.67,1734,41.65,25.04
43.83,2.53,1629,41.48,25.04
43.68,3.34,2193,41.45,25.04
43.99,3.95,2584,41.53,25.04
43.9,3.66,2323,41.54,25.05
43.65,3.13,2028,41.46,25.05
43.78,3.12,2092,41.4,25.05
43.96,2.96,2048,41.33,25.05
43.83,3.19,1989,41.25,25.05
43.8,2.66,1770,41.12,25.05
43.9,2.58,1684,40.97,25.05
43.96,3.35,2151,40.95,25.05
43.69,3.02,1940,40.86,25.06
43.99,2.08,1307,40.65,25.06
43.79,2.11,1301,40.45,25.06
43.9,2.79,1835,40.35,25.06
43.9,3.36,2272,40.36,25.06
43.83,2.71,1781,40.25,25.06
43.75,2.17,1420,40.07,25.06
43.86,2.76,1761,39.97,25.07
44.15,3.12,1980,39.92,25.07
43.7,1.53,995,39.67,25.07
44.16,3.61,2296,39.72,25.07
43.86,2.55,1714,39.61,25.07
43.91,2.65,1697,39.5,25.07
43.74,2.14,1352,39.33,25.07
43.79,2.91,2004,39.29,25.07
43.83,2.33,1577,39.16,25.08
43.74,2.1,1307,38.98,25.08
43.87,2.0,1256,38.81,25.08
43.84,3.37,2178,38.83,25.08
44.18,2.32,1502,38.7,25.08
43.73,2.63,1686,38.61,25.08
43.92,2.16,1472,38.48,25.08
43.94,1.82,1194,38.3,25.09
43.74,1.76,1143,38.11,25.09
44.0,1.92,1217,37.95,25.09
43.84,2.82,1780,37.9,25.09
43.52,2.27,1443,37.78,25.09
44.0,3.33,2121,37.82,25.09
43.73,2.88,1809,37.78,25.09
43.74,1.82,1236,37.62,25.1
44.0,2.53,1688,37.55,25.1
43.84,2.91,1872,37.53,25.1
44.03,2.62,1771,37.48,25.1
44.08,2.72,1799,37.44,25.1
43.8,3.0,1896,37.43,25.1
44.01,1.65,998,37.25,25.1
43.78,2.96,1940,37.24,25.11
44.23,1.99,1316,37.11,25.11
43.79,2.58,1611,37.05,25.11
44.05,2.0,1274,36.92,25.11
44.02,3.17,2105,36.96,25.11
43.94,2.4,1637,36.9,25.11
43.79,2.76,1796,36.87,25.11
43.87,3.24,2110,36.92,25.11
43.57,3.49,2244,37.01,25.12
43.92,2.94,1987,37.02,25.12
43.94,1.72,1148,36.87,25.12
43.91,3.2,2041,36.9,25.12
43.44,2.85,1892,36.9,25.12
43.7,2.71,1729,36.86,25.12
43.78,4.51,2887,37.15,25.12
43.93,4.29,2769,37.39,25.13
43.93,4.64,2975,37.69,25.13
43.86,3.82,2436,37.82,25.13
43.98,4.23,2677,38.02,25.13
43.73,4.15,2662,38.21,25.13
43.98,4.52,2914,38.47,25.13
43.96,3.7,2336,38.55,25.13
43.94,4.81,3154,38.89,25.14
43.86,3.94,2475,39.01,25.14
44.16,4.41,2849,39.23,25.14
43.96,3.93,2588,39.36,25.14
43.74,4.61,3054,39.64,25.14
43.92,4.18,2690,39.8,25.14
44.0,4.35,2879,40.01,25.14
43.8,4.34,2802,40.2,25.15
44.05,3.81,2587,40.3,25.15
43.94,3.69,2322,40.34,25.15
43.53,4.56,2914,40.56,25.15
43.93,3.92,2557,40.66,25.15
43.82,4.69,2982,40.9,25.15
43.96,4.3,2762,41.05,25.15
44.02,3.99,2618,41.15,25.16
43.91,4.13,2691,41.28,25.16
44.13,4.26,2765,41.42,25.16
43.85,4.43,2876,41.6,25.16
43.97,4.59,2859,41.79,25.16
44.0,3.75,2443,41.82,25.16
43.86,4.87,3132,42.09,25.16
43.99,4.02,2598,42.16,25.17
43.79,4.65,2946,42.36,25.17
43.81,3.79,2499,42.39,25.17
43.68,3.51,2311,42.37,25.17
43.91,4.22,2688,42.48,25.17
43.92,3.84,2507,42.52,25.17
44.05,4.77,3182,42.77,25.17
43.99,3.61,2356,42.76,25.18
43.83,3.55,2204,42.71,25.18
43.7,3.38,2171,42.65,25.18
43.94,3.77,2458,42.67,25.18
44.04,4.17,2813,42.79,25.18
43.99,4.15,2638,42.87,25.18
44.04,2.7,1747,42.7,25.18
43.84,4.02,2563,42.76,25.18
43.8,3.36,2230,42.71,25.19
43.76,3.57,2302,42.69,25.19
43.86,3.91,2407,42.7,25.19
43.86,3.28,2115,42.63,25.19
43.9,3.89,2520,42.67,25.19
43.85,3.53,2317,42.65,25.19
43.85,3.53,2304,42.62,25.19
43.75,2.55,1688,42.45,25.2
44.01,4.07,2642,42.53,25.2
43.88,3.69,2404,42.54,25.2
43.84,2.63,1709,42.37,25.2
43.76,3.48,2239,42.33,25.2
43.67,3.11,2050,42.25,25.2
44.06,3.59,2377,42.25,25.2
43.95,4.13,2682,42.35,25.21
43.62,2.43,1558,42.16,25.21
43.98,4.17,2654,42.25,25.21
44.0,2.38,1564,42.06,25.21
43.88,3.31,2099,42.0,25.21
44.1,3.08,2009,41.91,25.21
43.9,2.81,1836,41.78,25.21
43.65,3.25,2167,41.74,25.22
43.92,3.81,2544,41.8,25.22
43.9,3.05,1829,41.69,25.22
43.77,2.39,1544,41.5,25.22
43.95,3.65,2267,41.5,25.22
43.61,3.76,2501,41.56,25.22
44.01,4.15,2696,41.68,25.22
43.73,2.46,1654,41.51,25.23
43.71,4.1,2678,41.63,25.23
43.84,3.17,1991,41.55,25.23
43.93,2.68,1693,41.4,25.23
43.88,4.1,2658,41.51,25.23
43.75,2.67,1762,41.38,25.23
43.78,2.95,1918,41.28,25.24
43.69,3.42,2231,41.27,25.24
43.83,3.0,1933,41.18,25.24
44.02,1.7,1164,40.94,25.24
43.86,3.43,2234,40.94,25.24
43.99,2.27,1479,40.76,25.24
44.08,2.12,1391,40.56,25.24
43.77,2.18,1399,40.38,25.25
43.83,2.01,1291,40.18,25.25
44.18,3.42,2246,40.19,25.25
44.07,2.23,1485,40.03,25.25
43.6,2.59,1727,39.92,25.25
43.91,1.96,1265,39.72,25.25
43.85,3.21,2090,39.71,25.25
43.98,2.99,1911,39.65,25.26
43.74,1.98,1329,39.47,25.26
43.73,2.95,1871,39.41,25.26
43.75,3.02,1974,39.38,25.26
43.77,2.56,1711,39.28,25.26
43.97,2.75,1794,39.2,25.26
43.67,2.64,1734,39.11,25.26
43.76,1.6,1029,38.9,25.27
43.58,2.96,1830,38.85,25.27
44.0,2.37,1509,38.72,25.27
44.04,2.45,1596,38.62,25.27
43.8,3.23,2063,38.62,25.27
43.81,1.53,1018,38.42,25.27
43.92,1.95,1192,38.25,25.27
44.07,1.64,972,38.05,25.28
43.91,1.55,1039,37.86,25.28
43.74,2.0,1284,37.71,25.28
43.61,3.49,2283,37.79,25.28
43.68,1.92,1222,37.64,25.28
43.86,2.81,1856,37.61,25.28
43.75,1.78,1223,37.46,25.28
43.88,2.64,1785,37.42,25.29
43.76,3.54,2271,37.51,25.29
43.69,2.17,1389,37.39,25.29
43.67,3.08,2008,37.41,25.29
44.08,3.42,2316,37.5,25.29
43.98,2.54,1595,37.42,25.29
44.1,2.16,1347,37.3,25.29
43.92,3.54,2344,37.41,25.3
43.78,4.01,2573,37.58,25.3
44.04,3.95,2598,37.76,25.3
43.84,4.54,2920,38.04,25.3
43.88,4.59,3001,38.34,25.3
43.84,4.51,2907,38.6,25.3
43.4,4.0,2550,38.75,25.31
44.08,3.78,2464,38.86,25.31
43.91,4.5,2865,39.1,25.31
43.89,3.96,2594,39.24,25.31
43.83,3.95,2553,39.37,25.31
43.86,4.72,2999,39.65,25.31
43.75,4.73,3088,39.94,25.31
43.93,4.74,3097,40.23,25.32
43.64,4.73,2954,40.48,25.32
43.87,4.53,2941,40.71,25.32
43.92,4.44,2885,40.91,25.32
43.81,4.07,2648,41.03,25.32
43.89,4.59,2890,41.23,25.32
43.69,4.53,2959,41.45,25.32
43.69,3.84,2519,41.51,25.33
43.87,4.25,2715,41.65,25.33
43.94,3.62,2284,41.65,25.33
43.55,4.68,2992,41.87,25.33
43.91,4.29,2793,42.02,25.33
43.75,3.87,2454,42.06,25.33
43.81,3.81,2410,42.09,25.33
43.63,4.86,3200,42.37,25.34
43.71,4.3,2793,42.5,25.34
43.98,3.87,2501,42.54,25.34
43.84,4.14,2655,42.63,25.34
43.77,3.57,2300,42.61,25.34
43.81,3.73,2513,42.65,25.34
43.9,4.14,2730,42.75,25.35
43.9,4.12,2796,42.87,25.35
43.82,3.99,2615,42.93,25.35
43.99,4.48,2863,43.08,25.35
43.98,3.79,2477,43.1,25.35
43.89,4.72,3097,43.32,25.35
43.84,3.92,2577,43.37,25.35
43.93,3.65,2353,43.35,25.36
43.88,3.62,2443,43.34,25.36
43.99,3.31,2089,43.26,25.36
43.96,3.36,2204,43.19,25.36
43.67,3.03,1952,43.07,25.36
43.66,3.97,2542,43.12,25.36
43.72,3.16,2066,43.02,25.36
43.97,3.46,2314,42.99,25.37
43.59,2.56,1685,42.81,25.37
43.88,3.79,2479,42.84,25.37
43.88,3.04,1873,42.71,25.37
44.0,3.13,2081,42.62,25.37
43.85,2.93,1884,42.5,25.37
43.62,3.92,2577,42.56,25.38
43.68,4.17,2759,42.68,25.38
43.65,2.77,1811,42.53,25.38
43.74,3.71,2312,42.53,25.38
43.8,2.28,1555,42.32,25.38
43.65,2.33,1607,42.14,25.38
44.04,3.98,2629,42.22,25.38
43.62,2.37,1504,42.02,25.39
44.02,2.5,1683,41.86,25.39
44.0,3.42,2209,41.84,25.39
43.96,3.94,2559,41.91,25.39
43.72,2.56,1727,41.76,25.39
43.87,2.52,1673,41.6,25.39
43.63,2.28,1363,41.4,25.4
43.96,2.14,1404,41.2,25.4
43.81,2.62,1760,41.07,25.4
43.76,3.95,2502,41.15,25.4
43.63,2.32,1554,40.98,25.4
43.45,3.47,2174,40.97,25.4
43.66,3.99,2582,41.07,25.4
43.98,3.4,2237,41.07,25.41
43.76,2.25,1447,40.88,25.41
43.79,3.18,2124,40.85,25.41
43.91,4.12,2606,40.97,25.41
44.09,2.86,1902,40.88,25.41
44.01,2.1,1366,40.68,25.41
43.67,2.35,1488,40.52,25.41
43.52,2.64,1737,40.4,25.42
44.17,2.43,1574,40.26,25.42
44.15,2.47,1679,40.14,25.42
43.84,2.41,1596,40.0,25.42
43.62,2.56,1683,39.89,25.42
43.96,2.44,1554,39.75,25.42
43.8,2.65,1727,39.65,25.43
43.79,3.43,2201,39.68,25.43
43.95,2.89,1872,39.61,25.43
43.86,3.04,2039,39.59,25.43
43.63,2.72,1753,39.5,25.43
43.76,2.86,1785,39.43,25.43
43.91,2.62,1725,39.34,25.43
43.89,1.53,1035,39.12,25.44
43.85,3.67,2466,39.22,25.44
43.95,1.51,1026,39.0,25.44
43.75,2.23,1434,38.86,25.44
43.83,1.67,1101,38.67,25.44
43.3,1.64,1085,38.48,25.44
43.74,3.04,1998,38.47,25.45
43.92,2.38,1421,38.35,25.45
43.75,3.13,2006,38.35,25.45
43.74,2.14,1413,38.22,25.45
43.65,2.23,1506,38.1,25.45
43.96,1.97,1246,37.95,25.45
43.89,2.73,1751,37.9,25.45
43.93,2.95,1903,37.89,25.46
43.54,2.28,1472,37.78,25.46
43.78,2.24,1501,37.68,25.46
43.76,3.49,2234,37.76,25.46
43.76,1.78,1202,37.6,25.46
43.71,2.53,1719,37.55,25.46
43.75,2.44,1568,37.47,25.47
43.93,1.87,1192,37.32,25.47
43.51,2.01,1316,37.2,25.47
44.07,1.48,931,37.02,25.47
43.87,3.32,2153,37.08,25.47
43.79,2.81,1752,37.06,25.47
43.94,3.14,2086,37.1,25.47
43.58,2.53,1725,37.06,25.48
43.7,4.48,2878,37.35,25.48
43.78,3.53,2211,37.43,25.48
44.0,4.45,2941,37.72,25.48
43.79,3.74,2410,37.84,25.48
43.86,3.77,2418,37.97,25.48
43.71,3.68,2385,38.08,25.49
43.87,3.67,2321,38.17,25.49
44.05,4.8,3147,38.52,25.49
43.95,4.05,2569,38.68,25.49
43.78,4.71,3000,38.98,25.49
43.9,3.65,2311,39.05,25.49
43.88,3.94,2568,39.19,25.5
43.87,4.26,2682,39.37,25.5
43.96,3.9,2641,39.52,25.5
43.96,4.37,2822,39.73,25.5
43.77,4.23,2645,39.89,25.5
43.89,4.56,2914,40.13,25.5
43.74,4.21,2769,40.31,25.5
43.65,4.13,2751,40.47,25.51
43.75,3.83,2499,40.56,25.51
43.78,4.2,2735,40.72,25.51
43.54,4.55,2880,40.93,25.51
43.92,3.85,2574,41.02,25.51
43.38,3.88,2547,41.11,25.51
44.2,4.47,2923,41.32,25.52
44.01,4.82,3136,41.6,25.52
43.75,3.71,2438,41.64,25.52
43.79,4.67,2994,41.87,25.52
43.83,4.14,2737,42.0,25.52
43.7,4.23,2793,42.14,25.52
43.82,4.74,3075,42.38,25.52
43.77,4.27,2765,42.52,25.53
43.77,4.6,2881,42.69,25.53
43.81,4.29,2700,42.8,25.53
43.59,3.98,2615,42.87,25.53
43.79,4.38,2890,43.03,25.53
43.81,4.59,3038,43.23,25.53
43.8,4.51,2865,43.38,25.54
43.75,3.95,2684,43.45,25.54
43.95,4.06,2689,43.53,25.54
43.73,4.06,2612,43.59,25.54
43.82,4.41,2874,43.73,25.54
43.98,2.38,1462,43.49,25.54
43.77,3.12,1996,43.38,25.55
43.81,3.87,2544,43.42,25.55
43.77,3.7,2410,43.41,25.55
43.97,4.09,2745,43.51,25.55
43.74,2.17,1340,43.25,25.55
43.97,3.6,2333,43.23,25.55
43.76,3.09,1952,43.12,25.55
43.65,2.27,1554,42.91,25.56
43.88,3.75,2450,42.93,25.56
43.73,2.45,1591,42.73,25.56
43.87,2.45,1588,42.54,25.56
43.37,2.93,1864,42.42,25.56
43.78,3.65,2434,42.44,25.56
43.71,3.56,2322,42.44,25.57
43.62,2.81,1838,42.31,25.57
43.69,2.53,1672,42.14,25.57
43.69,2.54,1610,41.97,25.57
43.77,2.59,1785,41.83,25.57
43.57,3.95,2647,41.93,25.57
43.82,3.97,2578,42.01,25.58
43.98,4.18,2700,42.13,25.58
43.82,3.91,2574,42.21,25.58
43.9,4.02,2672,42.31,25.58
43.94,3.84,2584,42.37,25.58
43.96,4.15,2729,42.49,25.58
44.05,3.92,2556,42.55,25.59
43.7,3.26,2126,42.49,25.59
43.66,2.72,1673,42.33,25.59
43.89,3.27,2103,42.27,25.59
43.88,3.42,2244,42.24,25.59
43.89,3.27,2015,42.17,25.59
44.05,3.63,2371,42.19,25.59
43.77,3.49,2226,42.16,25.6
43.83,2.28,1560,41.98,25.6
43.62,2.98,1921,41.88,25.6
44.09,2.77,1786,41.75,25.6
43.72,3.33,2155,41.72,25.6
43.72,3.31,2152,41.68,25.6
43.72,2.17,1450,41.49,25.61
43.67,1.68,1072,41.23,25.61
43.66,2.66,1733,41.11,25.61
43.69,2.63,1749,40.99,25.61
43.56,1.58,1026,40.74,25.61
43.65,1.74,1165,40.51,25.61
44.06,2.51,1609,40.38,25.62
43.88,3.18,2084,40.36,25.62
43.9,3.21,2150,40.35,25.62
43.94,1.63,1087,40.12,25.62
44.04,2.22,1352,39.95,25.62
43.5,1.71,1137,39.74,25.62
43.58,2.37,1484,39.6,25.63
43.64,3.11,1978,39.57,25.63
43.69,3.08,2028,39.55,25.63
43.72,2.48,1563,39.43,25.63
43.7,1.53,936,39.21,25.63
43.8,2.38,1547,39.09,25.63
43.77,3.38,2164,39.12,25.63
43.65,1.8,1088,38.92,25.64
43.43,2.18,1443,38.79,25.64
43.61,2.93,1957,38.77,25.64
43.68,2.97,1978,38.75,25.64
43.72,3.35,2132,38.78,25.64
43.59,2.4,1579,38.68,25.64
43.69,2.42,1546,38.57,25.65
43.59,2.49,1556,38.48,25.65
43.74,3.49,2230,38.54,25.65
43.6,3.29,1998,38.55,25.65
43.63,3.27,2071,38.57,25.65
43.56,1.8,1098,38.39,25.65
43.73,3.11,2032,38.4,25.66
43.63,2.52,1653,38.32,25.66
43.89,1.52,902,38.11,25.66
43.82,1.7,1146,37.95,25.66
43.74,3.08,1969,37.95,25.66
43.64,2.23,1398,37.84,25.66
43.81,3.03,1883,37.83,25.67
43.86,2.88,1834,37.81,25.67
43.78,4.01,2598,37.99,25.67
43.99,4.29,2841,38.24,25.67
43.82,3.92,2544,38.39,25.67
43.89,3.91,2529,38.54,25.67
43.77,4.84,3178,38.9,25.68
43.85,4.34,2828,39.13,25.68
43.63,4.11,2596,39.29,25.68
43.68,4.39,2834,39.51,25.68
43.8,4.26,2739,39.7,25.68
43.8,3.6,2335,39.77,25.68
43.83,3.61,2320,39.82,25.69
43.91,4.34,2782,40.02,25.69
43.54,4.05,2704,40.18,25.69
43.6,3.39,2199,40.2,25.69
43.78,3.93,2579,40.32,25.69
43.64,3.72,2415,40.39,25.69
44.25,4.78,3145,40.69,25.69
43.82,3.73,2418,40.76,25.7
43.74,3.69,2445,40.82,25.7
43.67,4.07,2501,40.92,25.7
43.67,4.11,2677,41.06,25.7
43.75,4.27,2786,41.23,25.7
43.76,4.21,2754,41.38,25.7
43.68,4.29,2736,41.53,25.71
43.7,4.48,2875,41.73,25.71
43.95,3.87,2465,41.79,25.71
43.95,4.0,2625,41.89,25.71
43.78,4.58,3025,42.11,25.71
43.54,3.81,2393,42.15,25.71
43.82,4.07,2653,42.25,25.72
43.98,3.71,2369,42.27,25.72
43.95,3.44,2321,42.26,25.72
43.85,3.86,2536,42.32,25.72
43.95,3.55,2289,42.32,25.72
43.75,3.96,2569,42.39,25.72
43.83,4.07,2712,42.5,25.73
43.64,3.54,2304,42.49,25.73
43.78,4.19,2634,42.59,25.73
43.94,4.52,3014,42.8,25.73
43.65,4.22,2784,42.92,25.73
43.61,4.79,3085,43.16,25.73
43.75,4.46,2932,43.33,25.74
43.7,4.13,2657,43.41,25.74
43.84,3.77,2420,43.42,25.74
43.67,4.13,2676,43.5,25.74
43.99,2.26,1497,43.28,25.74
43.54,2.85,1879,43.14,25.74
43.92,2.28,1530,42.93,25.75
43.62,2.79,1839,42.8,25.75
43.47,2.82,1903,42.67,25.75
43.77,3.96,2662,42.76,25.75
43.7,3.23,2115,42.7,25.75
43.57,3.34,2157,42.64,25.75
43.48,3.0,1943,42.54,25.76
43.73,3.43,2134,42.49,25.76
43.88,3.92,2548,42.56,25.76
43.82,2.92,1865,42.44,25.76
43.74,4.06,2603,42.52,25.76
43.8,2.57,1669,42.36,25.76
43.73,3.9,2428,42.4,25.77
43.52,2.19,1416,42.19,25.77
43.52,3.29,2146,42.15,25.77
43.7,4.07,2571,42.23,25.77
43.71,3.48,2328,42.23,25.77
43.86,3.22,2115,42.18,25.77
43.84,3.39,2267,42.16,25.78
43.82,2.72,1790,42.03,25.78
43.69,2.33,1530,41.85,25.78
43.52,2.58,1751,41.71,25.78
43.79,2.46,1667,41.56,25.78
43.81,3.98,2687,41.68,25.78
43.37,3.85,2499,41.75,25.79
43.6,2.87,1823,41.64,25.79
43.62,3.94,2500,41.72,25.79
43.74,2.58,1626,41.56,25.79
43.61,2.5,1656,41.42,25.79
43.72,3.75,2573,41.5,25.79
43.69,2.91,1964,41.42,25.8
43.7,2.98,1927,41.34,25.8
43.62,1.63,1095,41.1,25.8
43.63,2.09,1332,40.9,25.8
43.56,2.51,1608,40.76,25.8
43.78,2.54,1602,40.63,25.8
43.81,2.62,1656,40.51,25.81
43.61,3.39,2229,40.52,25.81
43.95,3.34,2244,40.54,25.81
43.67,1.74,1185,40.32,25.81
43.95,2.03,1394,40.15,25.81
43.62,3.1,2055,40.13,25.81
43.42,3.0,1951,40.08,25.82
43.78,2.02,1286,39.9,25.82
43.76,2.95,1948,39.86,25.82
43.72,2.7,1669,39.76,25.82
43.62,2.45,1563,39.64,25.82
43.71,1.94,1223,39.46,25.82
43.64,3.21,2147,39.47,25.83
43.67,2.9,1814,39.41,25.83
43.84,1.87,1259,39.24,25.83
43.74,2.88,1891,39.2,25.83
43.81,2.94,1932,39.17,25.83
43.68,3.24,2083,39.18,25.83
43.66,1.86,1136,39.0,25.84
43.54,3.51,2308,39.07,25.84
43.66,1.72,1164,38.89,25.84
43.22,2.62,1730,38.82,25.84
43.63,2.86,1854,38.78,25.84
43.7,2.31,1447,38.66,25.84
43.8,2.46,1565,38.56,25.85
43.67,3.11,2044,38.57,25.85
43.77,2.74,1740,38.52,25.85
43.39,2.66,1682,38.45,25.85
43.7,1.58,954,38.25,25.85
43.46,1.69,1125,38.09,25.85
43.53,1.78,1180,37.93,25.86
43.68,3.36,2241,38.0,25.86
43.9,3.01,1848,37.99,25.86
43.77,3.56,2371,38.1,25.86
43.71,1.34,929,37.9,25.86
43.71,3.0,2012,37.92,25.86
43.6,1.62,1056,37.75,25.87
43.63,4.61,3010,38.07,25.87
43.77,4.01,2617,38.26,25.87
43.5,4.69,3006,38.57,25.87
43.8,4.56,2923,38.85,25.87
43.65,4.48,2925,39.12,25.87
43.83,3.94,2547,39.26,25.88
43.85,4.02,2647,39.42,25.88
43.46,3.57,2304,39.49,25.88
43.62,3.67,2314,39.56,25.88
43.58,4.26,2698,39.75,25.88
43.43,4.47,2869,39.98,25.88
43.55,3.87,2550,40.1,25.89
44.07,3.97,2553,40.22,25.89
43.8,4.05,2644,40.37,25.89
43.99,4.64,2935,40.62,25.89
43.83,3.84,2507,40.71,25.89
43.59,3.91,2540,40.82,25.89
43.65,4.74,3140,41.11,25.9
43.79,3.58,2332,41.14,25.9
43.77,4.32,2844,41.33,25.9
43.61,4.4,2961,41.55,25.9
43.47,4.05,2638,41.66,25.9
44.19,4.1,2742,41.8,25.91
43.68,4.63,3017,42.04,25.91
43.65,3.55,2283,42.04,25.91
43.72,3.75,2434,42.09,25.91
43.66,4.05,2605,42.18,25.91
43.72,3.91,2519,42.25,25.91
43.89,4.29,2762,42.39,25.92
43.68,4.57,2956,42.6,25.92
43.52,4.77,3135,42.86,25.92
43.67,3.9,2451,42.89,25.92
43.63,3.89,2541,42.95,25.92
43.91,3.65,2379,42.96,25.92
43.87,4.81,3195,43.22,25.93
43.71,4.07,2629,43.3,25.93
43.5,4.2,2789,43.42,25.93
43.51,4.44,2840,43.57,25.93
43.7,4.14,2669,43.65,25.93
43.74,3.63,2383,43.64,25.93
43.64,4.09,2689,43.73,25.94
43.62,4.38,2835,43.86,25.94
43.6,3.63,2372,43.85,25.94
43.69,4.07,2635,43.91,25.94
43.33,4.1,2703,43.99,25.94
43.53,3.88,2514,44.02,25.94
43.6,3.07,1983,43.9,25.95
43.87,3.61,2399,43.89,25.95
43.57,2.64,1724,43.71,25.95
43.72,2.3,1529,43.49,25.95
43.72,2.29,1612,43.29,25.95
43.88,2.71,1660,43.12,25.95
43.88,2.23,1397,42.89,25.96
43.68,4.01,2557,42.96,25.96
43.62,2.99,1898,42.84,25.96
43.59,3.6,2411,42.86,25.96
43.65,4.18,2584,42.94,25.96
43.62,4.28,2806,43.08,25.97
43.77,4.2,2652,43.18,25.97
43.75,3.7,2404,43.19,25.97
43.78,3.08,2018,43.09,25.97
43.87,3.37,2236,43.05,25.97
43.97,3.67,2374,43.06,25.97
43.7,4.01,2598,43.13,25.98
43.85,3.97,2478,43.18,25.98
43.63,3.91,2654,43.25,25.98
43.86,3.18,2080,43.17,25.98
43.84,4.13,2706,43.27,25.98
43.83,4.27,2828,43.41,25.98
43.7,3.12,2024,43.31,25.99
43.58,3.46,2271,43.28,25.99
43.47,3.56,2350,43.27,25.99
43.68,2.94,1834,43.14,25.99
43.91,3.91,2571,43.2,25.99
43.63,2.59,1787,43.04,25.99
43.8,3.07,2085,42.96,26.0
43.81,3.18,2147,42.9,26.0
43.64,3.84,2592,42.97,26.0
43.88,2.82,1770,42.82,26.0
43.24,3.16,2025,42.74,26.0
43.5,2.95,1869,42.63,26.0
43.54,2.41,1739,42.47,26.01
43.56,2.57,1680,42.32,26.01
43.73,2.31,1432,42.12,26.01
43.72,3.39,2148,42.09,26.01
43.74,3.19,2081,42.03,26.01
43.77,2.19,1353,41.83,26.02
43.53,1.85,1293,41.61,26.02
43.49,1.74,1173,41.37,26.02
43.73,2.21,1452,41.2,26.02
43.58,2.57,1616,41.06,26.02
43.44,2.78,1741,40.95,26.02
43.82,2.17,1426,40.78,26.03
43.88,2.97,1937,40.72,26.03
43.91,3.54,2237,40.75,26.03
43.7,2.82,1830,40.66,26.03
43.77,1.74,1131,40.45,26.03
43.88,2.73,1810,40.36,26.03
43.58,2.58,1785,40.27,26.04
43.84,3.25,2005,40.25,26.04
43.71,2.1,1403,40.09,26.04
43.81,2.18,1385,39.93,26.04
43.7,2.7,1773,39.85,26.04
43.86,2.44,1594,39.74,26.04
43.7,2.89,1900,39.69,26.05
43.45,1.73,1062,39.49,26.05
43.89,2.62,1751,39.41,26.05
43.53,1.85,1207,39.24,26.05
43.86,2.16,1474,39.11,26.05
43.65,2.88,1953,39.09,26.06
43.84,1.76,1156,38.91,26.06
43.84,2.23,1501,38.8,26.06
43.73,2.94,1954,38.78,26.06
43.74,2.78,1871,38.75,26.06
43.73,1.71,1177,38.58,26.06
43.36,2.58,1621,38.51,26.07
43.68,1.77,1161,38.34,26.07
43.5,2.0,1230,38.2,26.07
43.69,2.37,1512,38.11,26.07
43.49,1.87,1194,37.96,26.07
43.49,4.56,2993,38.27,26.07
43.9,4.49,2904,38.55,26.08
43.82,4.71,3055,38.88,26.08
43.66,4.49,2971,39.16,26.08
43.69,4.22,2789,39.38,26.08
43.62,4.72,3082,39.69,26.08
43.75,4.37,2878,39.93,26.09
43.56,3.92,2583,40.07,26.09
43.81,3.96,2675,40.22,26.09
43.62,4.45,2881,40.45,26.09
43.6,3.76,2405,40.53,26.09
43.66,4.22,2750,40.7,26.09
43.57,4.2,2684,40.86,26.1
43.71,4.24,2739,41.03,26.1
43.58,4.2,2755,41.2,26.1
43.73,4.1,2641,41.33,26.1
43.84,3.77,2441,41.4,26.1
43.55,4.57,2956,41.63,26.1
43.64,4.44,2866,41.82,26.11
43.73,4.74,3029,42.07,26.11
43.59,3.92,2599,42.17,26.11
43.73,4.3,2861,42.34,26.11
43.74,4.35,2878,42.51,26.11
43.82,4.01,2652,42.61,26.12
43.56,4.59,2960,42.82,26.12
43.51,3.48,2272,42.8,26.12
43.61,4.21,2696,42.92,26.12
43.51,4.36,2827,43.07,26.12
43.74,4.27,2770,43.2,26.12
43.48,4.19,2653,43.3,26.13
44.0,3.68,2398,43.31,26.13
43.85,4.47,2878,43.47,26.13
43.65,4.04,2636,43.55,26.13
43.78,4.09,2649,43.63,26.13
43.41,3.97,2598,43.69,26.13
44.03,4.14,2727,43.79,26.14
43.56,4.4,2800,43.92,26.14
43.63,4.48,2895,44.07,26.14
43.37,4.16,2668,44.15,26.14
43.72,3.83,2549,44.18,26.14
43.48,4.24,2843,44.3,26.15
43.66,4.29,2790,44.41,26.15
43.57,3.72,2436,44.41,26.15
43.49,3.54,2230,44.35,26.15
43.53,3.34,2183,44.28,26.15
43.68,3.08,1987,44.16,26.15
43.45,3.3,2213,44.09,26.16
43.53,3.89,2517,44.12,26.16
43.75,3.56,2270,44.08,26.16
44.04,3.61,2279,44.05,26.16
43.72,4.12,2690,44.13,26.16
43.51,3.51,2256,44.08,26.16
43.59,2.16,1466,43.85,26.17
43.65,3.41,2250,43.8,26.17
43.59,3.36,2182,43.74,26.17
43.78,2.31,1533,43.53,26.17
43.68,2.97,2019,43.43,26.17
43.78,3.47,2195,43.38,26.18
43.59,3.76,2409,43.4,26.18
43.84,3.95,2667,43.48,26.18
43.62,3.89,2493,43.52,26.18
43.5,2.36,1567,43.32,26.18
43.97,3.42,2280,43.29,26.18
43.37,3.48,2258,43.26,26.19
43.53,2.86,1891,43.14,26.19
43.55,2.71,1747,42.99,26.19
44.02,2.48,1702,42.83,26.19
43.91,2.48,1590,42.65,26.19
43.86,3.77,2404,42.68,26.19
43.59,2.65,1766,42.54,26.2
44.0,2.76,1829,42.42,26.2
43.69,2.49,1628,42.26,26.2
43.78,3.73,2429,42.3,26.2
43.66,2.53,1618,42.14,26.2
43.63,2.34,1482,41.96,26.21
43.6,3.11,1989,41.9,26.21
43.6,2.71,1779,41.78,26.21
43.73,3.15,2040,41.73,26.21
43.69,2.78,1732,41.61,26.21
43.63,2.66,1710,41.49,26.21
43.86,2.82,1819,41.39,26.22
43.19,2.64,1744,41.28,26.22
43.71,1.76,1158,41.05,26.22
43.74,1.95,1352,40.87,26.22
43.8,2.64,1670,40.75,26.22
43.62,1.47,984,40.51,26.23
43.66,2.88,1906,40.46,26.23
43.78,2.81,1842,40.39,26.23
43.85,1.88,1207,40.19,26.23
43.59,2.74,1748,40.11,26.23
43.67,2.64,1717,40.02,26.23
43.88,2.02,1224,39.84,26.24
43.31,2.3,1450,39.71,26.24
43.53,3.06,1943,39.68,26.24
43.85,2.26,1496,39.56,26.24
43.79,2.87,1894,39.52,26.24
43.71,1.67,1030,39.32,26.25
43.56,1.58,959,39.11,26.25
43.49,1.64,992,38.92,26.25
43.54,3.13,2081,38.94,26.25
43.86,2.19,1467,38.82,26.25
43.53,2.05,1364,38.69,26.25
43.64,2.98,2015,38.7,26.26
43.51,1.89,1316,38.56,26.26
43.75,1.96,1225,38.41,26.26
43.54,2.28,1465,38.31,26.26
43.61,2.28,1521,38.22,26.26
43.37,2.52,1500,38.13,26.26
43.38,2.12,1363,38.02,26.27
43.62,2.28,1528,37.93,26.27
43.42,3.31,2135,38.0,26.27
43.94,3.18,2104,38.04,26.27
43.31,3.17,1959,38.06,26.27
43.5,3.09,2023,38.09,26.28
43.62,2.68,1721,38.05,26.28
43.57,2.97,1922,38.06,26.28
43.45,2.42,1525,37.98,26.28
43.48,3.0,2029,38.0,26.28
43.47,2.69,1749,37.97,26.28
43.58,2.02,1318,37.85,26.29
43.91,4.0,2704,38.07,26.29
43.63,3.65,2327,38.18,26.29
43.8,3.92,2555,38.35,26.29
43.69,3.89,2492,38.51,26.29
43.78,4.15,2660,38.71,26.3
43.2,4.48,2926,38.99,26.3
43.57,4.23,2736,39.2,26.3
43.81,4.5,3025,39.5,26.3
43.53,4.25,2852,39.73,26.3
43.88,3.9,2524,39.86,26.3
43.84,4.0,2522,39.99,26.31
43.54,3.5,2263,40.04,26.31
43.54,4.69,3102,40.35,26.31
43.46,4.73,3031,40.64,26.31
43.52,3.59,2410,40.71,26.31
43.43,4.25,2791,40.9,26.32
43.68,4.6,2933,41.14,26.32
43.39,4.36,2800,41.33,26.32
43.7,4.13,2659,41.47,26.32
43.71,3.74,2393,41.53,26.32
43.36,3.75,2379,41.58,26.32
43.84,4.43,2848,41.78,26.33
43.69,4.43,2859,41.97,26.33
43.72,4.19,2789,42.13,26.33
43.5,3.76,2464,42.19,26.33
43.7,4.68,3069,42.44,26.33
43.78,4.56,2979,42.66,26.34
43.59,3.79,2424,42.7,26.34
43.91,3.65,2428,42.73,26.34
43.61,4.28,2758,42.87,26.34
43.78,3.62,2334,42.88,26.34
43.65,3.82,2504,42.93,26.34
43.69,3.56,2437,42.95,26.35
43.36,4.66,2999,43.17,26.35
43.66,4.68,2963,43.38,26.35
43.5,3.59,2350,43.38,26.35
43.48,4.5,2960,43.56,26.35
43.87,4.41,2846,43.72,26.36
43.57,3.92,2520,43.76,26.36
43.45,4.54,2888,43.93,26.36
43.55,4.38,2863,44.07,26.36
43.41,4.66,3124,44.3,26.36
43.82,4.01,2691,44.37,26.36
43.5,2.49,1631,44.17,26.37
43.68,3.61,2328,44.15,26.37
43.81,2.2,1448,43.91,26.37
43.53,3.34,2156,43.85,26.37
43.68,3.11,1988,43.75,26.37
43.45,3.02,1969,43.64,26.38
43.97,3.27,2189,43.58,26.38
43.74,3.85,2491,43.62,26.38
43.57,3.55,2297,43.6,26.38
43.48,2.17,1398,43.37,26.38
43.58,3.74,2471,43.4,26.38
43.55,3.95,2607,43.48,26.39
43.89,2.17,1356,43.25,26.39
43.41,2.87,1857,43.12,26.39
43.62,3.73,2479,43.16,26.39
43.59,3.22,2076,43.09,26.39
43.58,3.56,2383,43.1,26.4
43.58,3.07,2029,43.02,26.4
43.58,4.11,2758,43.15,26.4
43.73,4.13,2672,43.25,26.4
43.69,2.96,1957,43.15,26.4
43.66,3.01,1994,43.06,26.4
43.14,3.02,2019,42.97,26.41
43.64,2.29,1506,42.78,26.41
43.35,2.99,2001,42.69,26.41
43.69,3.71,2381,42.72,26.41
43.81,3.92,2548,42.8,26.41
43.45,3.97,2504,42.86,26.42
43.55,2.28,1467,42.66,26.42
43.5,3.74,2390,42.7,26.42
43.78,3.38,2211,42.67,26.42
43.61,2.67,1785,42.54,26.42
43.85,3.13,2061,42.48,26.43
43.65,3.99,2632,42.58,26.43
43.63,2.95,1924,42.49,26.43
43.6,2.37,1536,42.31,26.43
43.71,3.15,1992,42.25,26.43
43.33,2.14,1293,42.04,26.43
43.6,1.68,1019,41.78,26.44
43.58,3.17,2025,41.74,26.44
43.7,1.57,1065,41.49,26.44
43.56,3.38,2133,41.48,26.44
43.43,2.27,1435,41.31,26.44
43.59,2.37,1515,41.16,26.45
43.42,1.89,1294,40.97,26.45
43.3,3.1,2012,40.93,26.45
43.69,3.09,2015,40.9,26.45
43.67,3.46,2273,40.93,26.45
43.65,2.99,2012,40.89,26.45
43.78,1.93,1256,40.7,26.46
43.48,2.01,1218,40.51,26.46
43.37,2.55,1663,40.4,26.46
43.57,2.61,1767,40.32,26.46
43.53,3.26,2150,40.33,26.46
43.46,2.22,1455,40.19,26.47
43.57,2.87,1883,40.14,26.47
43.49,3.45,2148,40.17,26.47
43.31,1.74,1029,39.96,26.47
43.51,3.26,2163,39.98,26.47
43.41,2.2,1497,39.85,26.47
43.62,2.97,1898,39.82,26.48
43.48,2.06,1349,39.67,26.48
43.75,2.27,1506,39.55,26.48
43.82,1.67,1166,39.37,26.48
43.68,3.43,2223,39.42,26.48
43.35,2.93,1942,39.4,26.49
43.8,1.54,1101,39.22,26.49
43.81,3.61,2333,39.31,26.49
43.58,2.7,1755,39.25,26.49
43.78,3.38,2143,39.29,26.49
43.49,1.72,1067,39.11,26.5
43.3,2.3,1542,39.01,26.5
43.46,2.85,1914,38.99,26.5
43.83,1.6,1097,38.82,26.5
43.35,2.41,1518,38.72,26.5
43.57,2.43,1567,38.64,26.5
43.58,1.9,1257,38.5,26.51
43.5,4.53,2831,38.77,26.51
43.51,4.6,3014,39.08,26.51
43.58,4.1,2758,39.3,26.51
43.49,4.7,3111,39.63,26.51
43.36,4.16,2586,39.8,26.52
43.6,4.49,2937,40.06,26.52
43.73,4.78,3116,40.38,26.52
43.7,4.58,2994,40.65,26.52
43.45,4.08,2657,40.81,26.52
43.38,3.52,2273,40.85,26.52
43.53,4.49,2805,41.06,26.53
43.8,4.73,3087,41.35,26.53
43.67,4.02,2646,41.49,26.53
43.67,3.95,2540,41.59,26.53
43.7,4.22,2806,41.77,26.53
43.63,4.5,2843,41.97,26.54
43.59,3.55,2218,41.97,26.54
43.67,4.76,3098,42.25,26.54
43.49,4.7,3024,42.49,26.54
43.35,4.23,2799,42.65,26.54
43.67,3.53,2275,42.65,26.55
43.75,4.4,2927,42.85,26.55
43.4,3.66,2344,42.86,26.55
43.69,4.05,2638,42.96,26.55
43.82,3.67,2287,42.97,26.55
43.56,4.32,2804,43.12,26.55
43.44,3.96,2575,43.2,26.56
43.58,4.64,3074,43.43,26.56
43.48,4.55,2883,43.61,26.56
43.47,4.77,3089,43.85,26.56
43.63,4.01,2680,43.93,26.56
43.32,3.6,2416,43.94,26.57
43.35,3.82,2442,43.96,26.57
43.56,3.37,2153,43.9,26.57
43.56,3.85,2419,43.92,26.57
43.61,4.09,2554,43.98,26.57
43.84,4.22,2721,44.09,26.58
43.58,3.43,2200,44.04,26.58
43.65,4.05,2733,44.14,26.58
43.41,4.23,2766,44.25,26.58
43.67,3.78,2448,44.26,26.58
43.48,4.55,2992,44.45,26.58
43.57,4.07,2696,44.53,26.59
43.54,3.47,2317,44.49,26.59
43.71,3.24,2120,44.41,26.59
43.36,4.09,2658,44.49,26.59
43.21,3.56,2322,44.46,26.59
43.52,3.99,2588,44.51,26.6
43.63,3.6,2313,44.48,26.6
43.58,2.49,1669,44.29,26.6
43.74,2.82,1824,44.14,26.6
43.62,3.49,2215,44.09,26.6
43.47,3.12,2027,44.0,26.61
43.21,2.97,1967,43.88,26.61
43.52,2.32,1435,43.67,26.61
43.71,3.93,2543,43.72,26.61
43.49,4.11,2632,43.81,26.61
43.56,3.12,2138,43.74,26.61
43.62,3.58,2331,43.73,26.62
43.4,2.61,1776,43.58,26.62
43.64,3.24,2120,43.51,26.62
43.8,3.14,2056,43.44,26.62
43.52,3.5,2272,43.42,26.62
43.38,3.27,2116,43.36,26.63
43.54,3.3,2139,43.31,26.63
43.22,2.79,1781,43.17,26.63
43.6,2.38,1546,42.99,26.63
43.62,4.01,2524,43.06,26.63
43.8,2.28,1492,42.87,26.64
43.52,2.85,1789,42.75,26.64
43.61,3.12,2033,42.68,26.64
43.42,2.76,1808,42.56,26.64
43.49,3.18,2141,42.52,26.64
43.32,3.15,2065,42.47,26.64
43.52,2.64,1702,42.34,26.65
43.5,2.48,1582,42.18,26.65
43.59,2.32,1547,42.02,26.65
43.45,3.3,2143,42.0,26.65
43.56,3.22,2058,41.96,26.65
43.49,3.23,2109,41.93,26.66
43.49,3.26,2028,41.89,26.66
43.56,3.14,2046,41.85,26.66
43.55,2.36,1496,41.68,26.66
43.66,1.7,1086,41.45,26.66
43.52,2.07,1447,41.28,26.67
43.49,3.0,1927,41.23,26.67
43.51,1.96,1315,41.04,26.67
43.43,2.53,1696,40.93,26.67
43.49,2.66,1770,40.84,26.67
43.85,2.67,1753,40.75,26.67
43.4,3.4,2151,40.77,26.68
43.5,2.84,1813,40.7,26.68
43.48,3.05,1923,40.66,26.68
43.5,2.68,1721,40.57,26.68
43.49,2.95,1902,40.52,26.68
43.58,2.12,1333,40.36,26.69
43.28,1.97,1311,40.19,26.69
43.69,3.5,2252,40.25,26.69
43.63,2.81,1806,40.18,26.69
43.35,2.9,1807,40.13,26.69
43.2,2.24,1462,40.0,26.7
43.39,2.08,1345,39.85,26.7
43.5,2.59,1652,39.76,26.7
43.92,1.68,1113,39.58,26.7
43.62,2.51,1640,39.49,26.7
43.26,2.53,1673,39.42,26.71
43.43,2.71,1790,39.37,26.71
43.53,2.83,1875,39.34,26.71
43.57,3.48,2345,39.43,26.71
43.34,2.68,1746,39.37,26.71
43.51,3.41,2168,39.42,26.71
43.42,2.74,1758,39.37,26.72
43.37,2.62,1680,39.3,26.72
43.57,1.69,1050,39.12,26.72
43.65,1.71,987,38.93,26.72
43.66,2.84,1860,38.91,26.72
43.62,2.19,1428,38.8,26.73
43.46,3.11,2115,38.84,26.73
43.64,2.6,1786,38.8,26.73
43.58,3.26,2153,38.85,26.73
43.55,4.8,3145,39.22,26.73
43.44,3.99,2555,39.38,26.74
43.45,3.4,2223,39.44,26.74
43.54,4.19,2720,39.65,26.74
43.89,4.77,3107,39.98,26.74
43.57,3.67,2345,40.07,26.74
43.43,3.61,2369,40.15,26.74
43.4,4.19,2657,40.33,26.75
43.45,3.72,2571,40.46,26.75
43.85,3.99,2668,40.62,26.75
43.47,4.57,3035,40.9,26.75
43.66,3.78,2392,40.98,26.75
43.47,4.38,2765,41.18,26.76
43.56,4.33,2826,41.38,26.76
43.64,4.73,3059,41.66,26.76
43.44,4.85,3200,41.98,26.76
43.43,4.12,2707,42.13,26.76
43.77,4.16,2700,42.27,26.77
43.67,4.56,3037,42.51,26.77
43.64,3.81,2489,42.58,26.77
43.64,3.59,2347,42.61,26.77
43.59,4.81,3179,42.9,26.77
43.82,3.99,2558,42.98,26.78
43.53,3.47,2306,42.98,26.78
43.61,4.66,3056,43.22,26.78
43.3,4.19,2675,43.34,26.78
43.4,3.56,2411,43.36,26.78
43.34,3.66,2357,43.37,26.78
43.71,3.87,2436,43.41,26.79
43.14,4.83,3102,43.67,26.79
43.46,4.78,3053,43.9,26.79
43.07,3.97,2590,43.97,26.79
43.39,4.6,3073,44.19,26.79
43.44,4.09,2671,44.28,26.8
43.72,4.46,2981,44.46,26.8
43.58,4.02,2664,44.53,26.8
43.39,4.11,2539,44.59,26.8
43.67,3.93,2600,44.64,26.8
43.52,3.52,2257,44.6,26.81
43.52,3.65,2398,44.59,26.81
43.33,3.93,2555,44.64,26.81
43.36,4.71,3198,44.88,26.81
43.39,3.51,2306,44.84,26.81
43.52,2.73,1801,44.68,26.82
43.52,3.15,2099,44.59,26.82
43.74,3.19,1999,44.48,26.82
43.57,3.22,2149,44.41,26.82
43.11,2.66,1720,44.24,26.82
43.55,3.28,2098,44.16,26.82
43.29,2.95,1956,44.05,26.83
43.37,2.68,1669,43.88,26.83
43.39,3.35,2223,43.84,26.83
43.41,2.52,1627,43.66,26.83
43.3,4.1,2662,43.76,26.83
43.54,4.04,2512,43.82,26.84
43.3,3.62,2400,43.83,26.84
43.56,2.73,1787,43.69,26.84
43.84,3.49,2242,43.66,26.84
43.31,3.35,2133,43.61,26.84
43.46,3.14,2078,43.54,26.85
43.13,2.91,1909,43.43,26.85
43.46,2.57,1668,43.27,26.85
43.6,2.58,1628,43.11,26.85
43.61,3.35,2195,43.08,26.85
43.52,4.01,2618,43.18,26.86
43.64,2.99,2010,43.1,26.86
43.89,2.53,1584,42.93,26.86
43.76,2.08,1316,42.71,26.86
43.42,3.03,2064,42.66,26.86
43.29,2.71,1770,42.53,26.87
43.44,2.75,1803,42.42,26.87
43.36,2.69,1800,42.31,26.87
43.57,3.46,2337,42.34,26.87
43.32,3.39,2148,42.32,26.87
43.49,3.97,2691,42.45,26.87
43.63,3.57,2320,42.47,26.88
43.49,2.65,1738,42.35,26.88
43.36,3.67,2389,42.39,26.88
